filename,a,b,c,d,e,f
sample_0000.png,-0.3936599335923189,-0.5809300592056077,-0.06241556653173359,-0.08939986259861317,0.6612088437128314,-0.24179939953042226
sample_0001.png,0.05209208531490068,0.20472992236162282,0.19700994804304509,-0.5257298998423232,-0.36715882586958304,0.7108879116339479
sample_0002.png,0.23380658769041393,-0.21316312109878885,0.2068139570027578,0.43991629978571195,0.5124100903454126,-0.6332720576812961
sample_0003.png,-0.026799943541864543,0.08802874340596545,0.08708011818158745,-0.7535835004400319,-0.38816648419928135,0.5151586598193975
sample_0004.png,0.0880056091600655,-0.2542830348140986,-0.05482467313947207,-0.4783460281718769,-0.6150222794915339,0.5634909752946142
sample_0005.png,0.2687532097942945,-0.13053579659010367,-0.21132122836717446,-0.553065381271329,0.4642347465367515,-0.587094745865092
sample_0006.png,0.2616613325448347,0.23639826659245236,0.15786349815052958,0.4869404689118511,-0.2986425902319998,-0.7241753279351979
sample_0007.png,0.18238704956998233,-0.37054313451310794,-0.18381998867764793,-0.5159813127890226,-0.5059075389896691,-0.5229376714512354
sample_0008.png,0.42173017138947716,0.34057783982620976,-0.21234914691473497,-0.500930155630452,0.6400325114154454,-0.022036353486642558
sample_0009.png,0.192457608845524,-0.11045157111571535,0.12026449692812181,-0.19406605373740074,0.629861161876493,-0.7084562467510227
sample_0010.png,0.08475726862576033,0.23885339756603707,0.16696948881248092,0.8058001910151008,-0.19993633745302958,-0.4675446105109709
sample_0011.png,-0.11872421291262224,0.654104180990815,-0.10000960777538065,-0.14760245421843055,-0.720230685584735,0.08678499341514398
sample_0012.png,0.2116227608006163,0.31010546634923813,-0.17337437884449602,0.2538727897681639,0.6908603661986885,0.5359592266608303
sample_0013.png,0.13704473539696815,-0.3295312862523964,-0.058649057140539106,-0.4714908239810746,-0.7389019917606149,-0.31766084028596503
sample_0014.png,-0.049037430804210344,0.19054260708405601,-0.11591505641978776,-0.4601644833496007,-0.5016537565486618,0.6960206187787411
sample_0015.png,-0.1299678654065118,0.008710846519113668,-0.25550468866012005,-0.6002317076050271,-0.12286832933249241,0.7364612006208376
sample_0016.png,0.05465554093220637,-0.20722917302566957,-0.2570460705766303,-0.2090572648869,0.3796066141653338,0.8367735881190078
sample_0017.png,-0.3100525381578519,0.04753383715750363,0.2012901534123163,0.5107666456144531,0.7322895493228232,0.25290251427484867
sample_0018.png,0.3026524449234364,-0.25795138990878336,-0.32323192177836324,-0.4698480291706421,-0.352639665799974,0.6263160530901354
sample_0019.png,0.4053936602853817,0.0942292939348007,0.06112402169938389,0.20397925548245177,-0.24938063503871485,-0.8480816213883984
sample_0020.png,-0.34703778643674676,-0.17273743254431537,0.5051996050930254,-0.6276468713689807,-0.0727861838278204,-0.441884022681795
sample_0021.png,0.3369776083922693,0.17372753324515736,0.2655790124037754,-0.6313223988594662,0.5550103542871934,-0.2812972789376885
sample_0022.png,-0.10291518196336155,0.06425632222394352,0.21166345298764727,-0.22561369072813664,0.8838450884029863,0.3292331928997944
sample_0023.png,0.35903808528636083,-0.4412095583512257,-0.44953962103718453,-0.046173661524346085,0.12036776741729434,0.6765497037170115
sample_0024.png,-0.2887034683274622,-0.050897467605468066,-0.12804797483119962,0.6560188953002677,-0.45114566217433044,0.5135857005592877
sample_0025.png,0.25172219134747764,-0.08143238685609164,0.3812992452791576,-0.05803621908660306,0.5854778139504356,-0.6621654755041515
sample_0026.png,0.0650311350205339,0.018527354098833774,-0.1312997004793385,-0.331539228526887,0.11625709351402164,-0.9245291263327198
sample_0027.png,-0.003450051299421751,-0.2691986392112179,0.13225615275867242,0.6336895892816705,-0.6973484513651267,-0.14889977053381226
sample_0028.png,-0.45910072065694585,-0.41617860057795975,0.10898851800170924,0.42470674678753245,-0.11771196941913344,0.6402432937139249
sample_0029.png,-0.16160965324230805,0.03554499774502588,-0.08338083413265589,-0.30493901406144674,0.6196720295366385,0.6990602857599092
sample_0030.png,-0.289683386272503,0.23516805802998997,-0.203159548101374,0.22944102934810603,0.6835222663359382,0.5474119506276865
sample_0031.png,0.10502990924026802,0.0589538209408624,-0.2874066256897304,-0.054577278078350354,-0.6495243403271407,-0.6913971714660453
sample_0032.png,-0.10247000494495602,-0.1910322140239342,0.06462966245710475,-0.09823128126884317,-0.3338291281212494,-0.9098012566601912
sample_0033.png,0.09986031730405967,0.26763477306504857,-0.10811568739832401,0.48921616027078213,-0.1967193681841088,-0.7928931719493477
sample_0034.png,0.20928027966305013,-0.2282364033751879,0.2278486049098148,-0.3768555949596971,0.6643175358398159,-0.5185142178209319
sample_0035.png,0.4496820631437695,-0.2519572042847896,-0.013867046302286525,0.6953851302815187,-0.10212806707940587,-0.4900211146681186
sample_0036.png,0.1275504696284405,-0.14571801003940596,0.009716955604173213,0.08936109083417976,-0.39100287750527174,-0.895284348823897
sample_0037.png,-0.13004477878728798,0.02966478841431672,0.08213241064333422,-0.37957637210028133,-0.47391500650141233,-0.7789666021828978
sample_0038.png,-0.5202303002598913,0.2900607052751493,0.453010221414244,-0.20840988122268359,-0.6158261980237529,0.1316448877752582
sample_0039.png,-0.01505903693776626,0.10244438752072835,-0.1433236624305741,-0.4326908102407396,-0.06968281677053431,-0.8812829672923636
sample_0040.png,0.35573909825298644,-0.20959311168565856,-0.3351416814950884,-0.004353368615833261,-0.8166650680345534,-0.22414211934960573
sample_0041.png,0.13354831044914203,-0.04117095437946138,0.1916867832643305,-0.6616925261564273,0.7080090592600895,0.06791282093836623
sample_0042.png,-0.28422382179214195,-0.2129453569203859,0.3401651218887593,-0.7950696793537936,-0.019300415210675586,-0.3544721186317414
sample_0043.png,0.11576730664503922,0.13777539719035195,0.13894977821825197,-0.44775450247010273,-0.036415216739428005,-0.8640015435645148
sample_0044.png,-0.043991028674818376,-0.15877933515547227,0.08054785897679562,0.5640091796310982,-0.10633978523094673,0.798092381812321
sample_0045.png,0.23026595951754214,0.2379260693398266,-0.1282665031463189,-0.6847020741894349,0.1678156077421757,-0.6139523344571555
sample_0046.png,-0.16921109944492313,0.4228733217831244,0.07497205675287498,0.18610606442349503,0.09973650973446822,-0.8615927748453873
sample_0047.png,0.04852717224817161,0.16357601105092814,-0.2124298101454818,-0.49264209335416687,0.12887401396555667,0.8163680752600799
sample_0048.png,0.46554492790781804,-0.14368751483848416,-0.4652787759246865,0.5415830274781125,0.2479905990572172,0.4374082372106803
sample_0049.png,0.15991018165227683,-0.0849025526608553,-0.051957580010358766,0.4398989215723182,-0.5672530692428823,0.670248904862302
sample_0050.png,-0.0040679602818417615,0.31157230435146854,-0.21686348390939916,0.843569687629479,0.31966976880506,-0.205128743065816
sample_0051.png,0.6358945601019491,0.09549921882533756,-0.08044012601278445,0.44322095058038324,0.3340817859636739,0.521528468079634
sample_0052.png,0.38080945153298623,0.0007739250198102255,0.25044492948104174,-0.335739805551331,-0.7636469991066714,-0.31045602536297445
sample_0053.png,0.34101736036337105,0.5718746182891383,0.30542823584510453,0.3051845212075993,0.5565873237056378,-0.24587218781611334
sample_0054.png,0.07659819506972365,0.06726349410669336,-0.42856237512500533,-0.3859644949574338,0.8068802276610753,-0.07693072430243943
sample_0055.png,-0.4479554025877886,0.30281998804253496,0.5327573074162968,-0.01865189686560614,0.12457609238549755,-0.6387006869247469
sample_0056.png,0.4593084281773777,0.2858912353318047,-0.027490413144551137,-0.24949894024685798,-0.5332603938575285,0.5999415619120178
sample_0057.png,-0.3269559107067986,-0.32652882157469776,0.1177310924809327,0.4893799132362576,-0.7260002038916286,0.07777631688605466
sample_0058.png,-0.22596645075329191,0.23025236811625024,0.09254990509462889,0.24622932788354424,0.49891067163647534,0.7601426083275776
sample_0059.png,0.17849900813388944,0.26440290270850153,0.1314868600246095,-0.6104955737767959,0.4366713358029009,0.563519044631551
sample_0060.png,0.27479147823633754,0.1002013121619393,-0.6513750530368635,0.1926802405300868,0.2561891798757104,-0.622415705003349
sample_0061.png,0.27275166735521383,0.11489229909787538,-0.25709498873190634,-0.6266380318441584,-0.10260505781206262,-0.6656616509081462
sample_0062.png,-0.226058981624308,-0.13378343784693902,0.2691919643439262,0.08649873437496375,-0.36437328139241154,0.8475170179272801
sample_0063.png,-0.3511897886756121,-0.2660163545620023,0.3654839679304823,0.7419532195685337,0.24002359407844892,0.253409934451796
sample_0064.png,-0.3787251773497737,-0.15063719846852272,-0.2064539978550622,-0.529904299442234,-0.6733084300501221,0.23897617601902152
sample_0065.png,-0.20094623735156728,0.20471666272572228,0.45133172602889043,-0.26093145781438026,-0.3145537894531323,0.7395823541972928
sample_0066.png,-0.1830333896171908,0.161408052073102,0.03917379551754546,-0.5334534612583369,0.426260384189357,-0.6874889979470213
sample_0067.png,0.013416139089822872,-0.2836753689960148,0.26500065276881274,0.6034717935489029,0.24285232770875712,-0.6526618478096519
sample_0068.png,-0.0882907516167098,0.2752577548467066,-0.23893675261504477,0.2755153445732607,0.43964913698899705,0.7682103039370086
sample_0069.png,-0.2216771505290301,0.30571003502818,0.22789188057165727,-0.4422273614277244,-0.7794957613274889,0.04782494185112635
sample_0070.png,-0.15276346378120054,0.30862641687410775,0.24557227587999533,-0.39427046857333886,-0.2761042523249884,-0.7677399010857503
sample_0071.png,0.33545514155788814,-0.30390573567623796,0.07576522708106398,0.16128702867886646,0.2631697785463442,-0.8331260074146212
sample_0072.png,-0.04032639853958214,-0.09434177623388028,-0.2772573059386172,0.5685771816696574,-0.043347025498873946,0.7664481854675581
sample_0073.png,0.06912421944277077,0.23111755433270645,-0.21941939680356728,0.18692089658948913,0.5624420176119346,0.7364653433223133
sample_0074.png,-0.02627156893124329,0.2714376114166946,-0.18741073210631098,0.3825122204966663,0.30754869120724604,-0.805981916033534
sample_0075.png,0.14208574221584608,0.35513807778267104,0.1330758279519931,-0.8527989266551831,-0.207013289642484,0.25662988950988874
sample_0076.png,0.27335793475188946,-0.239543926372892,0.3288556194278529,-0.5979310397803554,0.3114962345603906,-0.5524461022929247
sample_0077.png,0.3413553841829989,0.2557738279447018,0.19075770940303155,-0.03917455935181178,0.8061567905220457,0.3608937931384879
sample_0078.png,-0.023902297151450237,0.1241530503833584,0.04963368321854056,0.1355989680384666,0.49004248760955604,-0.8503072844365699
sample_0079.png,0.26909593475085797,-0.04860575222164708,-0.09607444283788524,-0.4725925599232419,0.12976510945057323,0.8220777632678052
sample_0080.png,-0.13814562308159098,-0.08069506438851169,0.18894436630628794,0.21251502428885138,0.45541721068383273,-0.8283336577203142
sample_0081.png,0.2705266024121704,0.011154626040555464,-0.41051678679402887,-0.24185146904943453,-0.47770773255693916,0.6866367952851543
sample_0082.png,-0.052286542589292245,-0.047761345698252126,0.01338071018361724,0.41438980923825147,0.5426413757764216,0.7270676386768221
sample_0083.png,0.32590078898003716,0.26809376530121615,0.1702372722776971,0.1271430124253701,0.20256269431602014,-0.857750948200637
sample_0084.png,-0.2608035335416508,0.07927419158974375,0.061348346147051945,-0.555797963672519,0.5686781070924973,0.5381703577457406
sample_0085.png,0.06590299835185244,0.03776871398366725,0.23962879783677776,0.09398333630344859,-0.45137328113727215,-0.8510215343175532
sample_0086.png,-0.28566684500183326,-0.19624093623366304,-0.21565374743086546,-0.6476001382242411,0.4689082276544615,0.440586591763474
sample_0087.png,-0.018696672653536868,0.2177533729013073,0.07974756057851914,-0.4813187782751186,-0.6024829679983177,-0.592638790963983
sample_0088.png,0.36248935399789417,0.08864898076197184,-0.20196259110867995,-0.8964976571659177,0.08200222365645368,0.09757829805924437
sample_0089.png,0.2822501235195606,-0.09365662547749531,-0.2808772004470218,0.6624439824391962,-0.46545746530136084,-0.42093778717493957
sample_0090.png,0.010945811282307153,0.42637796029784925,-0.5027304930599974,-0.6039491992421298,0.2684921392538842,0.3584709352638411
sample_0091.png,-0.281504987309314,0.3248521318886586,0.009443718699541628,-0.2798952426973913,0.3804374736745383,-0.7694561926737635
sample_0092.png,-0.2746623907928589,0.08859741183820626,-0.27874921145723563,-0.08007655702674159,-0.1165943177474099,0.9049880976539142
sample_0093.png,0.08439534301320142,0.13749328876987435,-0.16952073191911765,0.12680963200862952,0.4036418292162444,0.8753446943960618
sample_0094.png,0.05436132602789618,-0.1913147935759514,0.09262111616477214,0.4186689856067397,-0.4349691875321775,0.7664091017338538
sample_0095.png,0.17654216271795767,-0.18293384446828853,-0.3851445710395402,0.24793540574067585,-0.7034628438908433,-0.4803121844955634
sample_0096.png,0.30380719816595836,-0.13418264026454005,0.2904251900518686,-0.17128695521258322,-0.24585700443576305,-0.8459104720485489
sample_0097.png,-0.10981753671792029,-0.3898334420492687,0.39365097976005947,0.5330637924499315,0.6276605986120183,-0.05379654591209721
sample_0098.png,-0.0613159458526619,-0.2023684517847256,0.3669503577115808,0.44615229649329546,0.6016402432088941,0.5095212905925434
sample_0099.png,-0.5187038163654742,0.4650993306668397,0.17922743037744293,0.28177575211631334,-0.01810246783928545,-0.6346504690606181
sample_0100.png,-0.23608949676229368,-0.0882620660967524,0.4172926490752944,-0.643949079731945,0.1266092655658582,0.575880264308335
sample_0101.png,0.19683981507016302,0.2179466873820741,-0.25976920495205463,-0.4940489786919035,0.448721266115057,-0.6331177779927595
sample_0102.png,-0.1976328009066106,-0.06735753468427311,-0.08998110793577932,0.7403424025066738,-0.6068174912917711,0.1788107884181545
sample_0103.png,-0.45400394983631553,-0.04913813979253245,0.03801885779012733,-0.6044692532976779,-0.14471674023651135,0.6353695067566225
sample_0104.png,-0.11046991804664828,-0.06918602291598289,0.2907489142807642,-0.6158249437261948,0.6854741632440224,0.2221701386188724
sample_0105.png,-0.03729933989159423,-0.3058081781146089,-0.027889455534572314,0.6431208526755354,0.632458953423643,-0.3011702787461314
sample_0106.png,0.21551197111969886,0.15631356840880478,-0.24434808033876768,0.42313584605324034,-0.3239828153189874,0.7651182035691991
sample_0107.png,-0.050135134185103236,0.10451329509257114,0.0037150226844048532,0.23980424540283055,-0.25979677809070595,0.9281967442606426
sample_0108.png,0.06506994877861279,0.25969295077305926,-0.11983795880348386,-0.5797409543974484,-0.6223228120181766,0.4365536394885163
sample_0109.png,0.1389876043785708,-0.1795369295289394,0.02806481801158412,0.6113470284045949,0.5621606142830579,-0.5078302446331547
sample_0110.png,-0.16087018971394057,-0.30463138246282634,0.5889697694805517,0.16681914248497268,-0.5254281635134916,0.48013720143895483
sample_0111.png,0.2656202860704946,0.07815759030079356,-0.3461675421980403,0.5371909356455382,-0.025855453071676394,0.7171211066768982
sample_0112.png,0.2058404007360476,0.34203852801822154,0.16864855740751944,0.16061902305491227,0.43515384570716303,-0.7726834402648127
sample_0113.png,0.7196416003718143,0.001976228262228157,-0.11762047879449126,-0.40521915619810256,-0.4636848448138356,0.29844812722543784
sample_0114.png,-0.005069993600529761,0.1896149227800202,0.02720695160906091,-0.7580655621273563,-0.5138807227075388,-0.35290716109803266
sample_0115.png,-0.06294656537449987,0.24856979584690422,-0.06266423109866057,0.6714150046185008,0.5196057177702176,-0.4577507731010745
sample_0116.png,-0.2307203657649262,-0.5259303111707748,-0.2949190564561969,0.4100505354484582,0.6357392343512642,0.10431852681570168
sample_0117.png,-0.18786270101482472,0.19812257683967643,0.2521466000658259,-0.26709160853886876,0.4985865876719054,-0.7361729616271374
sample_0118.png,0.02124833284027005,0.18718587168338638,0.3391816095066075,0.22986258234850612,-0.6068963066121018,-0.6544508077944536
sample_0119.png,-0.0653837444827368,0.46033458172459724,-0.2905367976672852,0.5671743672185231,-0.3362853416019006,-0.5144227971436104
sample_0120.png,0.24716274426205892,0.1595887600141282,0.06276702256551606,0.37437284158095185,-0.2272041567043719,-0.8471868466088929
sample_0121.png,-0.3194846486105661,0.15818304652795567,-0.12880655406424144,0.5305055700886385,0.6371774277453152,-0.41095659186853994
sample_0122.png,-0.6353499915564449,0.10334921525557673,0.3092996995627819,0.4199462060449583,-0.05204554072775754,-0.5576015329107836
sample_0123.png,0.18497440058163572,0.10366820489769253,-0.16326133877427013,0.47271346493590916,-0.04251459507527429,0.8385210784221586
sample_0124.png,0.2948258267179085,-0.15441360697220372,-0.25576944770831106,-0.46727316465079444,0.3882818537311137,-0.674321252194592
sample_0125.png,-0.06733046314122174,-0.1233353285947018,0.037532640265798785,0.07933971588659358,-0.2200957926966731,0.9613060687879595
sample_0126.png,0.09474127147425303,-0.1248933825384917,0.202716986702383,0.4199117425406245,-0.7174242050819586,0.4932628064418175
sample_0127.png,-0.2237097025107465,0.04517511853183827,-0.24879285431282652,0.5840654457177062,-0.5574754830021982,0.48384288181299867
sample_0128.png,-0.25920737287304874,-0.07215563546840005,-0.08915197682442169,-0.4336966969779182,-0.5024571726909061,0.692171215660263
sample_0129.png,0.17789133216379607,0.18625613314386444,-0.23176473642689602,0.17946546456849888,0.14819858286243445,0.9087231486107502
sample_0130.png,0.1095963065028102,0.5327219689744471,0.4358551709183489,0.4033025263048127,-0.5883871943229243,0.07330624250103356
sample_0131.png,0.034748322486450045,0.28838018864779186,-0.16885589877973514,-0.015487604252618819,-0.4655939966549327,-0.8185960363454798
sample_0132.png,-0.3549529190655805,-0.0996628019891849,-0.04715952081007302,0.5424402334108217,-0.7160847736323525,0.23416430319877612
sample_0133.png,-0.08409331686241227,-0.39023180331465407,-0.21816551036296733,0.21149569050586983,0.8059163698145293,0.3143559154705906
sample_0134.png,0.18772564372216055,-0.1485528839740382,-0.13986514455867788,0.5694234862402703,-0.16320758065622215,-0.7564714427022318
sample_0135.png,-0.2943894102239666,0.34876390573566696,0.01768020533650173,-0.40782328052808164,-0.3600604910928695,-0.7038626557479254
sample_0136.png,-0.24665775454893796,-0.333719375995454,0.3821584842458794,-0.5854073334373532,0.05913865814168944,-0.5792642714650548
sample_0137.png,0.34414929316850695,-0.14893867817507453,-0.10677982457781254,-0.694426483611577,-0.5139078166793075,-0.3188216084787507
sample_0138.png,-0.07274854609430746,0.42090284485267376,-0.6857739765108208,0.07395353555419877,-0.2381647201760007,0.5339203480100264
sample_0139.png,0.05441806938168098,0.09479935393567059,-0.25232099894292703,-0.11764024086530206,0.8620739719964835,-0.40911503302366375
sample_0140.png,0.1923502717422075,-0.10213055242109237,-0.0831320286149829,0.4800798649099503,0.37936108602335644,-0.7558229149479675
sample_0141.png,0.13132552830870028,-0.36443888628037924,-0.26583778490616694,-0.4576115899545527,-0.4421421090026771,0.611857960709241
sample_0142.png,0.3814138034442705,0.240844639865594,-0.0653077189117428,0.40254852320363593,-0.3793087272610276,-0.6973749692460459
sample_0143.png,0.20299061404497154,-0.21519259704141214,-0.24650266499630963,0.3041851610915413,0.5063483609647271,-0.7090882300940995
sample_0144.png,0.392402935296381,-0.3859925739866456,0.3319715610484269,-0.48723671193467366,-0.10368006696205424,-0.5819582305551235
sample_0145.png,-0.29303958922303613,0.36417701306354006,0.263689877486628,-0.5940495780946482,-0.26064469105128524,0.5395739009695983
sample_0146.png,-0.11715621611972238,0.25739392779969483,-0.25293868988892665,0.5382680863868711,0.4975233363273626,0.5646085396987313
sample_0147.png,-0.27339673393701375,0.4466869347505999,-0.10742731236891696,-0.2937057935307693,-0.14371956365338362,0.7792727215953478
sample_0148.png,-0.1985394092705632,-0.26024820162877516,-0.026782770079658964,0.12206083918091191,-0.48236471565030853,0.8028456217582511
sample_0149.png,0.24558878182480898,0.31798691408198304,-0.22346624414092514,-0.38496079424281365,-0.6029147652748799,-0.5262435587762105
sample_0150.png,-0.10018367056046555,-0.4075646483533979,0.3284427278685918,0.45710046263926785,0.314653878003466,0.6387736439367145
sample_0151.png,-0.10720906418536315,-0.24143364648622564,-0.07087308794469338,-0.36107586629611027,0.12034687033094864,-0.883365080748671
sample_0152.png,0.21472508425992323,0.1225328850785617,-0.07950661439562172,0.09607737051429122,-0.04057652818733546,0.9600417765735827
sample_0153.png,0.19496465661126944,0.28824418981120686,-0.49158218118286046,0.06204568645149095,0.7437125482030252,0.28336020767595116
sample_0154.png,-0.46172846805571927,-0.3570622077027889,-0.1321844824056397,0.7040147117468193,0.18347225712756804,0.3354726229322461
sample_0155.png,0.03511377149414811,-0.4429483574090892,0.29680144765702526,-0.22187979590375273,0.08172713517069208,-0.8115187662249351
sample_0156.png,0.014935661850029905,-0.10874663949662376,0.20751246357058853,-0.5823293996953651,0.3383907616210099,-0.7009092912539728
sample_0157.png,0.3886320725418036,-0.22526129608389975,-0.26522068244133945,-0.7510720138565351,-0.34606272802171967,-0.20979005829511546
sample_0158.png,-0.07946294897037315,0.08418767235471208,0.1063796666664886,-0.4226542455775605,0.382927166229536,-0.806232978823761
sample_0159.png,-0.4195078102285786,0.7716241948122466,0.20783697329183873,0.20092066356247734,-0.10798684882207109,-0.36521612656830416
sample_0160.png,0.18542595622734384,0.12624085700742396,0.333413098159793,0.468653873423076,-0.7568857959838364,-0.21448451113811537
sample_0161.png,0.24165624380934095,-0.07226723606019492,0.2769937890069365,-0.059338232591610474,-0.8715912478289707,-0.31058302936993015
sample_0162.png,0.24308275254221717,0.14151595591318772,-0.24185917682383065,-0.5824103549445927,0.23177149907076436,0.685177567420577
sample_0163.png,-0.08518538035116173,-0.365961808570961,-0.17625531810818587,-0.6283685701607497,0.5126966892295232,0.41236453941591805
sample_0164.png,0.06123711030170406,-0.4076802402559284,0.05533388336652609,-0.18318362322614828,0.36772862396339423,0.8112979838986871
sample_0165.png,-0.2414929573568149,0.2657434841292075,0.21991464576653794,0.375099294314011,0.5206570457117156,0.6410271920310299
sample_0166.png,-0.1990488061502734,0.06406756150531043,0.437428379768292,0.17043031748329918,0.5112753655811443,-0.6888267854392788
sample_0167.png,-0.20092521020574436,-0.16843423006508088,0.2558900972061764,0.17913173276203243,0.0312793539423711,-0.9125309049739599
sample_0168.png,-0.008861157689808306,0.18314238115583611,0.32530855231058103,0.8562953429998444,-0.1744486276774436,0.31125657544989505
sample_0169.png,0.29206047055773204,0.21126424189162932,0.15955508854720724,0.42107513157885224,-0.5486955894056218,0.6051769650993947
sample_0170.png,-0.12627423917316563,0.06694322332037196,0.007402585791677737,0.2745913006622901,0.6665694437448447,-0.6780880601828895
sample_0171.png,0.18383703806485788,0.03810353895684706,-0.03330419592297995,0.2864456463761456,0.11877476058761895,0.9313883949287396
sample_0172.png,-0.3742798393377122,-0.12163610237009788,-0.0857033457264398,-0.3445379680452862,0.8473532484559047,-0.032561601669649366
sample_0173.png,0.11276743022997338,-0.3678897849676404,0.4143019146498279,-0.8232377970986393,0.0474008818127956,-0.0180892825957033
sample_0174.png,-0.11011691783421244,0.21779506115366304,0.11001326518226023,-0.4611948637157565,-0.3386606206398188,0.7752063847374844
sample_0175.png,-0.1474570866989152,-0.4888301539820061,0.44114697911102363,0.375645057094069,0.41405838283010404,0.4818062656818898
sample_0176.png,0.2749712929459202,-0.03935481288743003,0.14909416811075657,-0.5407257744593249,0.17609716392873112,-0.7597488673800222
sample_0177.png,0.28872632636329815,-0.21993440454494173,0.11190217110212235,-0.625719561834396,-0.580846053946003,0.35614149128959394
sample_0178.png,0.09216578791902562,-0.10907503490410965,-0.022725821822548013,0.07992252269385049,-0.6401594429364542,-0.7502665654991977
sample_0179.png,-0.17418953366982776,0.32934683729307707,-0.1999492675579082,-0.22128688329359777,0.8753310849878168,0.0776953310324905
sample_0180.png,-0.04395392193501503,-0.27682922384442427,-0.1070908221145318,-0.6141350496472958,0.6607401571192293,-0.3102027964990446
sample_0181.png,-0.3225622593651515,0.22027167099033532,0.3032430714386965,0.3249270778114144,-0.40019909927762237,-0.6998147572458835
sample_0182.png,0.285403748313842,-0.06661824406730818,0.24979558830264595,0.4302340297989024,0.5005581747760572,-0.6450186565814914
sample_0183.png,-0.13552890230946812,-0.16354167424388297,-0.012599475053766516,-0.3949183894449486,-0.15007828045494473,0.8810466877904727
sample_0184.png,0.3764398938339076,-0.4626521544233917,0.32356155025523786,-0.18375190557790688,-0.6355966667809088,-0.31907056885213375
sample_0185.png,-0.12518884552361367,-0.257481615727843,0.281026327534411,0.26613742069938523,0.17645962021185066,0.8585383215030846
sample_0186.png,-0.09242639476787609,-0.19338876064973864,-0.3733380324581497,0.04259985719891333,-0.6824011321791527,0.5892289956308084
sample_0187.png,-0.07716406095857373,-0.1009084820056632,0.018829928012939496,-0.3103094704882384,-0.54187017154156,-0.7704501083688361
sample_0188.png,-0.22755713176451778,0.07109175513900891,0.3307681243761947,0.5103870537280046,-0.22887142638720856,-0.7217195352776221
sample_0189.png,-0.19013448322564377,-0.21198257020155617,0.17770790811612913,-0.6017758222722565,0.17863562049236065,-0.7023441766200587
sample_0190.png,0.24345338044940099,0.20705081039730655,-0.053953386033366454,-0.19806110886129044,0.4463484703198771,0.8102433497393571
sample_0191.png,-0.0032885072441263758,-0.283472411562719,-0.02483696307376504,-0.5351245429977961,-0.020447399885612578,0.7951347874338739
sample_0192.png,0.18108030542819928,0.07104764053464954,-0.05266771646130138,0.4578364814065586,-0.013089931800287558,0.865795979074728
sample_0193.png,0.4746734635294125,-0.5217236441809,-0.383001553395705,-0.14479666986215414,0.07732781434393914,-0.5734576581977867
sample_0194.png,-0.5743687420029695,-0.38949761113910003,0.43368399843473004,0.027186140102757578,-0.5189751107136106,-0.24543043184298646
sample_0195.png,0.2628155284373489,0.3605090785494881,-0.29594744895063463,-0.6618067822505797,0.04871486509170133,0.5225083297340233
sample_0196.png,-0.18911263280164411,0.24039262856322702,0.11937974741566339,-0.2535236869262045,0.48467158256330584,0.7700749764647529
sample_0197.png,0.6346928741644604,0.6403112890102897,-0.016644478571262767,0.1140365960432371,0.4059697323487293,0.09525545214580095
sample_0198.png,0.0861030567820936,0.3498558187887151,0.24042433613152703,-0.5932061012458595,-0.03941099225364994,-0.6774485983470935
sample_0199.png,0.259138218814527,0.1390920145495043,-0.22637452608134784,-0.5450239749860145,-0.5674245520626987,0.493187199130847
sample_0200.png,-0.34729126278570954,0.06982681220082243,0.21689741372286844,-0.41999788760329726,0.4942973555418652,0.6377620290704019
sample_0201.png,0.3216276487617374,-0.22559858404523134,-0.31906920485718576,0.4267882940134508,-0.3135664929093573,-0.6807228390161452
sample_0202.png,-0.10067143210796181,0.4320824944658097,0.2220123062304621,-0.17222538351482955,-0.7872322758948205,-0.3232402785520367
sample_0203.png,0.09395094250904698,-0.11382288090408642,0.3098606390196136,0.6240374238536317,-0.09627429995821889,0.6953506377133699
sample_0204.png,0.23559824576062305,-0.28071653362514404,-0.0997626578291549,-0.11545858055619736,0.29302044928367443,-0.8697973550916358
sample_0205.png,0.3203444972174904,0.2610628858761248,-0.04249310487755425,-0.0021959744173365814,0.8949979373971246,-0.16246162165145
sample_0206.png,-0.31436410066437603,-0.17466592221613253,-0.1323103897151386,0.2684122957678584,-0.11668918305215233,0.8760704667106084
sample_0207.png,0.22299646180721971,-0.3069669991787279,0.037787515101517934,-0.436197814044349,-0.18572687880048608,0.7936327467116524
sample_0208.png,-0.41329632518157555,0.24229138251199822,0.2582744602868485,0.25143769082544454,-0.5579911371692949,-0.5737598061804716
sample_0209.png,-0.05782582155176073,0.0762757541517594,-0.1663086181941874,-0.9547101841351773,0.1442830212188927,-0.17575693813135404
sample_0210.png,-0.16208405150801383,0.2831278882302658,-0.22195084575117952,0.7197050681762739,0.568077349417618,-0.06014915746203249
sample_0211.png,-0.2595716882543385,-0.021360391985450887,0.2007976895884217,-0.2774888343917842,-0.5409596904743795,-0.7226403809895519
sample_0212.png,-0.08257131835753748,0.2686842197635552,0.06855424079888241,-0.03457460575145401,-0.5232332054304316,0.8008262563598698
sample_0213.png,0.28273882800437344,-0.060439101949181784,0.08436434189465997,-0.47488724875900673,0.5709535651644009,0.5981493586915665
sample_0214.png,0.2547470968578224,0.3898535741242498,-0.3771894332204279,0.24109426995665018,-0.7566381400652488,0.10108667985735109
sample_0215.png,0.4368185387642398,-0.2321604990405975,-0.11477116964155504,-0.7365899490085973,0.08393621888681167,0.43875802405734
sample_0216.png,-0.45285481036916414,-0.171243116075183,0.1412027961687564,0.57721739741658,0.2989668643871056,0.568417959247125
sample_0217.png,-0.25819045476787644,0.3959210490187864,0.1649155161489837,0.705620487595482,-0.40612809634255176,-0.2941883433969208
sample_0218.png,-0.3920899495423172,0.22112331687411674,0.08330992914685062,0.3225239352757105,0.6886807351635444,0.46057199447741964
sample_0219.png,-0.5684696965602355,-0.04846870255607143,0.09114158613493756,0.41539717338940674,-0.358938426961731,-0.6039822797337532
sample_0220.png,0.1926174456554482,0.050934562631832624,-0.39597400386955733,0.07498940991001951,-0.8932400127269189,-0.0027651913400461884
sample_0221.png,0.12604115751155848,-0.11028810005491997,0.41634651966085967,-0.6194414697985116,0.6342115710794946,-0.11257746563344964
sample_0222.png,-0.17663327502951576,0.2478273351621617,-0.04556134017425953,0.48337763743334,-0.20521868420375217,-0.7934341898754664
sample_0223.png,0.3628981597066621,0.2785149591540599,-0.04969541221900735,-0.7483975954404225,0.20442467080052043,-0.43171321768091137
sample_0224.png,-0.284632754327401,0.05587578055582803,0.21962415682758982,0.08441246621968924,0.5653938018872443,0.7354126096166981
sample_0225.png,-0.05409899015460709,-0.1184762495807451,0.10288390921765493,0.5586777759688588,0.7966745333720889,0.16012622923331427
sample_0226.png,-0.05475871893561574,0.38859203827485134,-0.20845716238571735,0.3145455887540413,-0.27059843390218774,-0.7939652902394905
sample_0227.png,0.1818639878180516,0.16614957539359293,-0.00481608317283638,0.15125529416491662,0.3934480019665272,0.8727067775661816
sample_0228.png,-0.01974136807298617,0.06445940430589127,0.10662214644187273,0.12431062073154885,0.08093068521143368,0.9808588457244035
sample_0229.png,-0.29141679500681683,0.34839381885348636,0.19211388985449865,-0.12800633435751488,0.6963907946723633,0.5054151673204508
sample_0230.png,0.20257909351244302,0.22151593600911434,-0.34605889625740566,0.7397593529863417,-0.05910395599072242,-0.4892836225976349
sample_0231.png,0.007437620150616503,-0.10739438951322382,0.35186415628872947,0.0820494069783465,-0.8863716278341869,-0.268730300881521
sample_0232.png,0.21482963094756544,0.13162909164853823,-0.08053899972322466,-0.15541563705946804,-0.7550814585646591,0.579425104833716
sample_0233.png,0.01769297252378974,-0.21375759213217435,-0.2703016354496423,-0.11717932735895449,0.5424835659263496,0.7569096791176019
sample_0234.png,-0.020836967742779138,0.03180895846944389,-0.1762537751744488,0.567314953931991,0.18959927791668918,0.7808293504548502
sample_0235.png,0.2942091329859512,-0.24727718020673872,0.13834042205467667,0.7198979254593064,-0.13077786148610657,-0.5457114967699512
sample_0236.png,-0.2794595974439973,-0.5476278070692667,0.346689150140458,-0.5451297613667173,-0.3968975733284886,-0.21706821751250133
sample_0237.png,-0.5209306343692077,-0.1935043816513475,0.015752003342603207,0.5879949003709782,0.4588946873520769,0.36690171150579565
sample_0238.png,0.03758501090557035,-0.15862471386754323,-0.14540077953640293,-0.2135302907302123,-0.06358221589509076,0.9500769953948026
sample_0239.png,-0.07023355948561671,0.2744645078602795,0.18104568860411796,-0.6580794554225654,0.6696431198573285,-0.07394905045596686
sample_0240.png,-0.245988909512888,0.23030100373793988,0.25574312656849035,0.5246305833708027,0.06230617362333133,-0.7361569459071626
sample_0241.png,-0.3318991899152389,-0.3668409549521793,0.3934327228486194,-0.44204003675221853,-0.4903242706606009,0.4057881831751018
sample_0242.png,-0.05891587672224507,-0.5409322140547796,0.3783354744051328,-0.6629865525434326,-0.10002753386556142,0.3335068990138502
sample_0243.png,-0.10835657037585537,0.3181425634708505,0.24166554426111253,-0.442451791354387,-0.7955351961819694,0.00144625190328314
sample_0244.png,0.3138177262621513,0.013296085482592692,-0.042551497567112316,0.35448915453053675,0.3939738599881159,-0.7865450119450118
sample_0245.png,0.11664098592518474,-0.24413507423781178,-0.053143103790586475,0.538539719725359,-0.5939538384295441,0.5302476445414398
sample_0246.png,0.24687040268303614,-0.2439013243548926,-0.1567433109776165,0.4336618713242571,-0.17579089031572825,-0.7975171640550229
sample_0247.png,-0.20544280912250673,-0.194962506257307,0.21484559601925418,0.2755807998189636,0.5910788023852502,0.6695560584049798
sample_0248.png,-0.06254319298462489,0.23737633176097878,-0.07887225622672846,0.24427098576504852,-0.26267571456355315,0.8971360809936212
sample_0249.png,0.1360257119709905,-0.4589663902763628,-0.04437017259495465,-0.03848233085124697,-0.8738113559634896,0.06205618796596435
sample_0250.png,0.40076307233258396,-0.0282164742305725,-0.386569394233653,0.5513668757838885,-0.19352265208825595,0.5896612970980984
sample_0251.png,-0.04144842172771135,0.07119757276148553,0.16191018868397636,-0.3456467333123826,-0.4025703386706524,0.8279272208005658
sample_0252.png,-0.37703233155346355,0.3247093320929243,0.4047038075642444,0.28638148737402047,-0.007209332626378672,0.7117295609785049
sample_0253.png,-0.10824357906806563,-0.1597502315095389,0.06409629688760293,-0.7435121362400828,-0.5187242990574469,0.36982382383987844
sample_0254.png,-0.1942650151896813,0.06259372554168526,0.14675636140626458,-0.3600508702626232,-0.35199403562032233,0.8266010340507722
sample_0255.png,0.2354940553542111,0.14423990683369856,0.3560486195569566,-0.14772905969607686,-0.4742786732524927,-0.7417564591563646
sample_0256.png,-0.2052559227593441,-0.3757970284560069,-0.20864438975118738,-0.4207350845939743,-0.7169767670238967,-0.28642699303812524
sample_0257.png,-0.15351217742312429,0.261646506514184,0.055563787157978106,-0.5505554096118672,-0.4568694964736289,0.6269344357326682
sample_0258.png,-0.1574795990307493,0.032866527620334006,0.19083063685484403,-0.33773785189665967,0.8103219200885889,-0.4086748885227028
sample_0259.png,0.060121601979409946,-0.10125238075412134,0.26779801942305237,-0.008565302688667361,0.5493156850686033,-0.7826854303534754
sample_0260.png,-0.13588724345237904,-0.10433587956499044,-0.2755224556036724,0.2580908987233175,0.7568605921887225,0.505259527122807
sample_0261.png,0.1633590441975181,0.24652508038926935,-0.32978301045865743,0.07860502537930886,-0.4109645378666654,-0.7929134707090799
sample_0262.png,-0.25829702986964365,0.3267918360709436,0.3752801041728755,0.7497663324305601,-0.18976902445714028,0.2957917303781658
sample_0263.png,0.1652809337233596,0.031100947902675855,0.08558434316771385,-0.04950995935831659,-0.4890178791509551,-0.8501767710227564
sample_0264.png,0.33307154958243207,-0.002043618477366545,0.06822857367592487,0.9187851107571329,0.01646125559844503,0.199917421780972
sample_0265.png,-0.29795335007391255,0.23387666833740878,0.3146355600084886,-0.7704692026120079,0.306521900590385,-0.2644834623377158
sample_0266.png,-0.3179205892352114,-0.08241672471615526,-0.10978305453355963,-0.7683865282043771,-0.508570637179121,0.17612414268897267
sample_0267.png,0.2585765651801922,0.2990995606581847,-0.03787264615128004,0.6172004304727243,-0.46296739042177715,0.49695885086949426
sample_0268.png,-0.19018207139088672,-0.39183285368541493,0.05205224376846102,0.4969119131959489,-0.5694694954623033,-0.4861804219368937
sample_0269.png,-0.18067184145334622,-0.14950410049376453,0.4421025366350104,-0.30829375991737895,0.47759761203646967,-0.6529984956455595
sample_0270.png,0.30137614475784896,0.006975953189879689,-0.3433296955306682,0.3626986665391409,0.5745597632024794,0.574089915792158
sample_0271.png,-0.06713398287001913,-0.327945175243097,0.10396851105284825,-0.04902347547923535,0.6829178118858725,0.6390269948516925
sample_0272.png,0.09169279823816233,0.43563570160976245,0.3777817119115603,-0.7703999280314598,-0.19168971126232473,0.1698056237722558
sample_0273.png,-0.04601107156957756,0.2668049686668073,0.15654536050499057,-0.5964011774197117,-0.2826389392438631,-0.6830904081361201
sample_0274.png,0.13487383915337592,-0.18435063431232146,0.005519216113649617,0.43816045765489736,-0.1323706369744948,-0.8592362057134127
sample_0275.png,0.0302830154267061,-0.010444826429818824,0.3825865400386807,-0.29199892287692797,-0.5635489161144661,0.6706344996670481
sample_0276.png,0.2444497028856506,-0.29354358268372455,-0.1079536325809862,0.4450390522883796,0.5606908454697416,-0.5744462888569977
sample_0277.png,-0.3683182907400818,-0.5282315400452396,0.04162685754634019,0.6344365563628513,0.39710690973341756,0.15289421091387842
sample_0278.png,-0.22490061274286524,-0.3402977909379914,0.08463369507057437,0.6515763651500552,0.5152703481936304,-0.3693223174674999
sample_0279.png,-0.1285971571187285,0.2630836363985285,-0.0020209221355035143,0.42053216389739034,-0.18079676678531534,0.8394706162587139
sample_0280.png,-0.28198855619156005,0.18685247181994477,0.24832665356457295,0.05889218188400579,-0.07930806804408597,-0.902299519193739
sample_0281.png,-0.045009031663345155,-0.08976113254544137,0.07061351388350366,-0.35320054587838295,0.5257789339673811,-0.7640266649778976
sample_0282.png,0.14484511253045565,-0.23269625063377955,0.06131102933151655,0.18346056828355972,0.8506106609869187,0.4048666808960714
sample_0283.png,-0.32678308853045535,0.24714945928521467,0.21818891177453464,0.6232334190985352,0.5308744854560332,0.3380472490861426
sample_0284.png,-0.32906723092685736,0.2181484403646188,-0.2131442326546852,0.42426888967557386,-0.37961844126824723,0.6888986136473074
sample_0285.png,0.01805041036172282,-0.10332353944634404,-0.39122200469745705,-0.4145172872667287,0.7290536385619979,0.3641428052002404
sample_0286.png,0.5325434695950385,0.19272064387994328,-0.19703439794437533,-0.4782233410345582,-0.05432732917143694,0.6393626747282946
sample_0287.png,-0.2827307075470781,0.04358295010782627,-0.02637717676829867,0.3958759863186329,0.5655044518961274,0.6640444536004133
sample_0288.png,-0.17214789541456268,0.08411510807394165,0.01561802588297126,-0.5792143206134527,0.408728024139243,0.6786000302424776
sample_0289.png,-0.30349358842942703,0.21794601065192867,0.08472316439944699,0.5002939897267046,-0.6547313537077346,0.41742776854523755
sample_0290.png,0.035326415295467734,0.1109121719922684,-0.2738142157627041,0.6094925692680113,0.7346220936031488,0.018041544551123605
sample_0291.png,0.2824372489795071,0.11786180449712087,-0.3911395907434471,-0.2534419222192487,-0.5913291654777103,-0.582618765660587
sample_0292.png,0.25161824298690055,0.2787164987697753,0.08857462045712647,0.34720441744164,-0.404652975554971,-0.7529043575409153
sample_0293.png,-0.059690080320667506,-0.28484888275581516,0.10040597338619657,0.33986467081187377,-0.04896805156577869,0.887305462776058
sample_0294.png,-0.2975612611076857,-0.49131620998310077,-0.08673104934044852,-0.006228382188151446,0.5791143920789039,-0.5719537839008936
sample_0295.png,0.1883838196216099,0.11670339023286991,-0.27103846884431443,-0.19301360560197228,0.07874322293940862,-0.9132224572978358
sample_0296.png,-0.4334579415621907,-0.09208669660930151,-0.004402666153290432,0.3207060462021468,-0.8164681265532288,-0.18477635126564462
sample_0297.png,0.35395660876918755,0.37024603489008107,-0.08255792938053172,0.5846580286780336,-0.5901859922829488,-0.20167365982818683
sample_0298.png,-0.004771905098059007,-0.0015004094231308742,0.12239841459254223,0.2380989785383525,0.774866844132061,0.5726114355148206
sample_0299.png,-0.23046279224580746,-0.22979199191104308,0.2747987317382122,0.5219833219661298,-0.274909823312403,0.6859491231238933
sample_0300.png,0.18432399008185496,0.2677442986905584,-0.2034486781283211,0.44066150292287504,0.32840860045903575,0.7422341433490743
sample_0301.png,0.11957825858258345,-0.2972039535328386,0.01437453247914014,-0.46783331837320674,0.5072017540417155,0.6488779467756122
sample_0302.png,0.2712658092094681,-0.25177064353367845,-0.28888718056757323,-0.19792041295252014,-0.42749758011342504,-0.7467556024872917
sample_0303.png,0.09381088115688034,0.11808915760961139,0.2515348979389251,0.6329006875711856,-0.07387643231031914,0.7127156915429151
sample_0304.png,-0.3197080209133287,-0.2682565990852768,-0.13206015168596158,-0.6258946296856359,-0.15907182196470565,0.6255696306048385
sample_0305.png,0.2656115115190798,0.06320947167127565,-0.019877424893579354,-0.5192004113648793,0.4142527340554366,0.6956188473476864
sample_0306.png,0.17297994565188177,-0.26559338298335156,0.23017774505215596,0.4847097670024326,0.18422458290156205,-0.7600487114834341
sample_0307.png,0.2367393411370082,-0.05794099129404849,-0.28240942564632104,0.361664500888911,0.2420353908761369,-0.8194265681268846
sample_0308.png,0.471846886724955,-0.31978083476141983,0.05124536718856905,0.23662188048879895,-0.6462096936393535,-0.4459795545419577
sample_0309.png,-0.06223581495502478,0.17920253747888584,0.0035989530873166728,0.5478318464539391,0.06905197830173694,-0.8118573111933968
sample_0310.png,-0.3319351886198327,0.14786310796521507,0.08922203082555649,-0.19911006222510644,-0.19856012584707391,0.8836990554586189
sample_0311.png,-0.0640446673219179,-0.024959190154184265,-0.5482129130957777,-0.5606631007810405,0.5625982944473077,-0.2527409104934985
sample_0312.png,0.2172609057436583,0.23161883715991333,0.08886726410681112,-0.5281538389303182,-0.20938588536703007,-0.7539655800568998
sample_0313.png,0.15470971083700177,-0.21398354115425147,-0.10287525331375807,-0.7124900537522958,-0.6412830310890048,0.02840121625559754
sample_0314.png,0.30359757121069103,-0.2541018734386712,-0.1427870693083096,-0.5202394942376493,0.6131943078288246,0.41978115130381266
sample_0315.png,0.4271690166068171,0.3796023245702168,0.06614037687598166,0.07411124069125029,-0.7940534278599434,0.1817713802715738
sample_0316.png,0.03665959808761628,0.04810921998007858,0.17448929026108217,-0.21453249272151592,-0.753658150812252,0.5931865353209699
sample_0317.png,0.41449712498819674,0.210804961473396,-0.3841187507183657,-0.5888248125605209,-0.3929516326315912,0.3675330481283492
sample_0318.png,0.20725304093803845,-0.3247211126166945,0.28486087428441925,-0.6255956658967641,-0.4470390476314468,0.42337077254905264
sample_0319.png,0.2753623025077031,0.2316630168576536,0.14644623448796062,-0.8697295702344,0.20584480284281412,-0.22418684436169056
sample_0320.png,-0.07794453216603807,0.33256231454787416,0.1721977294885806,-0.11881783210999661,0.6133441428933686,-0.6807100586578956
sample_0321.png,-0.3602990294036223,-0.5024033295638692,0.04348679125587938,0.14288941868601335,0.5764002594300299,-0.5130592147079915
sample_0322.png,0.1405168131532552,-0.3135576504839757,0.141364257333778,-0.22840693832764047,0.050291813935449875,0.8984730245074511
sample_0323.png,-0.1960386512464416,0.12430368335044797,0.43676363077966796,-0.716427896574998,0.45317332074384037,0.19162458800027157
sample_0324.png,0.34110770863147166,0.29116403069859625,0.02004168092809155,0.4919999935581452,-0.7013401931541362,0.2540183244776142
sample_0325.png,0.020827324726325213,-0.2189919247795944,-0.037913445712264904,0.3396860351463538,-0.5674003740233541,0.7161295575138648
sample_0326.png,0.16174922215800125,-0.1770608758481531,-0.0829158004797202,-0.057474611392355594,0.025724553579373668,0.9652183803649893
sample_0327.png,0.088765404992635,0.16451251080762644,0.22327951836151036,0.3145625774641724,0.680523396498031,-0.5942565818082255
sample_0328.png,0.0911817209970504,0.005936087266692159,0.3111669555455037,-0.5856019524013987,0.5016258682842761,0.5479668092250085
sample_0329.png,0.010599262515538194,0.01879581954922491,-0.206611222720927,0.4265928818568579,0.3394037052385237,-0.812200599277534
sample_0330.png,0.4517035039060497,-0.06206729264560087,-0.0008954955888131604,0.706452220229716,0.517293885809209,-0.15950890278353427
sample_0331.png,0.24747110129959352,0.19609539414909452,0.11848459616187208,0.2160246616192844,0.16824842280372504,-0.900717416665054
sample_0332.png,0.4671522046375896,-0.2951320026876581,0.001895456325246035,0.1141254675851936,-0.4823256543347013,0.67007437404828
sample_0333.png,-0.29986820914878864,0.13326960886045086,-0.23838168347530397,0.5857978778859461,-0.510375831041815,0.481507838806659
sample_0334.png,0.10664995355173659,-0.21426916439990162,0.07208624576984478,-0.24906920031234003,0.5272300398347819,0.7729884244393157
sample_0335.png,-0.14353503377416343,-0.24830497963670933,0.3056172796945185,0.08631979838926027,0.652791531484019,-0.6251020063541407
sample_0336.png,0.14570346189313318,0.3205211457734238,-0.3262763422458029,0.4025122878970518,-0.014460573300517338,-0.7793299652309342
sample_0337.png,0.11025564773548778,-0.12448497957224797,-0.03436351707933986,0.6887399873449457,0.5575517438190383,0.4312071584444027
sample_0338.png,-0.1599108722818779,0.2896933601385792,0.35180982764214863,-0.7561390247398283,-0.44096021662820306,0.02332333185417203
sample_0339.png,-0.32671503866968343,0.2890109936042935,0.12618083031245453,0.07258461253512609,-0.015329047859817278,0.8878653171846633
sample_0340.png,-0.14575911326823424,-0.06568509145426105,0.3987044625090339,0.6583148886819699,-0.19937608989210773,0.5851027117987626
sample_0341.png,0.19709702130931708,-0.463926904242793,-0.36264910623579816,-0.676484207576975,-0.23942740409678695,-0.3153630487604652
sample_0342.png,-0.44416862282061415,0.32766101701759676,0.05559982346071733,0.1166376970516739,0.3609010039879796,-0.7405452484532734
sample_0343.png,0.09729017468499762,-0.08914040039692271,-0.09416584680228411,0.8132855101752221,-0.3853912192797282,0.4046747969221222
sample_0344.png,0.13005868300160323,0.25439338834249653,0.3344979774974798,-0.8460678181949153,-0.1150322207731733,0.27823853290386524
sample_0345.png,-0.10339100924781247,0.017218190152063367,0.06289462658129029,-0.4075225027418233,0.010536775246021039,-0.9049157337610291
sample_0346.png,-0.39191111823263564,0.21591137746021039,0.04193032114238524,-0.14125280421820743,0.7893357733542412,-0.39373402553186976
sample_0347.png,0.01919128494057803,-0.329917091835293,0.18851217065110404,-0.10265167627093345,-0.3714141312150799,0.840692420036125
sample_0348.png,-0.13953138201089058,-0.040409965572204026,-0.014815280003231472,0.47648729495911973,0.6253808382130855,-0.6004475002308273
sample_0349.png,0.23117538873396865,-0.05609689135321556,-0.07401126094386215,0.45623290204216904,0.8200858419970548,-0.23925752345091594
sample_0350.png,0.2235038833920852,-0.07232713992815944,-0.06427718608894606,-0.7617914665160256,-0.5599518514630784,-0.21635833210992927
sample_0351.png,0.21715151536845506,-0.06482151640084054,-0.01985295757551694,0.6956047955010806,-0.43539671608421066,-0.5242260185827952
sample_0352.png,0.18116308287521746,0.2305990306390926,-0.024433430846045927,0.052437768967157475,0.23695742004004966,-0.9243962859089494
sample_0353.png,0.327286829676899,0.07431132602420072,-0.19257906230503233,0.6226378028250406,-0.2564489341712887,-0.6299448970837843
sample_0354.png,-0.36026755121723286,-0.13700105560969084,0.16898857772874934,0.08022413033551894,0.3942503297292384,0.8130262168708212
sample_0355.png,0.0038230669608573147,-0.18311599704211617,-0.07584423216692483,-0.28900055566613436,-0.44305310553571464,0.8251570715525128
sample_0356.png,0.054174047258875264,0.2265824157409265,-0.3103457565929642,-0.4580821120224889,-0.791970093739637,-0.11115413673087665
sample_0357.png,-0.26216572868516813,-0.17418029872990423,0.17158470001841833,0.6021016155628037,0.5024649240752694,0.506450085958746
sample_0358.png,-0.2888367941159074,-0.1021817828500503,0.22484588364198077,-0.14921718615018026,0.5255806168476239,0.7463750831714444
sample_0359.png,0.059174607133309305,-0.029075336163871906,0.09781379744297272,0.4201614528280883,-0.4044574491928924,0.8037188420568043
sample_0360.png,0.37184316380120025,-0.3858647778492025,-0.13205701479469187,0.4213282399696932,0.5887003534058016,-0.41390383870790415
sample_0361.png,-0.20565064111043307,0.3489280725633399,0.052108147630456444,0.5325220218040231,-0.5669835776030051,0.4776941217566694
sample_0362.png,-0.41942201004836155,0.009092319127893956,-0.1253551524828997,-0.3785022888783059,-0.6988306161413091,-0.42030986215326815
sample_0363.png,-0.28352246266040576,-0.19557561294702563,-0.08228293056714266,-0.3809395633547211,0.5978743127105307,-0.6099393964949976
sample_0364.png,-0.33852295974883423,0.40807156023354596,0.14528722022465346,-0.04866506308807187,-0.2476214303504027,0.7962956548648852
sample_0365.png,0.49385492929048624,-0.25580401603645314,-0.5158190068792112,-0.5086146717046444,-0.13808890116098974,-0.3832035196082914
sample_0366.png,-0.06712651801394481,0.24490164067145145,0.24831741164779306,0.35238118395918255,-0.5335977907431354,0.6818772462502799
sample_0367.png,-0.08332498607598213,-0.33211681940756455,-0.3993886639050037,0.49663590477211605,0.6834486308658715,-0.09744130112515992
sample_0368.png,-0.040689269194514814,0.051997695737557206,0.3700442496539367,-0.11687804775151822,0.9037146946832788,0.1683661155807715
sample_0369.png,0.00290296252950967,0.32112984393846455,-0.23960755320368088,0.6012610717218153,-0.23222921894659465,0.6511606023768202
sample_0370.png,0.14610576953077634,-0.2599097625221995,-0.37795884160545307,0.8565945117283218,0.17863607984588023,0.05081463334465674
sample_0371.png,-0.23324865558128233,-0.20490822559963956,0.31121885251055587,0.199945804464983,0.576486773919725,-0.6591169732040156
sample_0372.png,0.23631957849359744,0.17220976432327584,-0.3138176725495523,-0.6476807983306719,0.4175436688160355,0.47136205871209086
sample_0373.png,-0.2489477493125354,-0.18688929231714033,0.2956671897130572,0.546666163958358,-0.6827252464444248,-0.22521249189833456
sample_0374.png,-0.35538542130657624,0.40876659628226586,0.15706322748561596,0.8101775940098982,-0.026603376583038067,0.1576284910067775
sample_0375.png,-0.074419147085205,0.22628474917855487,-0.34587935837433786,0.6917833344659908,-0.19360511330653268,-0.5545965655713577
sample_0376.png,-0.23137316138568065,0.1499420458171465,0.14841691273205482,0.4625505806931016,-0.34987062980164496,-0.7520596823419834
sample_0377.png,-0.01690526392526358,0.4995821241008266,0.5101141273859177,-0.07803061740361045,0.09954033067056464,0.6884173412178353
sample_0378.png,-0.0010245173113208631,-0.14180155840363423,-0.11537963997932525,-0.5402460309824958,0.4952718996036359,-0.6553005253679315
sample_0379.png,-0.4490570670723458,-0.5788544053188694,-0.2494496684432167,-0.12925274126032255,-0.2779198768351939,0.5541700657789925
sample_0380.png,-0.39406132063416643,-0.39863895803169974,-0.24726358382390456,-0.7539561635708881,0.23378454846308336,-0.03947486728789443
sample_0381.png,-0.3547140905084204,0.15258211653681109,0.06926592917677991,-0.397297071895467,0.8288365329633687,-0.03583128593504793
sample_0382.png,-0.37362467175270725,-0.3908489920497123,-0.10756770815387086,0.27983682794975395,-0.7704521690571309,-0.15545308987637188
sample_0383.png,-0.06366220051913457,-0.0009166630773678953,0.18108596633650947,-0.42449238455989874,0.01880316225629082,-0.8846506730284285
sample_0384.png,0.1547022446372248,-0.030039077315066352,0.30826838893836067,0.34683303288354034,0.41831864285621323,-0.7647560591844647
sample_0385.png,0.2092878595772476,-0.2961012506701593,-0.3566607693411497,0.029459246014805623,0.0598208220212587,0.8584109498806858
sample_0386.png,0.14071364028405986,-0.006577758478973814,-0.03968877853673341,-0.6775572953068625,-0.6356356013266954,0.33980097011657023
sample_0387.png,-0.10556748541831189,-0.0039946311877794155,-0.11676884823284242,0.6492335974643508,0.6291774920129172,0.3972857969954834
sample_0388.png,-0.19308195848172235,0.19883586508224774,0.28678667864790347,0.2592053375474065,-0.3171820032994052,-0.8204542807407808
sample_0389.png,0.13101684168564842,-0.17795107387401624,-0.015013415473602933,0.4746205712317026,-0.5943876042669073,0.6102305212910593
sample_0390.png,-0.30769866263854345,-0.2526613525533529,0.27215464465554334,-0.5010120489696978,0.3537958503478806,0.6254846492061836
sample_0391.png,-0.37610056494526867,-0.36450786419907594,0.3421818169451147,0.31845154336659315,0.672428747962168,0.234568070245044
sample_0392.png,-0.16050753393995032,0.39335800228948425,-0.07124247101124082,-0.325043474587406,0.818066512252398,0.19885986288564592
sample_0393.png,0.02414888203489387,-0.13055874976971843,0.12165045920482173,0.6001784594612455,-0.6713352185485172,-0.39581214138203163
sample_0394.png,0.3539056920404313,0.13536536164978746,-0.12417065628034409,-0.590006955231158,0.11438562822665659,-0.6926877716256913
sample_0395.png,-0.05951213363705875,-0.27708220909703696,-0.12276930787876084,-0.7703982772493324,-0.5451036864204278,-0.11815209628678375
sample_0396.png,-0.3053819112986406,0.4041329785564158,0.3311289624703079,0.17868035262159612,0.33412987821110834,0.7001446923184508
sample_0397.png,0.02419739902748291,0.3013747601078831,-0.1702320460224396,-0.8622736881605677,-0.18125273244697568,-0.32131032358720046
sample_0398.png,0.035497857275358015,0.26218613554044545,0.2589400948200679,0.5751418323379313,-0.5832949271068361,0.4380950358771455
sample_0399.png,0.0787314834192961,0.3687507882145133,-0.18697277079441282,-0.902031873690118,-0.04038693990656285,-0.08702175948181565
sample_0400.png,-0.19991442640632023,-0.18458802906345959,0.24972394988487664,-0.34642717067916207,0.32637560911630054,-0.7981645241954753
sample_0401.png,-0.13187770941390228,-0.2914561051233257,-0.08094714939765184,-0.3648988157377443,0.3865635313052089,-0.7800811868571862
sample_0402.png,0.215495268626709,-0.19518423006934002,0.06549436002726891,0.08259160443976242,-0.562508322897828,-0.7667714182747676
sample_0403.png,0.023333842962197166,-0.05154463190168286,-0.12236005490212387,0.31137217563428665,0.19104918231998166,-0.921072352117206
sample_0404.png,-0.08214903869214514,-0.19716061266734633,0.2120313880206339,0.7058429740232145,-0.601525391232675,-0.22220445196502597
sample_0405.png,0.23540539329194737,-0.06056656736874743,-0.19207730345010085,-0.5669581575885135,0.46017363504198633,-0.6089507158889391
sample_0406.png,-0.12566702144268138,0.2548119059494719,0.09696616272249214,0.13974629984611053,-0.731235210704881,0.5963575218773607
sample_0407.png,0.057722924212152964,-0.1518665490055283,0.39048034824808336,-0.07231793796451991,-0.6386228300690416,-0.6387962975070949
sample_0408.png,-0.182805761470249,-0.18204703119781063,-0.03878923017974965,0.6937085656226196,-0.6634121054786817,-0.10290350778063061
sample_0409.png,-0.424162932477298,-0.12327802685489042,-0.12665116326124354,-0.2971587901894994,-0.7549340410989293,0.3614125961484342
sample_0410.png,0.25121179291732126,0.4712587582572231,-0.29124333178048106,-0.6909867530509306,-0.0730275268069608,-0.3836527427181002
sample_0411.png,-0.10638165410436937,0.10973039451881891,0.026490536590760724,0.6358679144579158,0.27366375832314027,-0.7047840650889399
sample_0412.png,0.3820605943727371,-0.3823231035249237,-0.046603256187023774,0.8207531025396567,-0.11170356792561789,-0.13990547107101392
sample_0413.png,-0.2961153665970832,0.17041131763086406,0.40004666941486433,-0.315916642496289,-0.0355032910663784,0.7887804042290794
sample_0414.png,0.2464086651901349,0.3942120564274107,0.0902824056806022,0.5384974508330387,0.04165443515561808,-0.6957112295983131
sample_0415.png,0.5516020817487721,0.5099432332065211,0.043047043302665546,-0.049138950889585725,-0.6563214258365733,0.025836870428076416
sample_0416.png,0.16868912378595782,-0.3484298174209128,-0.003955409086247588,-0.7016723154737052,-0.026750948757384537,-0.597549449858055
sample_0417.png,0.2178761073650669,-0.25423901473176713,0.3729968756054483,-0.5436999547516652,-0.45170490132029445,-0.4991181196295122
sample_0418.png,-0.112681812995861,-0.06230863483757255,-0.03815383740594839,-0.03880413246816378,-0.5862266867044089,-0.7979957636697129
sample_0419.png,0.033768736967002805,-0.18293882849830245,0.1326086732712885,-0.562097318649301,-0.34900964104653626,-0.7141756590842232
sample_0420.png,0.3366091426068983,0.2265160301667902,0.15802088110176177,0.3007842338184228,0.7842320731105922,0.32391831457587644
sample_0421.png,-0.06882257788590211,-0.27314529854106895,0.0789968270320261,-0.6146700150365066,0.3723157132497214,0.6308536932279096
sample_0422.png,-0.06889253130407533,-0.2809662180282322,0.29014427599911974,-0.4436956927115926,-0.5281755245876765,0.5969027140649373
sample_0423.png,0.05147312903673137,-0.006560700146403565,-0.34218430323708027,0.0155581546075237,-0.6373542861803013,-0.6882985068498388
sample_0424.png,0.06804686347009933,-0.14405657969734242,0.19951006035863222,0.6029810515046642,-0.5932748659768222,-0.46824336296416735
sample_0425.png,0.1386537561955674,0.3278393215618984,0.2313611398172022,0.02877386990608112,-0.15292730984220132,-0.8919382492236975
sample_0426.png,-0.19297205451968333,-0.16884816445861764,0.25008763827844854,-0.48842640216996985,0.16123952752939705,-0.7791981270120659
sample_0427.png,0.056504185704033406,-0.041636157803066974,0.31632853984729337,0.35926706939414765,0.7869847780839418,-0.38287347016019674
sample_0428.png,-0.018795927150347176,0.6824880163635126,0.040688404255751084,0.027134994864672593,-0.14390948575648416,0.7146712715401925
sample_0429.png,-0.07295614775768569,-0.2094454812035014,0.17901493084787515,-0.16354039456703276,0.9116891168188677,0.2466599664725009
sample_0430.png,-0.24030040636109845,0.14978918224152635,-0.08328398109205885,0.5855154220641272,0.37791203562574316,-0.6536335960871636
sample_0431.png,-0.2644026242690568,-0.05954301726069748,0.01391527233299042,0.27095129985243954,-0.552335543983893,0.7401777398242381
sample_0432.png,-0.1965933649000528,0.07814366190934693,0.19278727181777433,0.6205815644332257,-0.6363569782545629,0.3577792656346421
sample_0433.png,0.21647409359437558,0.20775154746888083,0.03558700495066215,0.6670579984117275,0.105496810771935,0.672767326850309
sample_0434.png,-0.2821226075145551,0.2193525486583035,-0.02756506260967461,0.6790706970503634,0.6357198276084018,-0.07908697897060495
sample_0435.png,-0.08943708502819245,-0.19276120254680637,-0.1570532588688965,0.7963935262587944,0.3061173531906929,0.4496975849408533
sample_0436.png,-0.23550966148679725,0.038326082458182,0.24268686399088701,0.6252380667592498,0.25118491233470014,-0.6558604245467297
sample_0437.png,0.418961534711084,0.31649294357006075,-0.2619865407515121,-0.3141630912665942,0.7199316735555426,0.1966378373184601
sample_0438.png,0.12490303967018669,-0.04515512762011738,-0.1592451387879063,-0.6750072620445426,0.1762294592961778,0.6857912253495856
sample_0439.png,-0.09037082682591951,-0.12806984703985638,-0.18888738487504544,0.2730341740728475,-0.5080800593877037,-0.779140408921267
sample_0440.png,-0.1152998948424825,0.2871002368162802,0.42724435326058224,0.16685503388879955,0.7023090476042128,-0.44795429476178317
sample_0441.png,0.08548608096310834,-0.09905151308066792,0.321863514635944,-0.9006247520787449,-0.017653212570808735,-0.26047691969390585
sample_0442.png,0.1549235246804906,-0.3130724061353516,-0.025082992796887443,-0.8440450241369853,-0.3993423563715596,0.07395196499588141
sample_0443.png,0.1832696091749929,0.019730594652665197,0.04554438615061726,0.10936715180178269,0.4763130402098187,-0.8515358927904957
sample_0444.png,0.15653983560643706,-0.10904788304168654,0.29718355692526277,-0.6370136928712165,0.5738958457286776,-0.3743566293197258
sample_0445.png,0.22541465552339635,0.22625497593500432,-0.24694954834107763,-0.3781633221678268,-0.49769682455969816,-0.668059287866161
sample_0446.png,0.03274963973050969,0.0592781934745715,-0.027547401866682888,-0.4745826572055826,0.5338242661309751,-0.6960299216957004
sample_0447.png,-0.4063742564108559,0.3758805819225277,-0.2008523085042165,0.16339705260117007,0.3656808636740378,0.7020049936948406
sample_0448.png,-0.00544345645124137,-0.44463965183596366,0.41812908494538825,0.20845888894765718,-0.7029437002338823,-0.2997483328393919
sample_0449.png,-0.16866533655248964,-0.1223744793976431,-0.03728367575036676,-0.43623073089687453,-0.6381369193437619,-0.5980555493864802
sample_0450.png,-0.1956583787332789,0.20713063209818203,0.03840466326344417,-0.7113199704312921,0.6264023393632471,-0.1377816781127705
sample_0451.png,-0.19875576640446516,-0.13030617070173728,0.13783095863981018,-0.6390720593790172,-0.5192662069635526,-0.4964560234957382
sample_0452.png,-0.14847884348440488,0.16717953127403312,0.07198087458220369,-0.37622562197890225,-0.015202585416170724,-0.8961288712111454
sample_0453.png,0.09351603582106417,0.3859788586647801,-0.16404121461374807,-0.10538190412873633,-0.27451893965662033,-0.8537561464892655
sample_0454.png,-0.20780841935732572,-0.23915493956073483,0.23832490741270618,-0.2305492417961048,0.4033427417120539,-0.7918228931080996
sample_0455.png,0.19838919266915678,0.04557851442731486,0.3695664852200273,-0.6948153391777875,0.5818289467475054,0.026299456776506577
sample_0456.png,0.6976246460267482,-0.05930243141897368,-0.2946077598596569,-0.4493583250101566,-0.35065143829153483,0.313257094544515
sample_0457.png,0.24413424364839315,0.30880714729651687,0.06481757364277842,0.3299319753377774,-0.4658383925701574,-0.7176174347528366
sample_0458.png,0.29990674904837383,-0.1415821961672116,-0.12744435911035792,0.3290191745740689,0.17067265398342368,-0.8581291201675351
sample_0459.png,-0.4589373663244586,0.3125380559896465,0.25502834965279464,-0.3732933238700345,0.6227231088484373,-0.3154758664033636
sample_0460.png,-0.07432714945294519,0.2366725920379159,-0.03222103335583542,0.2830959310777678,-0.918260205820649,0.11865181100668817
sample_0461.png,0.06917945370868658,-0.29433726146761063,0.13890546049845376,0.5419941355795428,0.4063311884062498,-0.6560658313506172
sample_0462.png,0.14770695144564625,-0.3597752769586944,-0.05037990257011789,0.7032557407772211,-0.41086557792505285,-0.42758287143096363
sample_0463.png,0.2213323588718719,0.08869350203515257,-0.3727029642981813,-0.6762040590137686,0.14082631776139118,0.5719737483620847
sample_0464.png,-0.0938456922615132,-0.23206393670952732,0.3226893606699328,0.08191571898102847,-0.41339300342673274,0.8096955795451216
sample_0465.png,0.3482935375397719,0.21686892136328967,-0.20487287838805635,0.2471643364882154,-0.10023156258890266,-0.8476732925986724
sample_0466.png,0.35764735233517286,-0.12131226182603853,-0.3793469095282052,-0.6778256674290869,0.4649421799597967,-0.19454758440606695
sample_0467.png,0.03894571207046573,0.2710591827486321,-0.05905666286344547,-0.20164510566529179,-0.3641187624535872,-0.8650313518716549
sample_0468.png,-0.03612035090530561,-0.37676345034056014,0.3021682902146215,0.26076279915448675,0.6276984580912446,0.5508505744879615
sample_0469.png,0.13153136678695848,0.26221403765783635,-0.18113394548530085,0.5448966643878151,-0.29751315551971175,-0.7040648686243293
sample_0470.png,-0.08816054856770542,0.29119186430757577,0.20558831226094665,0.5451282256823231,-0.44905031883915814,-0.6052747230918435
sample_0471.png,-0.021803104079295275,-0.0850899766340026,-0.0734930336284623,0.444671060699399,-0.583216213374687,0.6700817791660815
sample_0472.png,0.11635765615227643,-0.14528794858843813,0.19447257548263858,-0.5160515974281589,-0.17762826802134127,-0.7935185394346155
sample_0473.png,0.24775454559958426,-0.44995311823732603,0.2590181126984288,0.11336304596129444,-0.6320477386136625,-0.5066892240230964
sample_0474.png,0.03588257958031556,0.10413974417171183,-0.14618167465046022,-0.4273758791407898,-0.22211914387698323,0.8570362979564475
sample_0475.png,-0.0353402822815594,0.18680540531623685,0.26039536437512384,-0.558424717410009,0.397846852288894,0.6526321906818674
sample_0476.png,0.21810162809605374,-0.12832023781610963,-0.15240435664039878,-0.4007671988064857,-0.4707137004268203,0.7283905360841711
sample_0477.png,-0.3961057482146479,0.15134694667956092,0.14887021637045425,-0.03469317510093641,0.7360353719996473,0.5050547607999145
sample_0478.png,-0.10621868617873903,-0.1379982818606655,0.05263027249965247,-0.26852954711567767,-0.34677575998635785,0.8800810041912689
sample_0479.png,-0.21826983177160167,0.039830290280330194,-0.034419520261472734,-0.1286415944870376,0.20510621532348097,0.9439120222473395
sample_0480.png,0.33916591020361736,-0.4447765250294369,-0.21709608159850316,0.005306831344664718,0.7815406984681724,-0.1708086463620233
sample_0481.png,0.21876111379137472,0.06031971476670278,-0.02870730099932099,0.579895944426508,-0.6036485891977973,-0.4970010788416384
sample_0482.png,-0.03703170241877272,0.1284731489416905,0.24551882984333837,-0.1270873470178601,-0.1184863695731793,-0.9442741093891442
sample_0483.png,-0.1464840407642014,-0.21073609440838376,-0.41522501387435734,0.23442929713728256,0.48658692765102524,0.6855632564911774
sample_0484.png,-0.33029454314547013,-0.1318831376984944,0.08066899574234045,0.6674320690414075,-0.4760270561499496,-0.4415173166630794
sample_0485.png,0.3833479985453958,-0.30894991690993795,-0.05831397964996344,-0.796839244062645,0.2456143003172916,-0.2427232482299236
sample_0486.png,0.034138224223108214,0.2502194592079278,0.2545823163684919,-0.4097970139374257,0.7591139025751176,-0.35668633048966447
sample_0487.png,-0.1389597762652609,-0.19883190377293522,0.21891137564710816,-0.571943735834098,0.3325356701151015,-0.6749327784126842
sample_0488.png,0.2761939453790354,-0.2733851432604028,-0.24330429133731968,0.45391016108206894,-0.2265940717487472,-0.7296582639236465
sample_0489.png,0.165343705546401,-0.2753903171843825,-0.23048405105603467,-0.12665484940466815,-0.38636308460062463,-0.8236387863780098
sample_0490.png,-0.07327010644020325,0.26697839113815935,-0.1653769094876956,0.5144630349677117,-0.48194838856319044,0.6317104118098535
sample_0491.png,-0.2786079938653264,-0.3698360370970123,0.04941830712362587,-0.37315804979903827,0.3341376549158114,-0.729562759313612
sample_0492.png,0.22942810860330093,0.20577622236196288,-0.14266818459135258,-0.19840617711290415,-0.7597419011046664,0.5177759273931822
sample_0493.png,0.3050232575085003,0.11556548149400693,-0.14729783611213954,-0.5802756647385271,-0.08246113116001602,-0.726903772244108
sample_0494.png,-0.21170422601867314,-0.16308450721775936,0.3991477066731377,0.17382015695998604,-0.8156063867909616,0.271732676189574
sample_0495.png,-0.1362376092032506,0.29720670114798414,0.13596835443122837,0.24711301850555387,-0.03657873989114895,-0.9012309632372982
sample_0496.png,-0.04489361775724502,0.11471913871612219,0.019001396098441255,-0.5113982223830946,0.21597713688267298,-0.8223677788742588
sample_0497.png,-0.20859911735618253,0.03860125274269349,0.06606855901936498,0.29845719133659215,0.4807255662057341,0.7940135590590819
sample_0498.png,-0.1070957746567388,0.060015170948174656,-0.10173716481475821,-0.5074080989401422,-0.7357483073896104,0.4192727905617815
sample_0499.png,-0.07752326126832454,0.23518154925910562,0.06756693744057007,0.6146046799713788,0.6472652928663448,-0.37070637952864494
sample_0500.png,0.30259375570436225,0.41197078216888044,-0.1990389343601727,0.4555042012852178,0.09870470845345858,-0.6941713761005203
sample_0501.png,0.5935795083903116,-0.17775649850597056,-0.6168004151922654,0.16225461465390742,-0.2637054289264098,-0.37383971037720476
sample_0502.png,-0.12553006763013266,-0.15265323935863268,-0.1549737136818034,-0.4647067945455346,0.8467369923285128,0.06329612648052757
sample_0503.png,0.21935323081168728,0.21098641218124,-0.15952526992384108,-0.7259883890676515,-0.009737883496161817,-0.595622879704146
sample_0504.png,-0.020730631118410236,0.2619157104687355,0.24350710405874224,-0.09643557952998391,-0.27500712769313046,0.8869870069706236
sample_0505.png,-0.4714592505946241,0.008567336566762751,-0.06093482768655866,0.7651401912467338,-0.31262646015287654,0.3012721472338756
sample_0506.png,-0.21285240330121924,-0.30773285441025705,-0.3253026214090554,-0.39719807083334235,0.010652595219854868,0.7721999507712756
sample_0507.png,0.06267837222263505,-0.23811172364217717,0.24875534600810387,-0.41759118291775227,0.26269214653366685,-0.7963073820146009
sample_0508.png,-0.15491444516905922,-0.318538894711813,0.3100809216040847,0.5354456581878759,0.6171699341679973,-0.3328415971265054
sample_0509.png,-0.400016260463983,-0.6636046395751386,0.4589494083045458,-0.20156988021237848,0.2595457251393714,-0.28458199920007915
sample_0510.png,0.04391203570989552,-0.13168815889619553,-0.2626985287600756,-0.6906102325601443,0.34573861721595917,-0.5614639437777413
sample_0511.png,-0.26849292658206003,0.011768617619654701,0.3224119399506366,0.6372402149045064,-0.13687828306101538,0.6316746259956282
sample_0512.png,0.19340895917777062,0.34213629674366836,-0.12355784619908972,-0.41114917345367946,0.32503401741439425,-0.7453713385251393
sample_0513.png,-0.028300328094273988,-0.25337826967830934,0.06567263089762153,0.4989194098997731,0.3816310531907222,-0.7322040774957277
sample_0514.png,0.12102427938073196,-0.30145856562349094,0.27429389360742873,0.3590352424395486,0.8174105642133029,0.148903932591262
sample_0515.png,-0.15401533655951724,0.13533024964261725,0.3231977437818478,0.15235201050484487,0.4518965509480864,0.7912563365855617
sample_0516.png,0.13991248826169064,0.07366066602126499,0.1423537484614066,-0.03599149819980807,-0.3804648673778441,-0.8992692082781469
sample_0517.png,0.05367906299109344,-0.18509229932788276,0.178753917953796,-0.04569122348929677,-0.45516085997257527,-0.8494982868653475
sample_0518.png,-0.10291322776003264,0.40754142649796277,0.18681935259288002,0.6488490668745006,-0.13181344503318657,-0.5916396596420557
sample_0519.png,0.05521291015662302,0.31097300711545867,-0.19814928327117803,0.45655391927852984,0.0388585744367632,-0.806865983246834
sample_0520.png,-0.05699026493884525,0.3280557010476049,0.27261517711562677,-0.3353555987855872,0.23868050485299305,-0.8033559428328522
sample_0521.png,0.22768041473828912,0.3232600453695532,-0.30625847750774454,0.5593539541434273,-0.4584327841293274,-0.4762697273462376
sample_0522.png,-0.07685550749194246,-0.2199259274436746,-0.022763818629016934,0.19325691842509035,0.5586830469450261,0.7718371865262001
sample_0523.png,0.07089852755072908,-0.43834640410584175,-0.04510128345839957,0.3186515924656877,-0.24512595713058719,0.7994786618721705
sample_0524.png,0.0900582948830409,0.2348023003185521,-0.0448785188090979,-0.16787993441388663,-0.09423797288258648,-0.9474591463095109
sample_0525.png,-0.07416534639734867,0.24695727002588272,0.23158107428183428,0.04164591426775249,-0.17482241423142006,0.920643555083452
sample_0526.png,0.27147872046988464,-0.02343187368436304,0.2816122688189289,0.6835015052801973,0.5291589583273806,-0.31505756740620544
sample_0527.png,0.19827449293998348,-0.2498816107906239,-0.0499927868024583,0.18693253648716318,0.33709449033926936,-0.8643903393092632
sample_0528.png,0.01568011803344568,0.030652022837328548,0.11718328149708186,0.13642412147469204,-0.5233220550025679,-0.8322290260257453
sample_0529.png,-0.5375805950418152,-0.24498206988734578,0.29715888015838055,0.33143728567171593,-0.3015017801947268,-0.6016090852182943
sample_0530.png,0.34063146500139563,0.37698781330913683,-0.1717014139642501,0.005795975772454405,-0.46813505983695486,-0.7022713083462624
sample_0531.png,0.022946472452690037,-0.4509961594894798,-0.23057775955133147,0.8172471418983791,0.22678856153555618,-0.1535704325173626
sample_0532.png,-0.039557971216066246,0.058764400798107644,0.10178489302687176,-0.6176905147055631,-0.318317806168345,0.7083459253659649
sample_0533.png,-0.08558750760892066,0.19790868598364375,-0.003680387601946978,0.25485294736096975,0.35211491105367226,-0.8743903304221239
sample_0534.png,0.17357819577400427,0.2704856024317255,-0.5574275669836734,0.47029018367431,0.6028833335641993,-0.036626297188665335
sample_0535.png,-0.07079230014179416,-0.11443437016292374,-0.20681324393368208,0.23911842620549836,-0.21645862573453675,0.913832341785843
sample_0536.png,0.040503045401217436,0.25979000337371855,0.17593240564342297,-0.5200570716755484,-0.33711678511259885,0.7181986922157598
sample_0537.png,-0.09163902827602201,-0.35016739622207704,0.23639573036935255,0.40176708862396054,0.14590441020726075,-0.7939755987204616
sample_0538.png,0.4647501345360779,0.2422014901731308,0.006322955781371089,-0.8404637464782644,-0.09180358999072721,-0.10246249341750926
sample_0539.png,0.24667751741515417,-0.08311034491542989,0.04492411033640273,0.17478992062421927,0.49494203255090474,-0.8091387800266253
sample_0540.png,-0.2735045077816255,-0.36113935240429046,-0.2203040540525566,0.5380388016129654,0.6674504465994276,0.10613164197946438
sample_0541.png,-0.09482687924625892,-0.21445582710280203,0.21495354422173962,0.7337317905473544,-0.4230129857765682,-0.4260389752418752
sample_0542.png,0.29837273809482406,-0.1425941841168891,0.019452406688429902,-0.5202888240731434,-0.4606004425549895,0.6382859731770687
sample_0543.png,0.20692712572018623,0.078710291648444,0.09456656827451575,-0.36582215654345984,0.2651335839648678,-0.8590234870074377
sample_0544.png,-0.18702254493018097,-0.09991305227970404,0.008890868153207143,0.39733498392789385,-0.23065024256452266,0.8624884221178979
sample_0545.png,-0.17794550877394488,0.07205395967080269,-0.015130605309946142,-0.5364648176127547,0.37834498813767453,-0.729366339366379
sample_0546.png,0.15744451856340122,-0.06151489795000645,0.4472810777170101,-0.2920568434437371,-0.45714868831114824,-0.6907131498631874
sample_0547.png,-0.2602881350883289,-0.05047047716192465,-0.22656889557308027,0.10375076874483331,-0.5720376187995067,0.7351041381254283
sample_0548.png,0.14787490814462684,0.07908476229313172,-0.3010558083556306,-0.20348545407644006,-0.4051399894124733,0.8220092889546693
sample_0549.png,0.12216349949045459,-0.15175546404671625,0.016127263361483478,0.016481352053272457,0.38175282360563806,-0.9032050800368094
sample_0550.png,-0.2516938021966286,0.05974362621643826,0.20283936525274515,0.06112224810600508,0.4881919048782872,-0.806145058760491
sample_0551.png,-0.16993960187763987,-0.2470140693204011,-0.10455902213807099,-0.5362135127453619,0.1884279822657914,-0.7590401546752964
sample_0552.png,-0.021382454086706353,-0.3370488924125458,0.36888923211215613,0.7158839379824055,0.08508312906301,0.47972139591648433
sample_0553.png,-0.28483622204683134,-0.24868294643717337,-0.024577895599754162,-0.25444183988116853,-0.0439076325533258,-0.8886802100478831
sample_0554.png,-0.175284159848387,-0.10687225108112676,0.1634175016204336,-0.47030318785543507,0.13896988817999578,0.8310540217648238
sample_0555.png,-0.011847960130372485,-0.31851715951344606,0.3548077642518512,0.6925044852539257,0.3520271626554235,-0.41113539134791754
sample_0556.png,0.22170107741910458,-0.3011098632486162,-0.004068474114646162,-0.12672677479516217,0.19691031936115322,-0.8974026859348544
sample_0557.png,-0.32296956054066095,-0.3054401201083402,0.007601614025474795,0.05168494849355269,0.8722713314741485,0.19700406555225727
sample_0558.png,0.13637053013792727,0.30507628975242845,-0.26854349740415673,-0.5374578698234358,0.14680953786265996,-0.7111975279063782
sample_0559.png,-0.47829467463963293,-0.2775985924536959,0.0751551822774234,0.6403823867697608,-0.4849260631366953,-0.2080433518806887
sample_0560.png,-0.051359796109493955,0.24984608870117733,0.0961416350817788,0.6787556600885275,-0.3907602080717299,-0.558831909426835
sample_0561.png,-0.26447565840624343,-0.015642944406164004,0.2703087910198197,0.4906341017775233,0.26780828878559754,0.7377655322180524
sample_0562.png,-0.23243362424825909,0.07531151059023812,-0.014735873005359413,0.2327206871326147,-0.6945304062396603,-0.6352591890931618
sample_0563.png,-0.3212833391065967,-0.2662293491779703,0.41622534378799514,-0.7858644313441389,-0.13738449174628162,0.1272714021810256
sample_0564.png,0.4351006153205788,-0.3107049162594628,0.21800792751414028,-0.0006610716953902208,-0.7668129072767141,0.280392548615134
sample_0565.png,-0.10555244545155115,0.06810478947142505,-0.23814127711979227,0.4936235449862339,-0.06800656644161772,0.8241480775916727
sample_0566.png,-0.2617177637516414,0.23991598865632402,-0.33512243099414024,-0.5666742930140936,-0.09642560486645932,0.6566730047227395
sample_0567.png,0.06564521343102661,0.1405033544067498,0.3333291228750058,-0.5203142105768941,0.705063596345621,0.3114476787156204
sample_0568.png,0.3104193234643339,-0.10729796813474252,-0.09481484285632796,-0.11975505347525821,-0.393611269054037,-0.8449059304260088
sample_0569.png,-0.22623430198143274,-0.4972348338636508,0.1281584933231703,-0.5744861294088773,0.5816319193433659,0.1296956387333645
sample_0570.png,0.3840459489502113,0.12241182032713813,-0.07920996398539346,-0.5404316381885641,-0.09402985079159942,0.728245747361078
sample_0571.png,-0.04405326278647234,-0.14228367281070972,-0.18594005699988234,-0.5286106224268555,-0.05986895235409657,-0.8125438327215073
sample_0572.png,0.22596319168107826,-0.5403350480570843,0.32912013713322363,0.5974675915087019,-0.2953375351984798,-0.32321328032668223
sample_0573.png,0.28754250170286216,-0.08598583097399534,0.06282305821130556,0.5758636072501753,0.5344089453379592,-0.5373706308784804
sample_0574.png,0.007323943237393477,0.12873333268092726,-0.059473938704430386,-0.5095150324870769,0.3489149189055407,-0.7736211931960834
sample_0575.png,-0.1689076919018885,0.34545735284259854,0.0042981084556178925,-0.4308055060158098,0.6248918617405519,-0.5253833955921655
sample_0576.png,-0.35110099660689587,0.09986793135117174,0.22387157759364884,-0.6247051480485205,0.33595579810665266,-0.5599224793980067
sample_0577.png,0.24585309305984138,-0.024718899329402695,0.23103524311658677,-0.10818439324300859,-0.6892564493131533,-0.6314979281246916
sample_0578.png,0.15242333621133572,0.10043800098958382,-0.2518484170561183,-0.2984231960838854,0.26818124839453816,-0.861553320120337
sample_0579.png,-0.05237012018209512,0.0672620640964837,0.28448764243662455,0.5316002863018843,-0.02197795832687018,0.7929174430531728
sample_0580.png,-0.3038970585754995,0.4670579609991897,0.3162031481935379,-0.25444672320097106,0.46451024293313087,0.5558831776474501
sample_0581.png,0.2434878678236728,-0.30727893348503765,0.20960098879179337,0.23656481160182186,0.2884561238009121,-0.8143653328267537
sample_0582.png,0.10076185127799571,-0.5070620904916926,-0.2597336162912525,0.5753659247411775,0.5004372677737864,0.28946524480726704
sample_0583.png,-0.006040430855213247,-0.5169742328481237,-0.0517570125326409,-0.0832202254430823,-0.6995720805390512,-0.4834207956091043
sample_0584.png,0.22122460177833878,0.34023349352284193,-0.38064843417970595,0.8200951013705866,0.1222212023426003,0.0539779345259918
sample_0585.png,0.3265728884586337,-0.14946000061608747,0.12599851216841637,0.11798928755689812,0.5920279920173933,-0.7005123955795773
sample_0586.png,0.023347529231097508,-0.34267161030764587,-0.2503242853804286,-0.5171990465482925,-0.6793747068378783,-0.300539459098518
sample_0587.png,0.09328774479611825,-0.02226608506412936,0.11434199791876361,-0.5773625627823078,-0.5449049670324188,0.5894561676999921
sample_0588.png,-0.4053047878270286,0.14828191289576798,0.31148117280452714,0.7572651036801165,0.36848529923153855,0.08653397748492485
sample_0589.png,-0.29512786708386696,0.0035908102632244447,0.2895228351616753,0.17736721141046707,-0.15575937231651005,0.8793992644550983
sample_0590.png,-0.25216473778209264,0.27766289301859814,0.08256301252500756,-0.5257315494420547,-0.42364866993148714,0.6297838948474029
sample_0591.png,0.27709424963072576,-0.10582576101913171,-0.09663440815413676,-0.32654626459065716,0.3205990328776144,-0.8326255301675738
sample_0592.png,-0.09646192698835954,0.35477225913246996,0.11937411932234113,0.4237945264632556,-0.6488829855368982,0.499930626035511
sample_0593.png,-0.18647737374570006,-0.1307778052094314,-0.19025673455325712,0.4709038249388116,-0.344916857599861,0.7557828250920208
sample_0594.png,0.3355305952770282,-0.28033280477716926,0.2710906382103146,-0.35645635315329377,0.7044837937548132,-0.33464018991599515
sample_0595.png,0.12038728916600495,0.1900182501453131,0.10055917749341628,-0.3125231204167381,0.46591205745580816,-0.7902803749069707
sample_0596.png,-0.2779498442784272,-0.12578051377829239,0.1548486416166105,0.20821624989179335,-0.18426936263893495,-0.897572192017108
sample_0597.png,-0.12597673152339775,-0.142594465468864,0.16645720306832407,-0.12368888976797832,-0.8748589103345265,0.3942228134383541
sample_0598.png,0.33534656462683937,0.06759059169141272,-0.09200234015380811,-0.2647556977967456,-0.7608524390166685,-0.4748870912549105
sample_0599.png,-0.4650883394871156,-0.3254461513816966,-0.015717829476997798,0.2377544254882578,0.21976422673445592,-0.7567741450849431
sample_0600.png,0.07352580068826473,-0.1323121192245527,-0.3266761379045804,-0.6339863111246565,-0.30791010668239865,-0.6112469911358165
sample_0601.png,-0.22796506686862442,-0.09763200119726269,-0.35984969377571113,0.7203257308679734,-0.5302955670642169,-0.0944752428993378
sample_0602.png,-0.03207977784881293,0.23140115485198998,0.11063875801595922,-0.8549225147047443,-0.11991959771049528,0.4334861503518784
sample_0603.png,0.19555146877263588,0.3152273263196855,0.3094219014181465,0.7885455470975001,0.3489840070043388,0.15184046144847513
sample_0604.png,-0.10963402302080551,0.2798875322162529,0.2396624555920542,-0.43278950311018805,0.42882924469318423,-0.6935445065597924
sample_0605.png,0.09831804399691246,-0.3213490423071534,0.2064511483614315,-0.17009524060706754,0.5052082883356317,0.7485175168911866
sample_0606.png,-0.565855762486131,-0.0399517157027519,-0.040281658294977325,0.13349182351897373,-0.7713143857813851,0.2526708448137937
sample_0607.png,0.1744241471232424,-0.0632793439716038,0.21218818080661023,-0.1413743178786251,-0.49993219081436713,-0.8066159087724063
sample_0608.png,-0.2046729336969078,-0.07047523197616891,0.09587029483539795,0.0035527029601509033,0.6026714156769596,0.7620535817680977
sample_0609.png,0.031475129819089905,0.46938182901231223,0.3638111338774308,0.25993779247714255,-0.661983567922733,0.3748887481708997
sample_0610.png,0.2821354346565352,0.28590214906737654,-0.33099017522535834,0.7062905595442184,-0.09578037025090827,0.47019658415116533
sample_0611.png,0.42024968836168747,-0.3594150015961158,-0.0879120359706183,-0.404244260300812,0.3269108158935132,0.6451344251059279
sample_0612.png,-0.39002698648727946,0.3132865912541808,-0.3094114424704109,-0.3843440333090121,-0.282510011538988,0.6530411765427726
sample_0613.png,-0.07533375700869518,0.2619569634396535,-0.19807085464531501,0.8139027066600181,-0.04522569885266017,-0.47115637654104875
sample_0614.png,-0.496933090694929,0.46670138140417744,0.25464525692528983,0.5688574724230114,0.2414273934770707,-0.29751824623145634
sample_0615.png,-0.1915854123887754,0.29278725730038685,-0.03034841178706023,-0.4023488214312412,-0.12045826230015373,0.8368123197951028
sample_0616.png,-0.17583444875357696,0.26392276265610976,-0.2526015969761435,-0.0909122661566493,0.5401938245598861,0.7318094334990635
sample_0617.png,0.2351271598345156,0.14490280797121682,-0.4305348384538956,-0.4790204168744559,0.010738176000609482,-0.7132897585282514
sample_0618.png,-0.07640785528558305,0.22379709303553566,-0.26979650765423974,0.5779108896870085,-0.6701438846910529,-0.29700626702046545
sample_0619.png,0.1326341492030297,-0.2959411882629304,-0.02382584693545252,-0.40246798974337306,0.24332153499226636,-0.8204105511348918
sample_0620.png,0.1305108322620523,0.018896923616345745,0.09546524377207623,-0.17421213068421815,0.7455004221845504,0.6223949471330601
sample_0621.png,0.3533978645686746,0.25591691588737003,0.10635762256086091,0.5422288377275029,0.25900613142829665,-0.6612172479778701
sample_0622.png,0.07484903458441537,-0.08422397887179073,-0.3096932358469581,0.020502135937382024,-0.09076343520119783,0.9395401557825553
sample_0623.png,-0.01706676765926079,0.23855696433205803,-0.2265966692918247,-0.42553674460675495,0.3686664589731278,-0.757929264967312
sample_0624.png,-0.25673840191523334,0.4538502702646793,0.020848273431469656,-0.41254740943899443,-0.6909444941314252,0.28296822375005254
sample_0625.png,0.05188075699948811,0.20238717494997768,0.1936706303933879,0.5576192248005628,-0.11388104836737614,0.7713179709740476
sample_0626.png,0.41361882188387805,-0.26866672986276624,0.07992847290519986,0.11401966074370598,0.798658494125019,0.3154254656699901
sample_0627.png,0.42797167121731855,0.46205978280983423,0.1678953914146775,-0.502756559484911,0.4601066766748195,-0.3327008134361031
sample_0628.png,-0.2878557498826906,0.09998957664175101,0.23149739356461208,0.1879710045391039,-0.7918916804336621,0.4371779689185853
sample_0629.png,-0.36195678269260984,0.19205113881880467,0.037383521555212684,0.7527262853763559,-0.08573976785021373,-0.5067128884978657
sample_0630.png,-0.11781978364377974,-0.3886960831459174,-0.2804892654104556,-0.6013206919028028,-0.6153984240031443,0.12671949630044588
sample_0631.png,-0.2289053537222546,0.04402087413504061,0.17820011438270278,0.5792566007665002,0.6085938181603698,-0.45605325991279805
sample_0632.png,-0.1526348872678799,-0.17381216293772153,0.06016441064700794,0.1278406691340183,-0.0839134379487732,0.9588990901769145
sample_0633.png,0.2986777604336395,-0.038977697343788274,0.29976016779786296,0.4948620509574678,-0.6327457045580184,-0.41732553267139544
sample_0634.png,-0.32125871929159716,-0.16336959342799312,0.09627929799884559,0.49045392345079375,0.6484389866942555,0.4470070888764456
sample_0635.png,-0.03841621970162519,-0.3468885451098265,-0.1518253954106734,-0.3414481504586651,-0.14314720528797578,0.84738634565965
sample_0636.png,0.2921017899874189,0.12330553134987296,-0.11580087852796234,-0.2743593809199715,0.5792766232566977,0.68936780502599
sample_0637.png,0.14352144385103055,-0.10723440767525527,0.38206229105089323,0.40716657715066784,0.8019583370898372,0.11405694518926658
sample_0638.png,-0.32294320757978673,0.5552145031961395,-0.4397183772598315,0.501067421860248,0.30142223438474686,-0.2284039495883426
sample_0639.png,-0.38130252643552115,-0.28933917408196386,0.1120687077646252,-0.6343223662464728,0.3294028722339218,0.497454232928961
sample_0640.png,0.20681646992635577,-0.020412329294976158,0.2510158848090916,-0.15746643196333,0.2687973962256571,-0.8926105493105646
sample_0641.png,-0.05497046092659725,-0.3962332440263053,-0.31134944335002807,0.4701794646780679,0.41243634622753705,0.5931833782103644
sample_0642.png,0.17566288604026367,-0.18149214717717477,-0.19609874689687457,0.2668616607442983,-0.8007865257720462,0.43043492726918736
sample_0643.png,0.06389438321561397,-0.4175592128562621,-0.37438257175829365,-0.0239957418898615,0.09868877065212972,0.8191973098309879
sample_0644.png,0.27829481435251524,0.21398415839254903,-0.3529597777621591,-0.76227126536806,0.029302509716385,-0.41263307242890324
sample_0645.png,0.2706391703149306,-0.13960813889730764,-0.16391638915891069,-0.444470149528334,-0.088675850475866,-0.821570632466024
sample_0646.png,-0.13874409243521077,-0.024034798749292752,0.3342852124880165,-0.6774565203809093,-0.29175527339610435,-0.5695237707191926
sample_0647.png,0.18617023173110453,0.26173516208641373,0.07831825960869518,-0.07013782464589914,-0.47529546485653856,0.8123278319726579
sample_0648.png,0.02137885583656122,0.23311692281816282,-0.3071153665019746,-0.6734449930911527,0.3793370716642663,-0.5034429697780123
sample_0649.png,0.32586805087574217,-0.28218622460137305,-0.10258522840234269,-0.10183484738037298,0.5051964580742024,0.7335280646203008
sample_0650.png,0.002239164628520872,0.06460684527972384,-0.25538350258049936,-0.7042204932908747,0.0228691437353674,0.65890113627801
sample_0651.png,-0.2931172000276188,0.1361540741528821,0.3951128609772705,0.7157106151250627,0.3963929399956558,-0.2646906774875178
sample_0652.png,-0.03436961585617417,0.026173472068175326,0.24009534900363363,-0.08709554427786961,0.2557831937520561,-0.9313845748204974
sample_0653.png,0.4080252955727781,0.406712281831916,-0.481835013553275,-0.22627967803761134,0.6190115514773562,0.03946776075139925
sample_0654.png,-0.28160335636828987,-0.29441571507185516,-0.23771827080578528,0.6637779077777357,-0.5616037152808876,-0.14665986586270002
sample_0655.png,0.14114438287680067,0.26351829277132993,0.05273936234422925,0.2994380611087595,-0.5045992902599472,-0.7507138842763729
sample_0656.png,0.13995165104136711,-0.1777406439668071,0.2829414643998562,0.10873211388529151,0.19521889789504207,-0.904893825755821
sample_0657.png,0.14616818395774406,-0.11576278271683656,0.2619459981406609,-0.627913341042984,-0.3777686722574193,0.5996947561846331
sample_0658.png,0.2745031854378093,0.12501771032262685,-0.1179453883289806,0.1778467821503589,-0.14845150766956633,-0.9173004581986782
sample_0659.png,0.09373098372597978,0.3289750306141231,-0.22749629122490456,-0.4320533017310278,0.5658594049371697,-0.5695335351922483
sample_0660.png,0.4736128887765,0.06095969957877699,-0.026348603774704868,0.01973127159421344,0.6084820858024683,-0.6329618676270479
sample_0661.png,0.3256997605142129,-0.16525969834101278,0.34509737622245323,0.7322390165303395,0.056618835219305975,-0.4562203735024232
sample_0662.png,0.09371708182212324,-0.11301620347385084,0.18465010425711412,-0.535256953482668,0.17318213770808769,-0.7923741075099876
sample_0663.png,-0.03758677118318653,0.27802761904474926,-0.2175831608209363,-0.17458747281840217,0.5827892696704745,-0.7098037244896224
sample_0664.png,-0.3331950127547434,0.28527460439097424,0.0974426862607302,0.5566707888989815,-0.6975880629124018,0.03991157385947964
sample_0665.png,0.20730292096679095,0.27084348331765684,0.1405551090817567,0.16179396269062804,-0.48090541798414504,-0.7787594367995605
sample_0666.png,-0.18539971094857682,0.011991423599765594,0.0821091777828343,0.4922633742163891,-0.3037769482948592,0.7900237793597226
sample_0667.png,0.029342094506348334,0.08244096438782533,0.17133160979146023,0.21014099402301858,-0.6343240200010409,-0.7186527733528824
sample_0668.png,0.43954262395057,-0.3120510613167686,0.060887038408658715,0.821780403762273,0.02199313817663983,0.17295217628294673
sample_0669.png,0.00441048327754943,0.10123762691405246,-0.09397656382968832,0.7426585693646726,0.6550391882352611,-0.016787114407842654
sample_0670.png,0.2236580838701555,-0.0411642883276538,-0.07554955872589054,-0.19468519386167626,-0.08936989086883013,-0.9469348050206341
sample_0671.png,-0.20216655335323647,-0.12450448006745267,0.2350438682411936,-0.5937612868434607,0.08096805568981263,0.7275117919006064
sample_0672.png,0.24859632810591856,0.15578281701630325,0.16576838589682272,0.5216848765476336,-0.6849234316079024,-0.38102126479740783
sample_0673.png,0.333479952152796,0.15928878501212498,0.2990621839856451,-0.6656111352319732,-0.0900060325776513,-0.5681907649250388
sample_0674.png,0.1991040323622854,0.24481192850556477,-0.14193996997172775,-0.11819428956405482,0.43143702223256597,-0.8247241688252103
sample_0675.png,0.24549467299050307,-0.026722333142341535,0.17160082346523492,0.6765616801936446,-0.10402849634688409,-0.6640887024126579
sample_0676.png,0.20872158007950217,0.29747729996121575,-0.19328983386202322,0.2978542615557857,0.08178964190997864,0.8574234026965835
sample_0677.png,0.1468576420823838,-0.21571737480769335,-0.31547443500072847,-0.11197289921688693,0.5096117365588825,-0.7484201198734945
sample_0678.png,-0.255775788175893,0.13261693092943513,-0.24639422272125774,-0.4323216004045118,0.49438097586381247,0.6518948284432633
sample_0679.png,0.32593676263573723,0.3814879745489408,-0.04565386617769976,0.49580301361353624,-0.38290239094558237,0.5947377634218315
sample_0680.png,0.29467359136838717,0.44725794208155195,-0.2665659022623374,-0.1678528808881989,0.23885284824607123,-0.7462205805312323
sample_0681.png,-0.27538601988901923,0.34829275213730976,0.4509171840361859,-0.6596374437012891,0.2853042491283089,0.28811164553995433
sample_0682.png,-0.21130573916523357,0.21553148536203778,0.2848362010205794,-0.11149050502961787,-0.3772846290016509,0.8203600295047044
sample_0683.png,-0.08438584652476314,-0.2690537073717601,0.13800761223376212,-0.33024681042935494,0.3363877949845673,0.8241500627968212
sample_0684.png,0.0252738695029599,-0.09960563087061387,0.004065048671894023,-0.4235524459303991,-0.37180743504168334,-0.8196255132635942
sample_0685.png,-0.12856895402952612,-0.15411257541526105,-0.08108529505612674,-0.5211256130093447,0.7041606871954952,-0.4309644244694595
sample_0686.png,0.03163461132522337,-0.21217642755566213,0.06836401226351846,0.586469997476085,-0.26869100397769385,-0.7301813906318843
sample_0687.png,-0.06290029562788577,0.26211682930684166,-0.2592924254007734,0.5269417986336089,-0.4128746529829042,-0.6418509332476356
sample_0688.png,-0.2973703550509062,-0.08096446714644913,-0.0028170686917276333,-0.009009438630499788,-0.9187301509362491,0.24670109626184486
sample_0689.png,0.05460210428937519,-0.09084470308587379,-0.18958862713270822,-0.37565977399394135,-0.4276684589001061,-0.7929700032505488
sample_0690.png,0.156722747888642,-0.4791276247082445,0.0780065314757531,0.13747597455109284,0.0016436492607468072,0.8490508438374735
sample_0691.png,-0.0699405481258633,-0.21829016574188984,-0.217035464837041,0.4221874542492677,-0.10265664911245712,-0.8435476845672246
sample_0692.png,0.24457326959566408,0.26000825878691725,-0.17280567798499044,-0.6055569064490021,-0.5883794981240364,0.36031683010546595
sample_0693.png,0.24102275285248156,0.17263496325428543,0.16352650761582196,0.7484104597494734,0.3317576148040805,-0.4638781651831275
sample_0694.png,0.05254504437262281,0.02152619820072549,-0.0432049171501331,0.8052069919687325,0.3874844369513923,-0.44317771541682965
sample_0695.png,-0.062546339986721,0.0051754787072741774,0.15443755740629184,-0.6250320010633903,0.14808539524051675,0.7480748117668101
sample_0696.png,-0.12385709277864596,0.08897200162491879,0.084619427763364,0.1990337684291697,-0.27756073256440666,0.9235413118553342
sample_0697.png,0.0236725163366088,-0.3103427889042607,0.0044685165928591815,-0.3217012995006688,0.7500479193020748,-0.4868710202456982
sample_0698.png,-0.035714191020218035,0.3398423703737242,0.1358565250213692,0.7680114623968431,0.5160430252935145,-0.09291207747455398
sample_0699.png,0.08238474058160039,-0.2531021639392953,0.07281086953938994,-0.5210067224269017,-0.22023548694837927,-0.7771093564486622
sample_0700.png,-0.13561788021670407,-0.22601919831391748,0.15449363529387788,0.12359029393392697,-0.5760778533405639,0.7480070690498836
sample_0701.png,0.2714507411871463,-0.11793421216122396,-0.3331448447597581,-0.16075306638652817,0.7304094561592824,-0.49201728335627265
sample_0702.png,0.33643283283138564,-0.16296050160352285,-0.09562611233731755,-0.8870609290984098,0.092727613093429,-0.23587489986535046
sample_0703.png,0.3149981358060693,-0.01295298620369015,0.0036848522446563843,0.458656605964036,0.4667604879682146,-0.6872871169520555
sample_0704.png,-0.2335048410964334,0.04481195268865494,0.11360996079300809,-0.15446311586739417,0.824923625206642,-0.47560730997519174
sample_0705.png,-0.19763181113883693,0.13913452187870162,-0.4864398636499546,0.5636276886025989,-0.17726227255182572,0.5965412194224603
sample_0706.png,-0.04994360682721819,0.018147712071320567,0.22927683979533559,-0.46962010685945205,0.5306758260444041,-0.6651680616975945
sample_0707.png,-0.19866093599782222,0.06412710611371084,0.21782625323220345,0.5747030382530616,0.5878526785179838,0.48282389787033314
sample_0708.png,-0.359813755056615,-0.13474774372993284,-0.16130811831282718,-0.7148774607317997,0.5449228256642514,-0.13552168979859816
sample_0709.png,0.1064214003706743,-0.17365392109362432,-0.029581177710772486,0.5108065300738629,0.4381162678821104,-0.7104748973807227
sample_0710.png,0.18643388687530296,0.26161597505873996,0.04818670142409735,0.21969684078551635,0.31134211867779643,0.865607828355648
sample_0711.png,-0.0938263228902596,-0.09239313754939728,-0.17807912161460354,-0.528157219058647,0.24283380956221323,0.7829620990835899
sample_0712.png,0.24602134485818936,-0.04105637505249955,-0.2470004011858968,0.15196734285312735,-0.7313534433075072,0.5646297383455242
sample_0713.png,0.16704617688458062,0.15810848633801775,-0.09603174107022051,0.0014612862254372212,0.4903666475087376,0.8351129275114697
sample_0714.png,-0.19629183169819572,-0.19943006469119876,0.05311869106113956,0.2541160111044984,0.16947547586602507,-0.9086136069562823
sample_0715.png,0.01676821292199938,-0.23663057515289565,-0.22421766418076713,-0.46226792526927685,0.43724159106461546,0.6989845444057077
sample_0716.png,0.4066192613977061,0.20236578117259682,0.014166503215487848,-0.7200938963580139,-0.32253407228256153,0.4134546283477733
sample_0717.png,-0.26353882426747766,-0.23812203500791607,0.24457693347679663,0.4454827339162297,-0.6025405753830209,0.5025109918778999
sample_0718.png,0.01305872297070858,-0.10165305734514724,-0.02055953069592658,-0.4314411786776498,-0.15947777743688385,0.8817589121916226
sample_0719.png,-0.41427390363755656,-0.6598822128048862,0.2802015939175584,-0.38151324996983904,-0.24470247895745117,-0.33013330889841475
sample_0720.png,-0.28063716545463036,-0.39300806025054147,-0.1142219860186444,0.8060747797100463,-0.12929021810931332,0.2954120391424499
sample_0721.png,0.06120972494387102,-0.027052561797040898,-0.04799023377294771,0.47475863704577,0.26267019872475983,-0.8359587724207866
sample_0722.png,-0.03674162024569949,0.2637781085597916,0.021735266277449414,-0.19871241463167,0.6429609416238115,0.6897197581653441
sample_0723.png,-0.06431414174008351,0.1508585335987826,0.319548978520582,-0.4780055024521904,-0.43690496738662415,0.6720257684326071
sample_0724.png,-0.2438278644819037,0.04266830210913314,0.1890357969011795,-0.6237569765968999,0.5053966024189579,-0.508423410551995
sample_0725.png,0.1142348929012905,0.13309179289159984,0.18987240260971158,-0.09897086741364425,0.5395743221596675,-0.7951413414640645
sample_0726.png,0.18810325303223208,0.11567115696493865,0.2718103016674992,-0.3568225929656216,0.3374454470468586,-0.7975993461438793
sample_0727.png,-0.34009121083538607,-0.1280519660704632,0.13323399302452552,0.24870879426134626,-0.5134346399246092,0.7243743311184521
sample_0728.png,-0.19972194636456375,0.01266634109850038,-0.29226516315447076,0.007964268312840252,0.6344310113135602,0.6869975579750716
sample_0729.png,0.17250149874785264,0.3733497565052909,-0.35674874847941,-0.5135861739406825,0.43967721394500353,-0.49648435240205724
sample_0730.png,0.3101768964170529,0.3240932384536561,-0.16288676302951957,0.4800268301828385,0.6649075083174981,-0.3157435919145531
sample_0731.png,-0.2828523271907115,0.05542697702361599,-0.07889743730925969,-0.3384799995251088,-0.7857342487126356,0.4227890560649913
sample_0732.png,0.3567435283629876,-0.28435592180424346,-0.08907797264243408,-0.07757478407012613,0.7146596231382252,0.5168990766371153
sample_0733.png,-0.19212815456267632,0.0780978791050724,0.2615251827819693,-0.5730379400247585,0.5211926227496247,0.537194416908847
sample_0734.png,-0.3245849384842262,0.14251182377115237,-0.28052519252949665,0.3680744411693932,0.8124634756157293,0.008057338217300472
sample_0735.png,0.17267879913001916,-0.0018695740213061736,-0.29268926149470426,0.05841488379012017,0.40472912767702884,-0.8469318554590186
sample_0736.png,-0.12801235796962968,0.2141469696161695,0.21025316505006286,0.555676469100742,0.5205151187022911,-0.5602099526853924
sample_0737.png,-0.003440050486831609,0.05442442167245244,-0.19021265266396767,0.5364557434030033,-0.24796479562244184,0.7820319626758587
sample_0738.png,-0.08785395835303934,-0.3433542427484848,-0.3580019734854221,0.17212678675518453,0.6492396734349611,-0.5432166682717501
sample_0739.png,-0.062301028589557675,-0.22838972154223225,0.21865402468006875,-0.4734325191261643,0.4110369042078097,0.709265428196572
sample_0740.png,-0.2588158386994376,0.23436834259092265,0.25894280486251203,-0.5611544220400644,-0.4316053287885682,-0.5566480218464974
sample_0741.png,0.23044838973369347,-0.15543287943240505,-0.08118090748788562,-0.30305258865247314,0.380373538537604,-0.8243900288160692
sample_0742.png,-0.1643017486366883,0.050815026518141855,0.2844960635714837,-0.7946393841021453,0.030297184900196693,0.5070651714603399
sample_0743.png,-0.21882708624640002,0.1615766227894162,0.11883809705104793,-0.5983919403951079,-0.5290817179405158,-0.5233400705023963
sample_0744.png,0.2056769329598781,-0.10499787887948463,0.1753638869178924,-0.6210590267029492,0.09880087532291988,-0.7214180648072834
sample_0745.png,-0.07279287407399933,-0.1965628056259638,0.12733259131218078,0.8214690024572417,-0.490406945403633,0.1566536881787464
sample_0746.png,0.19577900413849136,-0.0967735362414595,-0.2834725654854971,0.6602578056789522,0.6569642190634433,0.06638082365645358
sample_0747.png,0.2840845443431232,0.0739021777213473,0.282301751239656,0.3208605043250294,0.181730894022092,-0.8355612365127075
sample_0748.png,0.09380177816787186,0.21116671673329648,0.15542233223545387,-0.717464481321225,-0.211222554938633,0.6025640987702295
sample_0749.png,0.25387393453649104,0.28193983459690014,0.07406068995519056,0.1048406658169524,-0.5456733524459874,-0.7360855904412276
sample_0750.png,-0.2533932120855495,0.3357605858217765,-0.028550369726567028,-0.3267015085957564,0.4986205342468851,0.6832900354715188
sample_0751.png,-0.26905272732519625,0.14733028073983515,0.16126698064759298,-0.34379724939013395,0.6754181242045317,0.5527306650228605
sample_0752.png,0.03241852258863035,-0.04080929913984778,0.1140811129920896,0.4140341845951613,0.28913168061235467,-0.8539600139399187
sample_0753.png,0.07371210601756449,-0.16266827583763305,0.2892452285278001,-0.027734196698716834,-0.27326386786006523,-0.8994445108465565
sample_0754.png,-0.08667551332189073,0.24908594936499898,0.012417960244435726,-0.4778047720868274,-0.40795124601180643,0.7318249245080144
sample_0755.png,-0.21024087786506265,0.10673681837721756,0.37980564654942417,-0.5716123105965834,0.6880241751941981,0.005983013386994722
sample_0756.png,0.2785791745412012,-0.2494120825214067,0.07859581921538948,0.5657876801607487,-0.06341934910124333,-0.7279232383596727
sample_0757.png,0.08370015056961347,-0.08885355331591854,-0.09799510954952559,-0.4932011562195261,-0.2569251175082869,0.8162342757194232
sample_0758.png,0.04980201950626474,0.07904969697010976,-0.1798677704545831,-0.6005867372326658,0.3064343238512103,0.7101493262968017
sample_0759.png,0.0036361322886809613,-0.15594542978442483,-0.03577543440365784,-0.3430544585633572,-0.5403487881538727,0.7514816999535004
sample_0760.png,-0.20469766452096025,-0.03963880807901167,0.08223229038188647,0.2962965890839716,0.02895660721059939,0.9279737753020524
sample_0761.png,-0.048403114287937254,-0.29530982609244333,0.0004390820141074411,-0.6114805944987551,0.6329341479786449,0.3686935030909283
sample_0762.png,0.19069658876782686,0.2330600116326003,-0.15175421768832686,-0.6531451396292786,-0.5309451255178209,-0.42164819422291633
sample_0763.png,0.013081485970426762,0.1527474770251729,-0.1680783506664772,0.24620849276438705,0.623625100455007,-0.7062010076441818
sample_0764.png,-0.08636238970559959,-0.08593511377771675,0.1922873689160608,0.4643448700897257,0.8490125507999009,0.1083687769852977
sample_0765.png,0.18209510437333895,0.41209605743239924,-0.37319208516520397,-0.06865537713653633,-0.8073509461636417,-0.03488221467876067
sample_0766.png,-0.0052032049017510795,-0.2738446324354114,0.23186851036510617,-0.015501931664547611,0.10045666018580815,-0.9278400656282915
sample_0767.png,-0.07969577401842969,0.26587784442345336,0.462531368803459,-0.15216972769905576,0.3130295918433909,-0.7667327676077861
sample_0768.png,0.01676243809164329,-0.3788859845694374,-0.2270850764063936,-0.3141903123058827,-0.6426717914960359,-0.5411600645908581
sample_0769.png,-0.3014449794627565,-0.08618699651215252,0.15559820048352987,0.2367016127820562,0.6913053551330329,-0.5861409203135066
sample_0770.png,-0.22521698585779892,0.24349454729484502,0.05513559998676707,-0.103069688093903,-0.28149613555927216,0.8927958027423332
sample_0771.png,0.3415004361702013,0.39001781371939764,-0.21368773031762517,-0.695020305965439,0.3407287695660198,0.29402685400238404
sample_0772.png,-0.08127899839014961,-0.2108367663989353,0.21882655864741823,-0.4907880353421165,-0.04099307644634387,-0.8114820956953717
sample_0773.png,-0.1621361558428691,-0.0683156655412335,0.33021413727109344,0.20667283242231987,-0.5065895397855552,0.7487702176735247
sample_0774.png,-0.2697203229969555,0.10383212804872202,-0.044698689082315765,0.5092638728173582,-0.39890994212138436,-0.7042677258410992
sample_0775.png,-0.3373908444865712,-0.2378912484939442,0.28882590036158295,0.03554789027407738,0.37223637553491407,-0.7786727165200051
sample_0776.png,0.5722218160691629,0.07612552757734084,-0.24364663422249683,0.7758587086911289,-0.03621967899725973,-0.06430251860618391
sample_0777.png,0.09342168874884925,0.1654642624116815,-0.20876649427877242,0.26449242218921515,-0.5236754415344773,0.7590245762428084
sample_0778.png,-0.41820763329162797,-0.29622851618657625,0.12431009776501174,0.7513939488056102,-0.22301340293732252,0.3279789582531099
sample_0779.png,0.1005986855280543,0.15550129804785748,0.10949506584370822,0.685541720474483,-0.37362633152240177,0.5866395786284274
sample_0780.png,0.08308714840824215,-0.5032625771883515,-0.22097963867657439,-0.19876260436713383,-0.6908825763628561,0.4173319976288812
sample_0781.png,0.008652040539795666,0.045204644066567205,0.14949371271887474,0.6293762309629412,-0.33769455385178915,0.6821885812622217
sample_0782.png,-0.23105340929487947,0.055402060902788625,0.1892747503852023,0.47244787927868054,0.04968386189998077,0.8258598657153265
sample_0783.png,-0.1475056336517301,0.11910574007830381,-0.10667733976408547,-0.7242459002704298,-0.5400549052343231,-0.36943799368240415
sample_0784.png,-0.1770837584878272,0.14707480068320633,-0.20199035238441715,-0.7126383022123897,0.5860994446831272,-0.23418867220557804
sample_0785.png,0.4945833688633863,-0.22903666154949487,-0.4763984398733207,-0.6843522231196407,-0.04625370807706808,-0.07413942673502953
sample_0786.png,0.11071308082311086,-0.17924942148273149,-0.47479559880000266,0.5300323968854537,-0.21938467937434375,-0.6333383129896577
sample_0787.png,0.23562442844205778,0.34241824635252205,-0.24318929037127032,0.3952919789625783,0.32793348778538417,0.7101364103407859
sample_0788.png,0.16591596890763516,-0.4695899862420304,-0.29508613516151355,-0.6429515000614182,-0.3001674515212907,-0.4017389432630064
sample_0789.png,0.26737612156581325,0.06066416981459829,-0.18499418370419707,-0.2349721559197696,0.3671558109505065,0.837013570105311
sample_0790.png,0.18662241586429776,0.2515599736426519,0.23066838886484184,-0.6814177801109744,0.604489093748132,0.13763899311086736
sample_0791.png,-0.09124299395034831,0.11775391944936017,-0.04539375317812336,0.5484030561990897,-0.409046493476269,-0.7125189062810618
sample_0792.png,-0.13990578311100763,0.0032136205494330008,0.1039282294890721,-0.5797078144839901,0.15259437478123877,-0.7811970137050226
sample_0793.png,0.18089534921406736,-0.17566754949276683,0.08053446992508369,0.47259330794768767,0.5458999275785312,0.6392032682915733
sample_0794.png,-0.1393833304528733,-0.35376592714778515,-0.05697914872392714,0.7184235390018995,-0.09403249027902444,0.5720147218138192
sample_0795.png,-0.6327568791982259,-0.2011960085902213,0.10149394974646529,-0.05311887408334742,0.06108458535683091,0.7363999828676322
sample_0796.png,-0.37058556423803646,-0.3794268356520677,0.09756423974286005,0.46829709390393026,0.6972743494341732,0.06073836144576826
sample_0797.png,-0.04914995399589594,-0.2803388773897538,0.015725782793419525,0.35590762838758383,0.3511488411340392,-0.8177844135390053
sample_0798.png,-0.10577995585834159,0.2619353152098747,0.18752368187254864,0.5963541761444618,0.13403256289278903,0.7151449706184928
sample_0799.png,-0.42345390658751964,0.32024751641191757,0.5231013126747072,-0.4113338038828082,0.5198218559843537,0.07129567820033952
sample_0800.png,0.1751466010312143,0.23717824602786172,0.23789726379117496,-0.6137614565742734,-0.6371047049902419,-0.27178945701067025
sample_0801.png,-0.32702518127004065,-0.12965321694015414,-0.1991142939542651,-0.7149366256888012,-0.5694318812234325,0.03479979871370835
sample_0802.png,0.36309870751125495,0.1650178916603842,0.03166404925854015,-0.736316299840149,0.4825408328258097,-0.2547910188088586
sample_0803.png,-0.13384250853743562,-0.44257482325632147,0.20634531904442704,-0.4198767505299501,0.45343135883703584,0.6014472838280217
sample_0804.png,-0.3357369618090579,-0.14135332412469012,0.5385705038601847,0.45600992114138356,-0.5355554566594002,-0.287188173971145
sample_0805.png,0.376813826724022,0.13288945735582833,0.16858249637921677,-0.6634620184317763,0.5466137700191389,0.2701170312137331
sample_0806.png,-0.48164908919889526,0.25249968792551275,0.16827650069460104,0.12847876103883077,-0.5582700546632654,0.5897192856042395
sample_0807.png,0.14446018771514124,0.026885005847104588,-0.24515661879077585,-0.2680042394655048,-0.32359856921877994,0.8612574391650015
sample_0808.png,0.29253231044886757,-0.09275695773600981,-0.3336960342719163,0.251935791984471,0.09089350910637223,0.8501380344189351
sample_0809.png,-0.40507477566260824,0.2511590419181973,-0.12144213419145897,-0.4259832927726775,0.6641476315063062,-0.3681460683896478
sample_0810.png,-0.30078906035424874,-0.12095626761779309,-0.023149108082946346,0.4418522446384689,0.39626765322508517,-0.7362731709125189
sample_0811.png,-0.15168054287176477,0.024281094609601345,0.10427493172096877,0.7225662419653099,0.3626424850034641,-0.5584967627622518
sample_0812.png,-0.1601251694049076,-0.05773541074049781,0.051558859287580486,0.5792521650451681,0.5268185790429388,0.596068243210711
sample_0813.png,-0.1376288982713648,0.16551222750322467,-0.02560395378571787,0.6214278978083874,-0.6029353752782622,0.45089325512983597
sample_0814.png,0.21082131396333834,-0.19142205557934264,-0.3224851303638116,0.48959078357721914,0.5343597955096377,-0.5382153699867076
sample_0815.png,0.038829087409616,0.10550746116192809,-0.18110150575613715,0.17874828273805024,-0.17458892896130065,0.9445265901631908
sample_0816.png,0.14298396987584816,0.0305140581798474,0.5407736785107737,0.567573985615209,-0.19318248354043352,-0.5716017880901725
sample_0817.png,-0.3898252532371539,0.5175446154068695,-0.06660462604165118,-0.6867802279462354,0.10759521657555193,-0.304144463477429
sample_0818.png,-0.23875436158289687,0.3378281101929912,0.3815345825334375,-0.7125318009872762,0.19362879666752783,0.37162643447758803
sample_0819.png,0.03733302888363238,-0.36322211677316185,-0.5375204736136782,0.4309247022062215,-0.5539252873914783,0.29192183252383186
sample_0820.png,-0.2979998176636149,-0.043848848154248526,-0.2811762747109804,-0.42368693663391044,-0.5826775585546983,0.5578436449491581
sample_0821.png,-0.015285969443172244,-0.007384014364796862,0.25480319086099207,-0.23428311274345864,-0.749194698456905,-0.5644518369926729
sample_0822.png,0.3003007406992977,-0.34027543277777894,0.09337443097560877,0.6548421634644954,-0.21794438975700894,0.5558734519168133
sample_0823.png,-0.2562160701650561,-0.15536353995875998,0.1599217284498616,0.4891140785737298,0.0845681259327176,-0.7989093733506109
sample_0824.png,0.08965450348962287,-0.21649489628933732,-0.03444336194193525,-0.18283602462980947,-0.4716028408479396,0.8294983021709905
sample_0825.png,0.4437202001053514,0.3583322581387278,-0.14745528729054572,-0.3186945169931966,-0.1978673665694536,-0.7157161624073276
sample_0826.png,0.05374642101590038,0.22779177857721566,-0.2437643676432042,0.12806547971538101,-0.4872166693775436,0.7949970508712859
sample_0827.png,-0.4779461640356111,-0.020145048952759193,0.14359360924010484,-0.48730743651627406,-0.4686124300095665,0.5417345931618198
sample_0828.png,0.0702690880975644,0.9326223621441628,-0.1703835763158088,-0.22416045501845594,-0.06809434048114693,0.20337766103672827
sample_0829.png,-0.0710368537920518,-0.2895559016641416,-0.2943275714843893,-0.817534095653962,-0.34556142933730055,0.19159260652883942
sample_0830.png,-0.23414931009198525,0.27243215619918476,-0.1008874525517278,0.46495278870494483,0.09194942443817042,-0.7975843218059877
sample_0831.png,-0.2158293689112783,-0.2067159494355616,0.20411833298359514,0.42714161374765763,0.11414320469254426,-0.8206968237612929
sample_0832.png,0.0010358924264774285,0.2699440468392227,0.3541499102826901,0.5287767398083003,0.7106783268933539,-0.13053143173762768
sample_0833.png,0.2695432960031754,0.0908228549094154,0.1756387888672184,0.43682700293923715,0.6315300247655533,-0.5464436236006855
sample_0834.png,-0.16878014615358156,0.06103200434390843,0.3492379980645364,-0.2714939008344577,-0.6314375376911734,-0.6110637243546808
sample_0835.png,-0.08674736296343304,0.309174218584872,0.161526713020181,-0.17108074088169928,-0.4748356796707648,-0.7848934806540261
sample_0836.png,0.4766009573733897,-0.317293906850696,0.23060899004590582,-0.6052441442330805,-0.4782379813568334,-0.1548016694855217
sample_0837.png,-0.04282323158882136,0.3139289939932056,0.22512962320461516,-0.04715316517863459,-0.5897533873857219,0.7063277790113844
sample_0838.png,-0.15071386572294015,-0.33309333719128253,0.15009329385655937,0.6083276483584216,-0.5944380391222955,0.34696837380957857
sample_0839.png,-0.21313947179783,-0.05009024994500149,-0.04360529687437617,-0.31642079589536837,0.546636910195874,0.7424466841754609
sample_0840.png,-0.12684431011230105,0.30121306078553634,-0.19647870513572116,0.36250920011695975,0.6039994035188243,-0.5986226957040636
sample_0841.png,0.23665144855634082,-0.033489354299113094,0.19584827185703318,-0.5199982197812544,-0.5788778585015092,-0.5468274735384651
sample_0842.png,0.1916081032531086,-0.2702663677961401,0.004998111366482201,0.6011307905333468,-0.3398654410712979,-0.6429235558967813
sample_0843.png,0.10428095013222212,-0.2730738503385216,0.24142382653118252,-0.40112831409141037,-0.43445336093479675,0.7117703593789918
sample_0844.png,-0.12181511107299683,-0.29816408237732606,0.1238142039630613,-0.12964478278254243,-0.3505297438720761,0.8609590179268686
sample_0845.png,0.02294658376645203,0.020113746049249853,0.129918097334433,-0.5527541071199137,0.05436054708792138,-0.8207910863798932
sample_0846.png,-0.4224117354613091,-0.31865187939437933,0.23974312588407434,0.4028999792382049,0.29603231376677563,0.6423309233020557
sample_0847.png,-0.39753113454240313,0.6338656943244808,0.19565634819613792,-0.2779341268703113,0.4022899273966826,0.40350626695819086
sample_0848.png,0.3581479598026571,-0.25947477733783314,-0.40136582612674204,0.7955564832336649,0.014296542357265754,-0.100964564545115
sample_0849.png,0.2681762976538324,0.039266956839906685,0.24936382886577435,0.3300423446627641,-0.604504520748843,-0.6245026785005279
sample_0850.png,-0.34557488139689935,0.1396580031583046,0.10644158590146081,0.3838027402102596,0.5825098227233483,0.6025957146628618
sample_0851.png,0.4493785736995706,-0.08468932248781821,0.05029752560460214,0.2182960415819901,0.44951098740218987,-0.7339233512490869
sample_0852.png,0.15762878564734847,0.18149351636827551,0.1470059906685889,0.013535982132510489,0.4981141103209017,-0.8199400090531578
sample_0853.png,0.2282155261415025,0.0002616421690697025,-0.016602856004802713,0.32030324469268934,0.5403368334781812,0.7436960993375747
sample_0854.png,0.04960164625731984,0.39548786430054594,-0.45847418806687545,0.5635733574373945,-0.5532928135429984,-0.08475009158928026
sample_0855.png,-0.3084046181171964,-0.06131755310392862,-0.1834677878130176,0.11482784495443232,0.29893139245970707,0.8745975695515922
sample_0856.png,-0.4007172466208523,-0.1735240970363246,0.2400622553832589,0.5876766606640635,-0.5766833562263188,-0.271583575922621
sample_0857.png,0.2381117383478454,-0.3073404283689078,-0.3240798455664929,0.543135697247523,0.5383182322524727,0.3987906845057964
sample_0858.png,-0.022118477523500733,-0.23851056006583307,-0.20483527803018634,0.38511230218318465,0.5949280741082904,-0.6312013117131405
sample_0859.png,0.28445767063215904,-0.10319119384290132,0.06248366238324623,0.5034806966071628,-0.4333473902936031,-0.6806235600805112
sample_0860.png,-0.16086403698625507,-0.06311260561171829,0.12265346092253417,-0.10137651846678823,-0.8045726235551774,-0.5454185402699476
sample_0861.png,-0.06865462091418259,0.15100566366376678,0.1924830864718045,-0.4151924348538364,-0.3124926773220367,0.8157191076903442
sample_0862.png,-0.3493816204571078,-0.34893144045068064,0.33806398880807637,0.37545917655007816,0.6322399759057322,-0.3181117606031064
sample_0863.png,-0.13053476428738356,0.203628806861674,0.014095806260562935,0.3556921648332664,0.8686601369442433,-0.2453771442792217
sample_0864.png,-0.3157301926003213,0.23523761420046702,0.13104233409368443,0.8272639761276832,0.3594182645181256,-0.11940871807916897
sample_0865.png,-0.1643506616553108,-0.25916565431469707,0.21720294868852622,0.11009643229279661,-0.5047333749824804,0.7692645178956966
sample_0866.png,-0.302807477935906,0.3138165097195977,-0.21411973013100255,-0.1735896111608457,-0.7084721532702906,0.4815739046498641
sample_0867.png,-0.31815963427016997,-0.28661439536243416,-0.22813200449823687,-0.3049585588682945,-0.6722367731801889,0.4687007810671694
sample_0868.png,0.13448428485745634,0.07185748814095452,-0.047902077821678615,0.44469935294950597,0.18675794188016043,-0.8612896296228082
sample_0869.png,0.3258417245116758,-0.06935395933893922,-0.3129302464871404,0.33772394800956984,-0.6379291082970969,0.5196930319456553
sample_0870.png,-0.1659201962602718,0.3493210239084721,0.36629254758242613,-0.3835184688112237,0.734890423350657,0.17065969079502105
sample_0871.png,-0.1538685366914002,-0.29911048187724587,-0.08084198181252668,0.23106378840200437,-0.5945984584493884,0.688029189731916
sample_0872.png,0.05564845070707204,0.20640480179029705,0.04971977027076607,0.5823624871093175,0.5081967635397062,0.5953303581303837
sample_0873.png,0.0764915628813308,-0.20353588751429436,-0.4056263819033791,-0.7807458262096993,0.4128623287349994,0.09038846150566623
sample_0874.png,-0.1702020653481655,0.07926531320311798,-0.17553768049131624,-0.6405181005727746,0.6451792653858711,0.32774238077574214
sample_0875.png,0.23484028569092208,0.09218019111280523,-0.018894312081968945,-0.43242837448215293,-0.5186086817848002,-0.6928539482994353
sample_0876.png,-0.2421975661157858,-0.22411143038650852,0.3238126225156706,0.6841542207073313,0.40107151610398756,0.39665404636234264
sample_0877.png,0.26330547602856863,0.06293947876745581,0.037531308675995356,0.5177129717740903,-0.02338592593446913,-0.8103867141679609
sample_0878.png,0.0010759694739417517,-0.018608672023224162,-0.24076847829003972,0.6387059685289972,0.29258680471061566,0.6694256844129822
sample_0879.png,0.19474546633425316,0.017292649273024867,-0.22542571261140298,-0.2133353624230271,0.44309183821154724,-0.8179951477650483
sample_0880.png,0.15010029456518498,0.19865761041543473,-0.00025374289569443274,0.44306517797487543,0.5949805888861582,0.6226526623445765
sample_0881.png,0.15636702503031075,0.1702543682599556,-0.015659749362207837,-0.5652306582799013,0.11478646437874662,0.7833619510528852
sample_0882.png,-0.154351663431811,0.03546408570001929,0.33588358267527946,-0.2871018697453744,0.003778015465836027,-0.8829826297829212
sample_0883.png,-0.058723806843062124,0.26249141157955047,0.1631447305328334,-0.34385951823076205,-0.21810526179919862,0.8574522125190501
sample_0884.png,-0.26677058955923805,-0.3512286101898748,-0.05658648464237641,0.47844002205153163,-0.7019159006684977,0.2840406650009563
sample_0885.png,-0.2918575212349861,0.2937470492293831,0.3196676803752059,-0.09989129124880944,-0.34014997375507416,0.775025262670968
sample_0886.png,-0.30257071042415584,0.034292979365303775,0.17010478629319478,-0.03346361319438088,0.27000708322216616,0.8968364845620711
sample_0887.png,-0.20333629636017056,-0.29055285391669106,-0.2844992637652029,0.1762327925884173,0.6075301776618163,0.6270108807884776
sample_0888.png,0.07259658280605179,-0.146996025667952,-0.2695266279527038,0.5654368477495892,0.47522377105564084,-0.5957523311392238
sample_0889.png,-0.08064903657744013,-0.08632125964414959,0.04770184463204895,0.5903567219012963,0.4961292330725362,-0.6237817182701738
sample_0890.png,0.21593647370289173,0.27924934006334595,-0.24905609154139327,0.06465417140209444,0.1990687377625233,-0.8772421469759736
sample_0891.png,-0.08046368763063352,-0.23210587695088508,0.3219460730589641,0.5527249707837298,0.08639830167724766,0.7232106353193825
sample_0892.png,-0.10039507382662455,0.019604256110319292,0.12775282256808548,0.23157979898533296,0.7568739444777506,-0.5888364352621182
sample_0893.png,-0.2025960368636003,0.2010894197387444,-0.08539525240740338,-0.4333835481164995,-0.49108979890276605,0.6944314592659006
sample_0894.png,-0.2477746197653397,0.3184273682912536,0.22809762855025434,0.6492445992905614,-0.5873991831422779,-0.1364802942142963
sample_0895.png,0.17136981169926693,0.08840787637454647,0.06398216519036981,0.5592528180195359,0.21755070477220653,-0.7737122811232721
sample_0896.png,-0.08841430440296244,-0.18290904585126427,0.11695103348533618,0.01381862789167291,-0.4341684246797401,0.8696875715012469
sample_0897.png,-0.027642893807158526,-0.19209861172132145,-0.07369241110854326,-0.6177453642452614,0.3433311750915034,0.6763266899254334
sample_0898.png,0.2032591665757249,-0.15052404121365154,-0.05749126463206813,-0.5237448837460887,-0.42708854686953207,-0.6899345248596606
sample_0899.png,-0.12192633304441375,0.11385307450077188,0.03935094182745572,-0.49461735804447143,0.0682234073280548,0.8493068856002606
sample_0900.png,0.06118058360477913,0.1542438901993906,0.2049183646666662,0.3531796784107241,-0.5204291654968984,-0.7313629884032795
sample_0901.png,0.2812817071627678,0.2325915455018865,-0.29671618034695885,0.6092255450106133,-0.144538108090826,0.6218474516414776
sample_0902.png,-0.1881458574560288,-0.10706825165065766,-0.19167822583320668,-0.5331184749735591,0.5883517822600846,-0.5348119814526315
sample_0903.png,-0.09573408451784492,0.15613891955763828,-0.044200480548842104,-0.43133012138701315,-0.43953586305454617,-0.7650258112333953
sample_0904.png,0.46300727162197414,0.2736629195539049,-0.26748008910156806,-0.3297595384465749,0.6925829835070704,0.2253324933971414
sample_0905.png,-0.07579381399135693,0.20128471611043636,0.18101891361907665,-0.06695485932692107,-0.5072548521725974,-0.811899917165301
sample_0906.png,0.15084409451336248,0.0771923924533111,0.021418575491733045,0.07454413968114841,-0.5617330689183642,0.8060569265532284
sample_0907.png,0.07928428626623145,0.0001791610784871995,0.3465613255995615,0.520007275417273,-0.7583284445144928,0.16774868465824483
sample_0908.png,0.298660885713438,0.026003027095770022,-0.15236801319488258,0.4025951558655707,0.5658315064196788,0.636129981448901
sample_0909.png,-0.18158282657298458,-0.15371781009424826,-0.1455176068637425,-0.051835674901760255,-0.45166794377449276,0.8458914052171496
sample_0910.png,0.23339108761391453,-0.09597443455044108,-0.10517743139855888,-0.36192633621347003,0.39760812358039865,0.7976041143809923
sample_0911.png,0.07503808756311638,-0.21502569670008959,0.22896665618696319,0.12720773440410943,-0.5518066985259754,-0.7583106654252656
sample_0912.png,0.4490608897290518,0.3491562637818434,-0.2911744816902214,0.34718077537940584,-0.4797104150633273,0.49091248596548437
sample_0913.png,-0.4097893924675361,-0.2346400177290773,0.21556002040803393,-0.6120988291577327,-0.3751747555249126,-0.4638205683919469
sample_0914.png,-7.883602942247947e-05,0.2770710975198675,-0.25401239027772166,0.42263806404854537,0.6071444181644629,0.5580878323332704
sample_0915.png,0.19271797138110788,0.03599902677477902,-0.03252830638914234,-0.3251180365560434,0.6984205410871073,0.605815791272404
sample_0916.png,-0.20840294515742092,0.24594656206531615,0.09359437535562141,-0.14975984925366065,-0.5167190155784853,0.7732347899899987
sample_0917.png,-0.016440765650558426,0.1535557073700675,-0.421445230398125,-0.7890278803084152,0.046631927819488585,-0.41688695246723684
sample_0918.png,0.20278184932579424,-0.02660278716978902,-0.31291979340127707,0.5934374903316834,0.3980167442082578,0.5913270098644264
sample_0919.png,0.31308622887368337,-0.08671262416085009,0.19117260000272387,-0.5543211394868265,0.572417428834866,-0.4722047570631839
sample_0920.png,0.23347088958590043,0.06278659505869091,-0.351212466455777,-0.6890134813214259,-0.2794676871243014,0.5151283578038356
sample_0921.png,-0.02216646215115239,-0.3173704727039929,-0.1874099572434047,-0.5862585267800657,-0.33319965336467017,-0.6394850035088404
sample_0922.png,0.13650173856371475,0.3717954418607149,2.316230795414136e-05,0.14879753630272535,0.0959634713407074,-0.9009915258217842
sample_0923.png,-0.18547779761080083,-0.15277272096664174,0.16319920821845252,0.6986151718081807,-0.0307226210794054,-0.6531595999694125
sample_0924.png,-0.4805270961134717,-0.45321866148582063,0.09780225185989902,0.15188731806480577,0.3916164116118309,-0.6145633434238019
sample_0925.png,0.020333542264631126,-0.06668583492899226,0.17871637248121758,0.09821338359376135,-0.5501204232165302,-0.806797159098296
sample_0926.png,-0.047694621283344854,-0.11861914360096858,-0.34892319797391175,0.5432625182590881,-0.6375721451465767,-0.40034350222734494
sample_0927.png,0.5243707264089396,0.6508776412757593,-0.2302639408753261,0.28856792918878466,-0.40206182071119556,-0.05871113587152355
sample_0928.png,0.07452316442274641,-0.2642872249784158,-0.14095440321960861,-0.45101937982486906,-0.5014818297344601,0.6706921129394628
sample_0929.png,0.04995671746506441,0.16146206024218523,0.18209336936520185,-0.18775405733418907,0.5948349363156658,0.7410776928288834
sample_0930.png,-0.017658378629822717,0.08478528646696043,-0.26736908773138107,0.6493951034297379,0.22130485229992683,0.671061524585159
sample_0931.png,0.06434425068160893,-0.0780973910358389,0.01405259824127408,0.39665598942685276,0.7134507974924912,-0.568520118385814
sample_0932.png,-0.3643327362090026,-0.3252565401544123,-0.011919078154814262,0.7097919651611754,0.5045705848283799,0.05414487148166061
sample_0933.png,-0.04987883886158309,-0.12623740193170974,-0.045169022697917116,0.48288910204789015,-0.6672982223498529,-0.5486958873073281
sample_0934.png,-0.15505880877182318,-0.14214195142165703,0.32450614333648914,0.05009485264155298,0.5162050639112646,-0.762542478906174
sample_0935.png,-0.2508912835462255,0.22100561236016805,0.11929383804746574,0.6448690406955302,-0.43083712026957544,0.5220175854317415
sample_0936.png,-0.15978242170739848,-0.14514775481598968,-0.4234093532859686,-0.7155254730706468,0.17805584244464057,0.4800475402431625
sample_0937.png,0.21694406407179295,-0.2716618901579609,-0.057447488724203646,0.5085875622231002,0.40602219855174215,-0.6725470558810545
sample_0938.png,0.4828622589863222,-0.27712541136762553,-0.4830227534754631,0.1663387159660039,0.5323996653483889,-0.3815974223624118
sample_0939.png,-0.15723477933398755,0.04815312380640828,0.17225283090419,-0.13046590548969056,0.5374524293906455,0.7983802331770358
sample_0940.png,0.31416681179284034,-0.20079688246902144,-0.07878876112140502,-0.22822037399557787,-0.7868026772164498,0.4285197375826974
sample_0941.png,0.022119505890054018,0.1894871845035967,0.2560319715007823,-0.25516673272367013,-0.44308454679255305,0.7978840685477229
sample_0942.png,0.4922285360091237,0.30975316717582496,-0.13303801971671977,0.17070408277174165,-0.334280202707045,0.7093530794152579
sample_0943.png,-0.05716401170183404,-0.2095733169531468,-0.14423975599226943,0.24164976538626712,0.2769683734915393,-0.8926926147072756
sample_0944.png,-0.05524835734148261,-0.06156444464876644,0.4890492452490891,-0.2541996702836773,-0.12834632341929544,0.8203036162177224
sample_0945.png,-0.11773813420177213,0.23269205883788538,-0.16920029036726486,-0.5004818557184793,0.37762977849565676,0.7143367985327463
sample_0946.png,-0.13311995213779443,-0.1090716378000509,-0.04044995981080822,-0.5135694399902756,-0.5164842508428339,-0.6619944908087537
sample_0947.png,0.018868373839514563,0.1576314635479868,0.12551645117438542,-0.5458350060883449,0.6002140494640004,0.548497190154629
sample_0948.png,-0.030142281040441216,-0.28811590982091134,-0.06532763175436335,0.1996557322320101,0.589805937140733,0.7239333609052392
sample_0949.png,0.1733622422638543,-0.029912077339193106,-0.1083857642585553,0.29452851098586336,0.44249459457293094,-0.8214346088903117
sample_0950.png,0.038089889566055204,0.20624982516322515,0.12176999522811852,0.7510964803381482,0.522581626845922,-0.322404650558648
sample_0951.png,0.10889829469959193,0.18558726051750488,0.26299473690917774,0.0725092968452757,-0.5597222840538769,-0.7523201878905788
sample_0952.png,-0.3444258506292976,-0.3281351377979969,-0.15738308291164418,-0.7331266969763447,0.2054500636218365,0.41139305719972846
sample_0953.png,-0.0167512348850184,0.1917931604390126,0.31334536344250546,0.5828726426507521,-0.36767172708063356,-0.6243608303718284
sample_0954.png,-0.13282272681321353,-0.37272353712832956,-0.2672610145471837,0.4590883862596088,0.681162228484101,0.3118697008428052
sample_0955.png,0.1862417987948186,0.07430626180943031,-0.3066741148199428,-0.2421651945772048,0.7253553633758493,0.5300558220548639
sample_0956.png,-0.11003344324099924,-0.06131216026864595,-0.03930626627600732,-0.5959227694563112,0.22258630205862553,0.7602104108617217
sample_0957.png,-0.5241204981365477,0.32662436775296894,0.10914816356055361,0.014786208709561932,0.24519998036871016,0.739161174490118
sample_0958.png,-0.09277876675746237,-0.29927044780642326,0.2287741965006589,0.3307110929176421,0.8425675561191911,-0.17378651535932735
sample_0959.png,0.28281718467030015,-0.159849238422295,-0.34032013989287707,-0.4607741157546758,-0.1797927695543149,-0.7307575779153822
sample_0960.png,0.27818782544320564,0.03786304572978194,0.36673685498881275,0.6661519440191263,-0.04795661300113186,-0.5836298085988737
sample_0961.png,-0.41539138900621697,0.06256102049824162,-0.09876847570726349,0.8894256760014041,0.08176463979631225,0.12655991232847985
sample_0962.png,0.38486340596910107,-0.06864750419723226,0.1799806782641994,0.35850743533526575,0.6552474917435377,-0.5068508436789323
sample_0963.png,0.14514803555754152,0.3909691941724419,0.19653363039239283,-0.15388815532439995,0.8060625723949271,0.3376851109268083
sample_0964.png,0.20093667168458387,-0.04079064322133262,0.06881547532507015,-0.7316526088855074,0.5969450467221648,-0.24812512742283793
sample_0965.png,-0.219028071839213,0.3663030417219301,-0.2878736492923084,0.12103743512362522,0.8171812367416786,-0.22922110075388397
sample_0966.png,0.21062524333285124,0.18276111861421365,-0.24970015705897833,0.7022882072898962,0.32357432380402257,-0.5118360507378253
sample_0967.png,0.12656901318017277,0.302399621147876,0.19717267676544672,0.38802894237465163,-0.5574865564230056,-0.6263385417301056
sample_0968.png,0.13955620854077633,-0.3110429506167901,0.17892086855492498,0.40575550114425013,0.20543282298074633,-0.803071291267603
sample_0969.png,-0.4586108697764876,-0.21399612720862604,0.22495805010101602,-0.2480799493665903,0.5453671553539515,-0.5781925353554133
sample_0970.png,0.07329628228024884,-0.020081597432572425,0.3449361782001956,-0.7624359737860955,-0.4998780660596284,0.20989693272277005
sample_0971.png,-0.017648247890268455,0.14398040457515127,-0.2508525558566641,-0.03486909264655517,-0.6686300827318454,-0.683921878951807
sample_0972.png,0.1592642722919568,0.31931315195710697,-0.017617168393278544,-0.7360071599085387,0.5730520196029858,0.04762857680678354
sample_0973.png,0.25153723214513507,-0.49444841285998764,-0.41074265426397855,0.31448649005964346,-0.335290939183557,-0.5587651505816726
sample_0974.png,-0.22221682689130298,-0.24943940004676474,-0.18660417433245297,0.029489373610510083,-0.5505039303416415,0.7413867743592675
sample_0975.png,0.2839222495592276,-0.11085779330400833,-0.03537841780734248,-0.4874502802521433,-0.8060169173412389,0.13629389811828008
sample_0976.png,-0.13619481326706953,0.11451013691008859,0.02413069732214162,0.1898367420782787,-0.07531097338726411,-0.9623130361141825
sample_0977.png,-0.0520056536511208,-0.2590861229666481,0.10184967784025119,0.9442190727727445,0.16500466091551372,-0.03194120358725973
sample_0978.png,-0.01903317238393511,-0.06836599360720674,0.483184959236631,-0.642564903203959,0.3947272817021661,-0.43908637269346423
sample_0979.png,0.263946839898333,-0.08936072417997015,-0.037407954327874055,-0.38614960567728923,0.2527935085548232,-0.8413865316859638
sample_0980.png,-0.2164018373427073,-0.10395431207221933,-0.06795230896876789,0.25748938125535076,-0.5149804567616686,-0.7786145241365493
sample_0981.png,0.3835033220445908,0.16106084730864287,-0.18327001394887363,0.2917069757341893,-0.27706980361266664,-0.794692438410116
sample_0982.png,0.06529708204632763,0.060301025665372744,-0.44761336567190413,-0.10133225194958968,0.8265537237312365,-0.31350130582289626
sample_0983.png,0.03329710011185576,-0.11178884069425002,0.21608616534521768,-0.5811725449599535,-0.4988161677730107,-0.5942408864423537
sample_0984.png,-0.17858227984879832,-0.1724616804271953,0.16341616023623182,-0.24534697040796552,-0.518519441934471,0.7632843173611504
sample_0985.png,0.32675227216576996,-0.3172086485098951,-0.12731829173442497,0.4336885671307167,0.21149243803255857,0.7372834284927408
sample_0986.png,0.24280402833938475,0.34742463407014784,-0.24718767906313258,-0.3407709104627926,-0.16916424672233987,0.7839000082893197
sample_0987.png,0.10454948763265728,-0.17505536801830093,-0.20730661750467683,0.3673850403828955,0.5943650513370644,0.6536110517382968
sample_0988.png,0.09610544083851304,-0.08453336369753385,-0.0752503415693245,-0.0889008664974868,0.4962948557670924,-0.8507310343651702
sample_0989.png,0.15664112800995578,-0.4375507348301088,-0.3932940265197732,0.48741493236742084,0.556323086427395,-0.28681706257198875
sample_0990.png,-0.2944489922454314,0.34790977670897655,0.11458296252419731,0.8708821673683382,0.11845383140896935,0.08162268875441009
sample_0991.png,0.08601898626682948,-0.1856020933830875,-0.2276689942623159,0.2972552500440398,0.4690783174241748,0.7732556332990976
sample_0992.png,0.29049697394026325,-0.39820445989898084,0.22605598594774565,-0.479932082639727,0.2742424668642458,-0.6327714223055677
sample_0993.png,-0.18075875269885813,0.05788838877308353,-0.22499643986684328,0.09913754123977075,-0.5110393876785653,0.801475078822358
sample_0994.png,-0.08806729368356266,0.17386384637549787,0.5845385964774064,-0.2807550487892948,0.7225414388626125,-0.13942960819230846
sample_0995.png,-0.34107626152476966,0.13708319223409837,0.15682817443895095,0.8036578716813143,-0.3871505759988522,0.21101792038061454
sample_0996.png,-0.3758130222058944,0.29838252030455586,-0.0009146658602436609,-0.2935782240334812,0.5427745477254575,0.6236499210440979
sample_0997.png,-0.04485812840262417,-0.05766173326235366,0.15443088545489578,-0.3969774811984196,-0.29594010218630973,0.8518464120898361
sample_0998.png,-0.4173010725851289,0.18419406562455465,0.08407651916225896,-0.706141718320637,0.10067532226170935,-0.525444433854081
sample_0999.png,0.33850258779827463,-0.1934081768419988,-0.23344821323031525,0.5684675068077434,-0.24124364020969563,-0.6419948649999171
sample_1000.png,-0.020361455680009577,0.41960003399228263,-0.32728909687180074,0.6742564938072687,0.5110777791129396,0.024098836503472863
sample_1001.png,0.1882613535811751,-0.1780901550944726,-0.14746982718376625,0.47385897108824365,-0.18402590637937366,0.8078900610708375
sample_1002.png,0.2888092911130086,-0.23045392025323888,0.16184455118187602,0.27439738530072244,0.585185916470549,0.6477268277322645
sample_1003.png,0.16532297314403252,-0.3553998299665649,-0.12431539035626367,0.6287632561978747,-0.42788204018973186,0.5024725728531285
sample_1004.png,-0.13075971501020323,-0.06367841671513902,-0.19481007861712124,0.5095998294177625,0.5600465828128603,0.6062605284704917
sample_1005.png,-0.20501818650967188,0.06116944786116163,0.23007912841564887,-0.5174040300762849,-0.5220713229163131,-0.6008527606372223
sample_1006.png,0.2899715851796379,-0.2074348513499823,-0.49726129950979775,0.005298152732099131,-0.5410910113682043,0.5768976592410539
sample_1007.png,-0.14262556603526938,0.1759657429180012,0.17666359462111011,0.4888163468208342,0.6838680173802582,0.45920267143507754
sample_1008.png,-0.3529702937185561,-0.26476575375142336,-0.1077496717745908,-0.46186199134629224,-0.29506748712513603,0.7023672505295502
sample_1009.png,0.0411575246277434,0.13414415648311878,0.2355977390316973,-0.7923333625567635,-0.4246823660301703,-0.3415521034536462
sample_1010.png,-0.19171247051640647,0.4793347340598939,0.49423102594142143,0.24889097288264247,0.32556212652879557,0.5668181540465135
sample_1011.png,0.17101549591114812,-0.3722141812425225,-0.12929690070552638,0.5867971827083821,0.3953170428376268,0.5611471437295102
sample_1012.png,0.19843086713675442,0.215619734844795,-0.1704691032302318,-0.6912369205221003,0.10364570333032476,-0.6297004793113807
sample_1013.png,0.16244840738119992,0.3115366234487206,-0.19351518800697143,-0.48306398476108864,0.6230323851495535,0.46646238099305004
sample_1014.png,0.2576619498118445,-0.23635186501951755,-0.2527327356524698,0.4328831406983191,-0.5660649828381982,-0.5532240970475912
sample_1015.png,0.10037783712675004,0.19782518744881789,-0.27214791637509284,0.24818103926918914,0.6381560330910009,0.6386611353559207
sample_1016.png,-0.06954370760929594,0.11663534914902052,-0.0847824477001338,0.28586856310537334,0.7264478359789652,-0.6040898201860057
sample_1017.png,-0.6665212995326899,-0.06420419615941624,0.37085575200732196,0.5810921736860969,0.25934517530241963,0.09573481809658119
sample_1018.png,0.03248763172492945,0.10729435350252585,0.26274465838951755,-0.2031504937889756,-0.6514337659611611,-0.6728756537564061
sample_1019.png,0.29489880321487244,-0.02603741647943589,-0.031876860577734194,0.7154993742142918,0.22387682131320977,0.5909995168719431
sample_1020.png,0.07482053651023145,0.23204760634159718,0.015739133147707446,-0.033142434283875435,0.5725179896142415,-0.7819416896502074
sample_1021.png,-0.454254227365428,0.08904940237869903,-0.015462417266149735,-0.19977871145547998,-0.8058961300576589,0.3100066265682058
sample_1022.png,-0.08470533601333043,-0.3107879980879211,0.27683980499915617,-0.376563236295748,0.39419129670016706,0.7227785963486425
sample_1023.png,0.23932409459235723,-0.22098783628761465,-0.2675028823986453,-0.26318576571332386,-0.8242932649187831,-0.27130136012248024
sample_1024.png,0.2273795082010637,-0.2783111917639901,-0.3089142740875937,-0.40575340040974567,0.17502858173269054,0.761670916266767
sample_1025.png,-0.013200074327803655,0.13296562877031656,-0.13966707971404052,-0.21492074529917699,0.5874499823911362,0.755877369601913
sample_1026.png,0.356134841754148,0.09383960011262873,-0.2348702760403842,0.04145301677581444,0.6370060195603289,-0.6338004700347369
sample_1027.png,-0.18726645266656902,0.03631773012806857,0.31904017999988704,0.5440884161226551,0.10293797126469599,-0.7451155824720841
sample_1028.png,0.0005191637956874249,0.12670704857320908,0.2651756952506208,0.03324038532679773,-0.5859565147684124,-0.7544381648239641
sample_1029.png,-0.26124648638367487,0.34478401965582894,0.3195672836817459,-0.7866395804422349,-0.29278105902528145,-0.07892037949809334
sample_1030.png,-0.18059075050434378,0.35581497942512563,-0.2333182460604465,-0.6817773538130354,-0.5601441947756968,-0.0881101480593106
sample_1031.png,-0.18720792552408472,-0.3857124187706988,-0.257293909983636,0.4045627188877014,0.6050350806249707,0.46929790561186646
sample_1032.png,-0.31906473928536944,-0.31951267064178746,0.1531108542728504,-0.17044281815000503,0.1589453489237553,-0.8475565075819665
sample_1033.png,-0.17425073782770556,0.19521484296229744,-0.048439396226695734,0.044287657145800866,-0.5408787857435738,-0.7966619188237831
sample_1034.png,0.23541881646590293,-0.16054254108680865,-0.08214587687081004,0.40365228973659684,0.38234619778718937,0.7764871810251547
sample_1035.png,0.2251804455670555,0.22470007542802467,0.3212952078509525,0.52013590827564,0.6393352002463152,-0.3410017171469295
sample_1036.png,0.38081277764194554,0.3684308461723937,0.06487927016611256,-0.8417240384901302,-0.03476238467704977,-0.07296053669939209
sample_1037.png,-0.5630503073643136,0.3958920701769604,0.14536040870289862,0.024315357133760138,-0.3138219620265648,-0.6372116691390184
sample_1038.png,0.32396935596566023,0.13128053901370532,-0.19163877666675705,0.1852728689458264,-0.663003586257261,-0.6059571473229178
sample_1039.png,-0.15503473173154783,0.14662043274959752,-0.008771753921418237,-0.36435360050187976,-0.37922397067006736,0.8233015066553288
sample_1040.png,-0.1674019583192421,-0.1470161724311744,0.04318320278810624,0.18994438528059163,0.5362591219516323,-0.790471583939343
sample_1041.png,-0.014941239692514806,0.21008462667932712,0.2161073710674347,0.24721359285910705,-0.645420014071251,-0.6567018030291514
sample_1042.png,0.07595571635504207,0.021684496611012644,0.06621971370571764,0.6834491598346223,0.2240458215776018,0.6870779992340159
sample_1043.png,-0.057552358917484024,-0.007350833335686215,-0.2723844869777737,-0.22141430713312205,-0.6127780512461584,0.705633861853213
sample_1044.png,-0.17726051862686998,-0.20662293963044737,0.1840307977485575,0.09425036255880051,0.34770111212078525,0.873063079406144
sample_1045.png,-0.23716313655283167,0.20695599258230213,0.0509980021587204,-0.6748044282286789,-0.44434497024713676,0.49549833362944107
sample_1046.png,0.0214904628375821,-0.24605959915810613,0.17832489320590522,-0.7375537346924542,-0.4145954410056731,0.4373993311275244
sample_1047.png,0.13053835030843805,0.13321521127412778,-0.2628103254328246,-0.10329122666357947,0.2651006886236969,-0.9028824545949536
sample_1048.png,-0.061459080343531716,-0.0376485911703944,0.06607504173430731,0.45474411836892736,-0.1345793777331251,0.8749489309576035
sample_1049.png,-0.052921577758027846,0.3015795602191269,0.2709081534841422,-0.512473440172521,-0.03669102435695556,0.7542430574362818
sample_1050.png,-0.008241261413845723,0.2940731208058057,-0.10339878419308723,-0.668653739945717,0.36281121279042583,-0.569238063192703
sample_1051.png,-0.1770690170630891,0.1888573460706404,0.09891234742719618,0.49997869713815873,-0.006805580625626519,-0.8204698654053573
sample_1052.png,-0.10477421058255951,-0.1487992526803974,0.09274914900151243,-0.6402098494212942,0.099263606834934,0.733864311450104
sample_1053.png,-0.21658160408496277,-0.2622769460666264,-0.25230283146564425,0.12214710823093618,0.4650732097047149,0.7677457177569544
sample_1054.png,0.09923062707794053,-0.3527537226209845,0.19614426038610006,-0.06836421666990194,0.3686732183104062,-0.8286446252309275
sample_1055.png,0.04751402255646903,-0.2334175179929902,0.31621249555696523,-0.5751116806020724,0.12749504764167766,0.704457170642785
sample_1056.png,-0.5030992336902794,0.08088713004029595,-0.053221160266625545,-0.47813385518140267,-0.6466305951559066,0.30128529883095806
sample_1057.png,-0.09560108837974031,-0.5400892942202209,0.06911125229268422,-0.43426575381900107,-0.22017537243373383,-0.6762571119105002
sample_1058.png,-0.14774141053654402,0.09668266501662347,0.06549433229255189,-0.42980658552124884,0.5490248741636385,-0.6916454416300847
sample_1059.png,0.44268999403619436,0.32512508583675576,-0.5023088675158481,0.059326024019618936,0.6647808836374315,-0.023491466090518765
sample_1060.png,-0.46165279777468543,-0.25407002483774943,-0.2525143827185331,0.5329278263237734,-0.08059536368360383,0.606674478273608
sample_1061.png,0.15219389037580197,0.2469416368867069,-0.07697220633304239,-0.1726328251109065,-0.5121918290950173,0.785995906515259
sample_1062.png,-0.3478765636895453,-0.019939217684092025,0.12014128302189958,-0.45563504277090316,0.6746507493411223,0.44876883844599913
sample_1063.png,0.19638144167568264,0.293694713705354,-0.2507468216809755,0.15070184193904543,-0.4140932727979395,-0.7862057569004884
sample_1064.png,-0.6594427109717431,-0.20735668192373963,0.1862845904499539,-0.2955985958748366,-0.6320517005328135,0.023847153689945583
sample_1065.png,0.05839722381779751,0.273345855438874,0.10668908597039901,-0.26773963435479875,0.03763353781522775,0.9150893134151625
sample_1066.png,0.0798221688957263,-0.12371176576410177,-0.42841817348545846,-0.7159217670307302,0.15059344010475212,0.5094696539350576
sample_1067.png,-0.31341782110892735,0.1760520779552834,0.12285976594153841,-0.11600464618186578,-0.6261834076759225,0.6709080974226941
sample_1068.png,0.3635406200518455,0.3338247749157157,0.3009094642580748,0.46760994157700775,-0.2194195765480345,-0.6317030342736518
sample_1069.png,0.04734161101393675,0.1695935285496486,-0.23990427869525502,0.4890754260197089,0.6068380529548119,0.5513579138400457
sample_1070.png,-0.09711774206304788,0.33319552653278206,0.01225420685907701,0.6148009088776479,0.1796268230168186,0.6849472728506004
sample_1071.png,-0.181889926852714,0.26234836881465634,0.168467335464312,-0.26097023064650604,-0.34388122101666085,-0.8266488911985294
sample_1072.png,0.3394345637200515,-0.16797889969867597,-0.14868009892101086,0.5872860520992231,-0.6611807889196909,0.22890293088180977
sample_1073.png,0.1575666325973584,0.34094079623309764,0.11779510727405458,-0.8099928991463297,-0.037319039792234526,0.43309956714325387
sample_1074.png,0.19755080218603188,0.24260461801997385,-0.28146965592011497,-0.5478262854564201,0.6297159826445906,0.3552965730656975
sample_1075.png,-0.0844838369380556,-0.09619073883688539,-0.3853221613600131,0.456073409071709,0.7865055657741262,0.09242670375555734
sample_1076.png,0.4518849406239837,0.33758225516491647,-0.360565255845753,0.6405256940394652,0.33333043915658944,-0.17449518995906768
sample_1077.png,0.20708852496527225,-0.29620859213680306,-0.35494964266804524,-0.3852525827485731,0.5252885422602992,-0.5648344525588639
sample_1078.png,0.30373906596049516,0.23032695923879296,-0.25031141465578116,0.591688562539327,0.017663938923679127,0.6645516515457051
sample_1079.png,0.0772306468790645,-0.10460667192660802,-0.3044033750388483,-0.49307392539568373,0.3745466557588531,-0.7120564327290283
sample_1080.png,-0.044467679525408185,0.09054785327416631,-0.16845988014703564,0.7378393931710056,-0.17188921821327158,-0.6224886401156124
sample_1081.png,-0.2195172354073224,-0.2545084154087296,0.053142767455686295,0.5687342997342518,-0.07103711206547375,-0.7454585978628204
sample_1082.png,-0.16138385419334816,0.27173514069334903,-0.2963510957546456,0.5341622850570257,-0.03589024518341598,0.7250336795531763
sample_1083.png,0.03633320335679819,0.06261987543148466,-0.1943180729914266,0.10566785922289233,0.3975746401147098,-0.8875628682569972
sample_1084.png,0.004832137228365703,0.2943759625231603,0.013732244176102549,0.7639930768235783,-0.34506917736288795,0.4586640491776078
sample_1085.png,0.21159345101426388,0.14684386926665535,0.020418982679184496,0.28695553785848515,0.7077130753307967,-0.5916475952720441
sample_1086.png,0.14747039093767744,0.18734358618616104,-0.2606621360665562,0.4402837028333073,0.04557561601654834,0.8241864106965858
sample_1087.png,0.25947766217774987,-0.17148461827853675,-0.14905320681817824,0.08264499048773566,-0.6129668657777392,-0.7060374898457932
sample_1088.png,-0.2818886700548897,-0.2807562945636471,-0.12248818293371823,-0.5792392257198619,0.04965459526786886,0.6990905995330013
sample_1089.png,0.41448119380518955,-0.13879194801423425,-0.16982271488521367,0.5269615306314274,-0.12919575003906575,-0.6969378624121958
sample_1090.png,-0.08396903757874506,0.24807366230705732,0.13898799972276124,-0.10080555228674155,0.5006503099069123,-0.8070182789435483
sample_1091.png,0.06313499995579941,0.0486113087143948,-0.24562322691449812,0.5865668859931021,-0.001579860231057478,0.7676307283738512
sample_1092.png,-0.19798462629287714,0.19796220963849542,0.25410376256623146,0.22071750677889454,0.36025754269024857,0.823736981258272
sample_1093.png,0.3322465508243085,0.0028642745567618506,-0.5068829552414356,0.4693771406268399,0.1215934679172154,-0.6305345537709725
sample_1094.png,0.0012022584977070634,0.08203839234005732,0.2353944869485963,0.6405974187682653,0.6664559617445791,0.28866778551392663
sample_1095.png,0.2479945003275308,-0.23002502152494167,-0.32218611871240554,0.8112976802779682,0.2274663547872025,-0.26802696432298456
sample_1096.png,0.2405383958485622,0.2441927276908499,-0.13010550057323955,0.3812766249171746,0.16786053914861268,-0.8318862453933198
sample_1097.png,0.3873831530267993,-0.43797406467657785,-0.2637270726468849,0.33598625429592055,-0.6452674396532131,-0.24352455897174122
sample_1098.png,-0.22307103726378136,-0.32691946544563155,0.1709048558496885,0.19879999120932856,0.47746852113188115,0.7393624824922521
sample_1099.png,-0.3326252089217556,0.047904594429659754,-0.0354722195804402,-0.20682443883170762,0.40896397828274755,-0.8220580623224998
sample_1100.png,-0.0857787989617685,-0.2304429456276426,0.2732793433987332,-0.26335994888098496,-0.6310410561805146,-0.6303056160868906
sample_1101.png,0.20642601412668793,-0.47995464813699273,-0.49899070350763525,-0.33208817069294855,-0.4936618395898348,-0.3522152030435519
sample_1102.png,0.2143976644348719,-0.44178765851249296,-0.266271266867739,-0.7638994296795271,0.23921202940633665,0.21723762343149855
sample_1103.png,-0.09558629916464675,0.02489751786514791,-0.055756648159445844,-0.7016289073947903,0.41417098270953134,-0.5686069315367155
sample_1104.png,0.27420883267237284,-0.1885769011358878,0.1682389722526151,0.28427792046862627,-0.5807292289287654,-0.6654949611076398
sample_1105.png,-0.3238763419084066,0.2625368563464136,-0.2650947484494251,-0.03505326427855232,-0.673874206654631,0.5482409240701728
sample_1106.png,-0.19268371022800634,0.026250330663221657,0.3751386988106662,-0.1329764959384037,0.16480546052873873,0.8812555113673535
sample_1107.png,0.22621212430251317,-0.11090103668017642,-0.19710133765138524,0.11576490205422214,-0.05700224463749028,0.9386316258983101
sample_1108.png,0.050916647765668566,-0.07189460646721153,-0.15175279608214196,-0.20511993927175654,-0.3998890869377101,-0.8759133964518175
sample_1109.png,0.208360399737191,-0.09987079145480329,0.04357706653140144,0.4106049990313928,0.5752561993129528,-0.6672305808568079
sample_1110.png,0.3242504158757669,0.0977739781227244,-0.08100766587649803,0.5054071210705773,-0.30750189832610314,-0.7271491590950817
sample_1111.png,0.0777223276300373,0.191148990964791,-0.24513125089189539,0.260111225941929,-0.426851584067367,-0.8046563541010859
sample_1112.png,-0.08794387442791507,0.08926194043504572,-0.460393512633361,0.5099489332401613,-0.7043628787084076,0.12712598102008638
sample_1113.png,0.04055045179649732,0.3263329518883196,0.30135652299975574,-0.10280983310482383,0.6047711177435255,0.651712164054545
sample_1114.png,0.5133968025742859,-0.07903969887929577,0.0885048469909484,-0.486326451671482,0.5302161042600412,-0.4524387321556473
sample_1115.png,-0.09680637920558438,-0.30816978313183035,0.25271912825145443,-0.7321648546930805,-0.07862255527024781,0.5380948534231186
sample_1116.png,-0.3283500938517866,0.43712887722681126,-0.24559381635610222,0.7437485533875016,0.29349156680043686,-0.03858791884280411
sample_1117.png,0.07594103866381204,0.1430255609112713,0.2058851453401784,0.8618418103605012,-0.4307751692452152,-0.05522139057667388
sample_1118.png,-0.10142027169646504,0.605303351930702,0.024506063467697445,0.16365406787668105,0.4959638173528994,-0.5915728792194107
sample_1119.png,-0.4000458775508296,-0.2553946086162822,-0.11099985518957539,0.28421354822867007,0.6678594701730858,-0.48538882248730286
sample_1120.png,-0.44683905946082275,-0.17460603472972727,0.34688962711369054,-0.13006915977381683,0.7788149728771371,0.161382854960404
sample_1121.png,0.19579361571150194,0.19220901767773027,-0.07699869922266134,-0.6005943786040704,-0.32693958616932517,-0.6717057787994816
sample_1122.png,0.011104089361850145,-0.26156370815596447,-0.1976428812361903,0.3310617919002536,0.6748172968842677,0.5722046164104286
sample_1123.png,0.19551148689408634,-0.23707234535308636,-0.28646979993837285,-0.5459246603293232,-0.7247103106297345,0.016378223218227152
sample_1124.png,-0.17238931705288704,-0.3210592069714248,-0.05469548023925078,-0.19426200898551887,0.12867048517682578,-0.8999541607968637
sample_1125.png,0.25573307782493765,-0.2862311696277073,0.189231359719683,0.23950065323397943,0.5966437593792818,0.6352318194428187
sample_1126.png,0.2024590823830779,0.5950153545085248,0.18446773794525986,0.1159880387500574,-0.7431830293425639,0.07186418635997145
sample_1127.png,0.28657023293651973,-0.17936944975358535,0.2740393280630837,-0.5536792900660396,0.21897398989555872,-0.6753489351925599
sample_1128.png,0.2964910594368888,0.30787372839287996,-0.07527140001611758,-0.08540882151335646,-0.6446412439863917,0.6235254887640513
sample_1129.png,0.21239522057329002,-0.5923222421462145,0.03581425415263813,-0.3105010758795338,-0.46005359966258047,0.5428625408435813
sample_1130.png,-0.3477014644542526,-0.10356766551865966,0.13822664533865903,0.45602130083647907,-0.28207116710325275,0.7495006702239954
sample_1131.png,0.31823017705539797,-0.35105342337497836,-0.2819059724967213,-0.3725574149167881,0.72431020641423,-0.18054298239857278
sample_1132.png,-0.22120862202783842,0.47479812805905375,-0.1387451601338767,-0.7513093876279566,-0.2778181770100922,0.2544298100783044
sample_1133.png,-0.04687590695635233,-0.2995899846016081,0.15472067093061917,-0.5923972063419393,0.6009860609146901,0.4147183489607337
sample_1134.png,-0.039950610516263176,0.09789602580593249,-0.3007600513838941,-0.3972421750023892,0.12444659123462888,0.8515135986417315
sample_1135.png,-0.2475308975618072,-0.24320592494506993,0.04363663117815668,-0.5899215175995922,0.5518408744935304,0.474488597918317
sample_1136.png,-0.06594413023596546,0.1650860762927272,-0.2957203693631808,0.6882463820633465,0.05673674320743835,0.6356455630241785
sample_1137.png,0.30831430574837865,0.22691254040937542,0.3813512105880048,-0.3695311222231145,0.6665377822107098,-0.3566488141759006
sample_1138.png,0.21882772567554537,-0.28676288929096966,0.036130294687662476,-0.32013505518066665,-0.15594047531884164,-0.8612619742034077
sample_1139.png,-0.1911198687902633,0.08111808478957894,-0.23744620340532094,-0.13713861861764856,-0.44372168594020617,0.827536354048622
sample_1140.png,0.08917057226897325,0.15658479539874026,-0.057275869586335834,0.6659554493101507,-0.6661611414508637,0.277456228636672
sample_1141.png,0.24709453514985857,-0.014291837924467346,0.028081486403073543,0.5522028432661747,0.3305169343466001,-0.7237278771666101
sample_1142.png,0.21205864018986015,0.06514134851123982,-0.22013027630361082,-0.12570492972194292,0.23104098189904518,-0.912769814693818
sample_1143.png,0.11146412148687994,0.04126643452322807,-0.1501436866693965,0.9376241872838815,-0.13817697103121995,-0.255142533602491
sample_1144.png,0.028592942585798437,0.31750633126837,-0.016053141300665288,-0.41200089918571603,-0.10563184878893478,0.8468834875499459
sample_1145.png,0.19092126368665674,-0.1878384945887575,0.3237619798594297,0.7004284099177954,0.07168083839772646,-0.5724559820694072
sample_1146.png,-0.5309213079005936,0.42113464496126946,0.03826338680783405,-0.34020514674461905,-0.648896872471089,-0.04997395207679853
sample_1147.png,-0.16739353252338524,-0.03965016992806655,0.2578580116344782,0.5147794165476894,-0.29432978585309877,0.7431612507312396
sample_1148.png,0.08428166749111517,0.2855417704285057,0.17976622229667333,0.5921103842142217,0.05762417916561178,0.7246594717988795
sample_1149.png,0.12481089476762748,-0.5457586178870761,-0.24329753716765615,-0.15860091769546372,0.30775767134495774,-0.712395286755837
sample_1150.png,0.23111405290499457,0.18931884089616954,-0.03346516018216785,0.40794537492730354,0.6621008614633787,0.552112103118935
sample_1151.png,0.10220754283212831,-0.22214969080608707,-0.2798912086102887,0.03358981541554478,-0.49487116020928057,0.7847536578437342
sample_1152.png,-0.056900634976161234,0.020067541800260623,-0.10891892865415365,-0.16303642500510068,0.639637049096404,0.7407967656726347
sample_1153.png,0.07233400379077384,0.19528394343319583,-0.05491935103635686,0.6346268802625313,0.6102199337340839,-0.42248809869195014
sample_1154.png,-0.04522176469738399,-0.190069513074009,0.033151048652311714,0.42481528419466585,-0.46133760617007225,-0.753278944096135
sample_1155.png,-0.10023215547897632,-0.24525505297028624,0.2371517704270363,0.5320690058636456,0.4701201316083929,-0.607825753517965
sample_1156.png,-0.41745528392456693,-0.21992682911375933,0.32810850875051595,0.5100081411504733,0.275743873433402,0.5775509453451892
sample_1157.png,-0.04810726429327641,0.2641860844332081,-0.20754959314477364,0.0475440878280399,-0.493046162492169,-0.7996621859659558
sample_1158.png,0.20517654733169544,0.09814138739305797,0.009237705845423114,-0.5331693482358802,0.5785908473384496,-0.573714732924147
sample_1159.png,-0.255845076155967,0.22104036376753108,0.20162600363139788,-0.6959917829926533,-0.059639954387666436,0.5975532805526558
sample_1160.png,0.05055686694504194,-0.029490529938691862,-0.28474957696780945,-0.5105618903283776,0.578558077447875,0.5657641712139629
sample_1161.png,0.14108219733429225,-0.3292898633087223,0.2944955329061052,-0.3020471901021191,0.45611667726086147,-0.6968941471211575
sample_1162.png,-0.1297304120955594,0.20582119868506815,0.10251066739815437,0.4850121802163986,-0.4598061113784334,-0.6954428390599203
sample_1163.png,-0.3337485124793596,-0.3553717887997862,-0.2527182126244709,0.4101021512058272,0.6035489729488521,0.4074324360917846
sample_1164.png,-0.3569925652676536,-0.46309056573181184,0.4216610253100934,0.3552108527276759,-0.5949247154203564,-0.01397315621957656
sample_1165.png,0.0019198869359080225,-0.23477249580546924,-0.22288587709395424,0.16438866013680986,-0.9192594342901249,0.15211356259882572
sample_1166.png,0.09750478035770552,0.3636477131135536,0.2625857401615445,0.08756555439908653,-0.18290133796606306,0.8649747174753125
sample_1167.png,0.07704706667902017,0.24178013032807225,-0.12236669211622005,-0.08438745352793856,0.3747988073262789,-0.8792252967636349
sample_1168.png,0.2835869624505107,-0.1599889849245179,-0.16505233280228823,-0.38667577993965657,-0.10408260523983458,-0.8404691186248217
sample_1169.png,0.05388301911268812,-0.15801671529900166,0.125260904988831,0.40220541647989105,-0.8597461034541264,0.23559389671313372
sample_1170.png,-0.3850484433340533,-0.37979338079507263,0.04698763078884925,0.10102103391000326,-0.6649631781713956,0.5028971755011882
sample_1171.png,0.1775810663970424,-0.145380401175406,-0.13996053296667907,-0.4946750003213551,-0.4246666098572354,0.7090102027139527
sample_1172.png,-0.08311330645473185,0.04518191453267621,0.009588704504761687,0.5984835129784476,-0.35691691030648975,0.7109055024864344
sample_1173.png,0.2161671111943564,-0.25611390833224623,-0.17515411034597947,-0.4734871477440951,-0.33279949615392074,-0.7225322829510353
sample_1174.png,-0.35586024577950964,-0.27578523733122234,-0.10176911756166443,0.5861201611113528,-0.4330375221717892,0.5058563987780994
sample_1175.png,-0.11892218996899703,0.05568602329509796,-0.15394886220473628,-0.34615464050655403,-0.532905925120086,0.7451473459632708
sample_1176.png,0.11610108869416659,-0.06291274758904407,0.168804273553712,0.6410620291693492,0.3436835393825315,-0.6519116045443604
sample_1177.png,0.14839349142932945,-0.2763335359877012,-0.33235949595572756,0.7646962816095118,0.42475184268414634,0.16118865675664235
sample_1178.png,0.13799861860149742,-0.12781513070686512,-0.06731143243857511,-0.48229618114974,0.8351857104921823,-0.1730435417101106
sample_1179.png,0.01635388354093339,0.3624791397463338,-0.5140023401689295,-0.7511362409713023,-0.16367824088165384,0.11465949155713409
sample_1180.png,0.36719250211946614,-0.0020807019636642156,-0.3107542117887859,0.7434148950429637,-0.38815924371823574,0.2554679084864893
sample_1181.png,-0.2503615947067474,0.08250437968576842,0.3751771634429314,-0.5353340524595644,0.5361062736139933,0.46450157257905517
sample_1182.png,-0.4435824211454075,-0.009294389101310611,-0.16467410607162178,0.5028545600299087,-0.7149306458910346,-0.10973673858138387
sample_1183.png,-0.21647222756892617,-0.06461719416625678,0.03899096039308004,-0.19136906936844073,-0.5376769599104017,-0.788495696873241
sample_1184.png,0.24050536391479854,0.09118985790816604,0.12244134759549634,-0.6818936622251024,-0.6736974952271438,-0.0015538609359054866
sample_1185.png,0.24841975374935246,-0.13635480537813172,-0.20188444965491437,-0.5387094279505942,-0.5669779389760173,-0.5169775922964035
sample_1186.png,-0.21585627162318222,-0.10834305138253227,-0.15611790615779164,-0.5621355468238266,0.5065540173121852,-0.5871130275653333
sample_1187.png,0.15533423166340843,0.04272308727255181,0.0861144643167318,-0.45384321550514317,-0.5729792049912026,-0.6575343943175024
sample_1188.png,0.23649201582477733,-0.3829801248346683,-0.28898246683922085,-0.7120580377955882,-0.030182418711401808,-0.45381632485367907
sample_1189.png,-0.3499261317446728,-0.290902350145163,0.2601045055195325,0.2872013241157886,0.7638593431204885,-0.24353125993256755
sample_1190.png,-0.041654980593931724,-0.24666889372099046,-0.15650304071643653,0.488624549329907,0.372086730298446,0.7319314398470993
sample_1191.png,-0.3321118151225675,-0.16054165671597198,0.3771126215626351,0.3860848146035952,-0.5425582635948207,0.5275255784419576
sample_1192.png,-0.1457472513746845,0.09053953517060138,-0.10511591489916661,0.4778027887601467,0.7032904225123228,0.486413458261788
sample_1193.png,0.29448074618083947,0.10035067633589574,0.09716058526980935,0.4194116546119441,-0.5952021217084644,0.602991667311536
sample_1194.png,-0.033095618415454955,0.15348945279053183,0.20372031009599992,-0.11295654323156248,0.5344263295497623,0.7971656169224162
sample_1195.png,-0.26219908986703366,-0.28735635185074493,-0.1497068768650944,0.4356765553406837,-0.3062842016964781,-0.7366422077649751
sample_1196.png,0.0027631284175493953,0.22960968382623742,-0.18047656606922335,0.22193279906945595,0.6266176431269543,0.6876017228989774
sample_1197.png,-0.5799985455319643,0.18493300428829876,-0.08561229539792589,-0.6365673061634736,-0.2550125638989955,0.38964427746323615
sample_1198.png,-0.5248655820818356,-0.2713251951352314,0.34250994960018444,0.6062061859384119,-0.40748394168935925,0.007522702367492171
sample_1199.png,-0.08138933118839325,-0.2003654530945594,-0.24838208455953564,-0.587624607224531,0.33354398240167493,0.6595312993578276
sample_1200.png,-0.2967690515709542,-0.3763154125090317,0.29949632928627096,-0.5887593410185651,0.10173562710493773,-0.5688840739753867
sample_1201.png,0.22239351708538146,-0.2584781604535306,-0.43654795232381943,-0.4737021335189714,-0.40501383397249097,0.5520200471353477
sample_1202.png,0.29954294561528055,-0.04372956220641168,0.06989476691400384,-0.2494762310772545,-0.021010216178636316,-0.9169496450858188
sample_1203.png,-0.23444698032060976,-0.15544299817837146,0.38942214527834074,-0.18246250765757874,-0.44939130000758354,-0.7307375543103579
sample_1204.png,-0.04381932864742179,-0.19472214968847354,0.013707923198512174,-0.29781636162214153,-0.50849377279884,-0.7827609733974505
sample_1205.png,0.21766242553812906,0.059715991512927315,-0.31024640095520895,-0.6291952576063998,-0.2655640138577596,-0.6216054390931581
sample_1206.png,0.21538867752577018,-0.1788877584965801,0.1701900868440147,-0.2936431583581573,-0.3183291907065941,-0.8396918742534827
sample_1207.png,-0.028874469620955065,0.34911397151541707,0.025740781506126405,0.7088179145340988,0.6113895537141539,0.020077094138188256
sample_1208.png,0.06706850313491267,-0.026511406241900584,-0.09459980741319003,-0.6383989917144586,-0.2555883131409983,0.7162200634074755
sample_1209.png,0.04037018372826929,0.42902830287928256,-0.17081730127484557,0.35676852070885906,-0.6896822196323923,0.42682674674110593
sample_1210.png,0.17072513030562428,0.4444846233870374,0.35344248668645517,0.7164235008586931,-0.13762445419523292,-0.34082493319055257
sample_1211.png,-0.24213654625623468,-0.09379957691779098,0.31285826157147034,-0.6278345163412449,-0.6086053697380734,-0.26479154918569664
sample_1212.png,-0.23743389882364713,-0.0919033012879841,0.2791294863320693,-0.3605256048303815,-0.46829549783530433,0.7127315565699608
sample_1213.png,-0.2498286851669585,-0.3674567971040641,0.48609562702880377,0.4217551914383691,-0.5644801208793833,0.26411535990931495
sample_1214.png,-0.2722955702248611,-0.1308161142133674,-0.28681672617981857,0.08981566343959682,-0.4122404057141343,0.8052759941654011
sample_1215.png,0.2464578578346517,0.23837016773265057,0.2055051152553945,0.0009864720108697636,-0.6357256565270106,-0.6603466904261752
sample_1216.png,0.09976538576998512,0.45916008769050437,-0.07067171499300029,-0.7667273554883148,0.3024875858303815,0.30798508590281676
sample_1217.png,0.1826526692741387,-0.07079311803094612,0.18825192128033472,-0.6444549344641658,-0.24295367102608081,-0.6721896325892641
sample_1218.png,-0.5846958022355742,-0.5806633664531478,0.08964348245649519,0.30447035568649733,0.12387378044113573,0.4526345201018443
sample_1219.png,0.26548379438893394,0.06433388352076709,0.12369748524457096,0.3394733618703906,0.09031650320736935,-0.8869493809237187
sample_1220.png,-0.09814455530565162,-0.17963859206720184,-0.294351511381521,-0.6002240804897557,0.378074727548048,-0.6068322369824136
sample_1221.png,0.06848204564051802,-0.3889046625651015,-0.16247918495312705,0.8370428663610896,0.22270387319611235,-0.2596653847828835
sample_1222.png,-0.2886740425686786,-0.10998330300874762,0.3031984410497168,-0.21790202981546591,0.8549062925603311,0.18519074462405946
sample_1223.png,0.09688900480521231,0.28277122409383365,-0.1373956194537034,-0.3145704670419643,0.337332792028549,0.8240311935931113
sample_1224.png,-0.22005639354898623,0.2435560094385251,-0.217541616717763,-0.5060401556080136,0.48488607843929654,0.5947605827292142
sample_1225.png,0.1530025126888021,-0.2426783779258764,-0.09290563153810487,0.6461730555583981,0.423641806437433,0.5586179210654061
sample_1226.png,-0.04232743351188079,-0.2515538843007092,0.18910316608593442,0.3385543242001214,-0.5355776715473488,-0.7054832042983855
sample_1227.png,0.31400587893299126,-0.3362308633853328,-0.21320192869562254,-0.6237307374362506,0.27347179397269006,0.5282681110778217
sample_1228.png,0.097025070111264,-0.11359246870329581,-0.12143757807865428,-0.5607930298793368,0.5874964293920063,-0.5507221845400658
sample_1229.png,0.3430583576535575,-0.13336121258837372,0.16383212789033538,0.08530472315775137,-0.023083081548906408,-0.9109747854057834
sample_1230.png,0.09303523426841627,0.10327567955182756,0.08145583485791387,0.2784448667124221,-0.5347727954738435,-0.7813642169871369
sample_1231.png,-0.01897445395557526,-0.25396148921492034,-0.3534377088409505,-0.5305005958888079,-0.7217174588854335,-0.08898508506294502
sample_1232.png,-0.11628967777096572,-0.04400445507191262,0.07974123475561011,-0.6123199917270382,0.605227618739324,-0.4867703888939086
sample_1233.png,0.044701314491718915,-0.0942171086758365,0.03866053051641297,0.6186258282594627,-0.30404642112228725,-0.7158827772119469
sample_1234.png,0.22175750402587122,-0.24913774714229997,-0.25780280743518297,-0.6756880114039526,0.5979443192982148,0.09055389058223559
sample_1235.png,0.14526076852415598,-0.17019350974549227,0.29475520227486157,-0.6526003744322487,-0.6550296592524392,-0.09000969887023359
sample_1236.png,-0.06301431355028432,-0.04287183340320698,-0.12760616838237998,0.4156697251424672,-0.28910539449449346,0.849437824948578
sample_1237.png,0.20459518647327118,0.010061777033481791,0.03186362342133983,-0.6997614634282652,-0.32709919459182035,-0.6003034990864824
sample_1238.png,0.1766062642328726,-0.07463531775813444,0.16648602798581288,0.0785982269573141,0.5430329284899719,-0.7965298215114923
sample_1239.png,0.2066128348832251,0.07095155849616225,-0.08513652285015691,-0.6693578329190079,0.08514811357054179,-0.6998133147853185
sample_1240.png,0.12154908436758648,0.12554929184082203,-0.018352725540455958,-0.32553090277714103,0.29262006660452927,-0.8817763326549237
sample_1241.png,0.0617169337324322,0.47668218050501926,0.38804399275152457,0.2613306179413565,-0.18465616629593376,-0.7183281888833116
sample_1242.png,0.05280206384276371,0.27683588168686496,-0.1725092533181019,-0.35002408912811794,0.8329655327293752,-0.27288450395566843
sample_1243.png,0.17784673391247804,-0.2306807201867648,-0.182196509475506,0.2371004216665104,-0.5622173413766521,-0.7139022535380131
sample_1244.png,0.18706157364929352,0.06909640654139675,-0.09265448415750381,0.6217938296918639,0.554200856195161,-0.5078214697923853
sample_1245.png,0.40645381137209496,-0.3420167259233122,-0.034822892884425125,0.7200958545557765,-0.3200755224865996,-0.30922620312236093
sample_1246.png,0.33303258205026803,-0.051426513027343634,-0.2366426579291201,0.6417510698521226,-0.015877771497834103,0.6467985205726278
sample_1247.png,0.40120843183812394,-0.2994836484575837,-0.4476184704703424,-0.6498147699022951,0.16552626046496122,0.3151521304634194
sample_1248.png,0.303973691233121,0.23739494917624004,0.1837698673816546,0.48428513439899235,0.5557795072933664,-0.5234971985208168
sample_1249.png,0.31159151926370526,0.10387141975673235,-0.33598318363386587,-0.6869438473487375,-0.2114063176857678,-0.5124961200127932
sample_1250.png,-0.2697052698882889,0.33844523504547064,0.1728514990340779,0.067743730084893,0.07009946924508398,-0.8793935984511805
sample_1251.png,-0.3753560293924869,0.34058581917539577,-0.06398037027159136,0.5179919692076417,-0.14913513811285015,-0.6696705858940588
sample_1252.png,0.281220397058806,0.29980406755930605,0.04085819665646035,0.2607217379556149,0.24094968457186702,0.8386481037843501
sample_1253.png,0.03603410290354471,-0.38402067225898734,-0.36946037610602195,-0.6690536023847483,-0.4821880521026958,0.18598563583967462
sample_1254.png,-0.09052482477662108,-0.123225530119341,-0.3208679084789308,0.8448553470463344,0.35944506447388114,0.17516620201086505
sample_1255.png,0.264753005555862,-0.12514755053385468,-0.16077996772403008,-0.6019369538809397,-0.16159333242331203,-0.7070737140440438
sample_1256.png,0.1576061955807823,-0.029956852963435702,-0.2715006380808415,0.5042857249994299,-0.5187778314953498,0.6140975058633255
sample_1257.png,0.27038475223660907,0.1688016161665258,0.07039344644079258,-0.4928830394177838,0.013228754003838456,-0.8064329930983088
sample_1258.png,-0.331626509851925,-0.0998007520353976,0.2736989831587234,0.24662005617139174,0.6799397881060089,0.5310489308141542
sample_1259.png,0.19741498617892037,0.12894074901056782,0.1868754512431629,0.5790711887034194,-0.5992484052742975,-0.4637424709782951
sample_1260.png,-0.1011729325979372,-0.40795447891363557,-0.41861168032057167,-0.1117722619887603,0.7043250947679778,0.37354325622746837
sample_1261.png,0.1382400336139244,0.844455415006877,-0.12911844830542699,-0.42697567457528,0.07112861792391174,0.25247903776829017
sample_1262.png,0.12737096639108197,0.3311280034813337,-0.27549248270770804,-0.04313235932970928,-0.14740414318597636,0.8801399845211398
sample_1263.png,0.22771664812544443,-0.2484152535525054,-0.26903130026852057,-0.4509525441235218,-0.611897402824915,0.48608694778756706
sample_1264.png,-0.049668203471099424,-0.16200424200315874,0.36575979352605,-0.5504743936894347,-0.7218467262539513,-0.11585643816991271
sample_1265.png,0.26317603750439844,0.15791174900624239,-0.221173776263388,-0.03667537572933769,0.42909634530754737,0.8193995708819256
sample_1266.png,-0.41923003622202865,-0.3746662824401198,0.19042284116077068,0.3886826961342745,0.6530676729972832,-0.2646485807778714
sample_1267.png,0.2649977321914,0.009358090373658928,-0.2503863330185667,0.7904768704159442,-0.06892236516693372,-0.48722821883866624
sample_1268.png,0.38053531261986845,-0.3838852288295457,-0.050374445540460784,-0.2543880174372121,-0.40584516768196977,0.6898288618388159
sample_1269.png,0.0005420147437513165,-0.31602492681657945,0.13046688583869376,-0.9273947908831559,-0.09505609619803733,0.11836208839203263
sample_1270.png,0.02156295390922283,0.12386247566100116,0.0635304709698665,-0.1549639217569334,0.4677173068905141,0.8587104920687643
sample_1271.png,0.036825621361898105,0.15047896004705627,-0.2783622434941343,-0.6233217977615099,-0.6011436287259893,0.38550057285156936
sample_1272.png,0.10589356892692897,0.5419967716269838,-0.021685575778971823,-0.48951598040145666,-0.08253909731151264,-0.6694155583459207
sample_1273.png,0.024968185046123016,0.13571961402568436,0.16930648122132483,-0.6705830205160664,0.19642135139009506,-0.681196856154161
sample_1274.png,0.07295234130478381,-0.3826999669145596,-0.3320083487960345,-0.4611828206994156,0.31384730300608804,0.6532988778798045
sample_1275.png,0.08860223940381166,0.033233899034800604,0.10494711531401683,0.38313564649416904,-0.05608972117330442,-0.9110939982674876
sample_1276.png,0.03977526118069379,-0.28798324911609074,0.27906710772220267,0.24297920730458103,0.13627866154116283,0.8717765524721907
sample_1277.png,0.02949057614184778,-0.16756281085442143,0.2329258878927443,0.18140194008336066,0.4142591760299269,-0.843967542205127
sample_1278.png,0.21748577689235835,0.00873524936091733,0.04675852914682916,-0.42284459643360145,-0.4514504255563082,0.753546437024347
sample_1279.png,-0.09076793665102312,0.46273771626212046,-0.27381324115963623,0.5548737885673478,0.6222442817448162,0.08711159042908122
sample_1280.png,-0.18271780001099353,0.11108897307573974,0.02498377202571179,0.8250498001588907,-0.25876212541432736,0.4538548737915258
sample_1281.png,0.2864552396684293,-0.09170996484879526,0.35747565983631724,-0.834285349804476,0.014832497014928284,-0.2923897788440119
sample_1282.png,0.2521545408519642,-0.22470647968954852,-0.6414073377234067,0.44190448411853384,-0.39997215935295455,0.34534679857543854
sample_1283.png,-0.40188735304290263,-0.454034036295881,0.0880901385040561,0.44326140978124545,0.36033452800839383,0.5461301377612183
sample_1284.png,-0.08480446452441043,-0.1710480121474371,-0.18220615594031958,0.543416328861284,0.1976498843293254,-0.7720005918560681
sample_1285.png,0.17700335619512644,-0.1326079607815323,-0.2048604461462304,0.033943717903062394,0.002091373884221342,0.9528696597163674
sample_1286.png,0.20352528934042574,-0.00475936071536817,-0.4880356282202,-0.7997509729208353,-0.11174455026925326,0.26131889994696383
sample_1287.png,-0.1770009314847331,0.11504442686622383,-0.555439374644438,0.21362975912027712,0.6271728514301133,0.45600338994615797
sample_1288.png,0.008658395185365169,-0.24218641597374727,0.011925479520263736,-0.35524800097840686,0.8806376510131116,-0.1985062731194452
sample_1289.png,0.21007835027405836,0.24245067318057517,0.1561123923213267,-0.882972441149737,-0.04905108784437745,-0.3011101754100737
sample_1290.png,0.017924076760407012,0.047226799606524685,-0.08300681314659342,0.45067131358051676,-0.5070334103929501,0.7282655516385246
sample_1291.png,0.37123031307107945,-0.059396937621997846,-0.02668745514555673,-0.5193899375333343,-0.4640160138323047,-0.6106316974186881
sample_1292.png,-0.35149124036154694,0.42692436122756194,-0.043205878876647265,-0.49282643108496726,0.28055253714080614,0.6088802283683931
sample_1293.png,-0.1482303960722458,0.09275246971953201,0.04408422386957841,0.28576915638727746,-0.820666159527024,-0.46078666876536045
sample_1294.png,0.033667073755846315,0.03556554876095315,0.23607615774496282,-0.5270268463110497,0.29883717493376794,0.7581614035121148
sample_1295.png,-0.17549939732496242,-0.40904238786862585,0.10000998195103812,-0.5933922593373708,-0.5782993570378888,0.32455780715230914
sample_1296.png,-0.3498476181510558,-0.28219096548800415,0.3277433902077759,0.014419604036055056,0.4771724553859112,0.6801894560242159
sample_1297.png,0.2544814203376664,0.25706813077413415,-0.14811056563718675,-0.3658271194758649,0.3152313421060456,0.7835931104851943
sample_1298.png,-0.282955917740392,0.34086796741973496,-0.14377340840964645,0.39169862172961956,0.15911795483081606,0.7773852652466978
sample_1299.png,0.1993727411840219,-0.1655192828047783,-0.2742199789337257,0.3434976690310354,0.7215519253149812,0.4680058233512023
sample_1300.png,-0.10710962577281753,-0.06937574034664482,-0.04162578659966872,-0.09926622746296901,-0.8311075591078751,-0.5304604319712645
sample_1301.png,0.05037653899422447,0.2274210999285336,0.18828249044946924,-0.8246703224269428,0.3485567638540525,-0.329725026493649
sample_1302.png,-0.3485210649669933,0.2849071614898333,-0.3250777537521518,-0.5847121193849797,0.39729994256603424,0.4381209007829751
sample_1303.png,0.03363418661399027,0.1893278412355521,0.30040694915365496,0.5596624191191881,0.5038530733410571,-0.5528918809627464
sample_1304.png,-0.19857799717477914,-0.13810099390003971,-0.2639058699679847,0.662732165589978,0.5006624518861456,0.42658149547546825
sample_1305.png,-0.0017788891611801166,0.16559791088558584,0.3529623302630075,0.7087518449119534,-0.3434769069647792,0.47716474890209587
sample_1306.png,0.020819729415539813,0.03258854273570332,0.09518529921657128,-0.5146338946090702,0.4319372655884225,-0.7335028545806591
sample_1307.png,-0.3307275201891334,0.23718020612203558,0.26059043857649244,-0.3656256836453105,0.4921282918606881,-0.6249680666603271
sample_1308.png,0.20588341503163407,0.48066355938288297,0.0515059829595783,-0.784783898032592,0.3278931254615231,-0.022847920682228733
sample_1309.png,0.31174840527116016,0.009730151927250354,-0.3083676415359397,0.3613780598675505,-0.2548462084758189,0.7823598669920306
sample_1310.png,-0.3926729997013055,-0.0877386087248517,0.07501510041055695,0.6475922894499578,-0.3744481174277338,-0.5223939323487476
sample_1311.png,-0.2931738646551784,0.24372753206349437,0.19709316953642833,0.4441968306622497,0.6960758671944701,0.36601614781119896
sample_1312.png,-0.45099204964596823,-0.3588680018203079,0.28685782736643284,0.35385901569541584,0.33438555222959526,0.5903411003609844
sample_1313.png,0.028083130780562755,0.1307545273261901,0.01655874653835849,0.15643483405896463,-0.6108218370435335,-0.7643724388974606
sample_1314.png,-0.24350710112366708,0.10813765420826303,0.13164690257611442,0.6179047400491277,-0.7185978763490157,-0.11614842581069157
sample_1315.png,0.2223382560012196,0.22046626006164594,-0.07482093297531218,0.30551420932885504,-0.3479399288495537,-0.8258093181187791
sample_1316.png,0.3263245808657608,0.18117800415619845,0.0014939874328233518,0.26700044231795167,0.0036648039518840446,0.8884716651353182
sample_1317.png,0.1983880435563066,-0.10156415636509247,-0.26648228314221056,-0.43278339949126965,-0.2600461259743671,0.7901826627923232
sample_1318.png,-0.2083091881008362,0.009346991781197942,0.2884199026838971,0.7814178593650636,0.05507581451311058,-0.5095946029485234
sample_1319.png,0.3331279872399798,-0.13217469901609288,-0.5220896935946024,0.10406208171404308,-0.4418416176133035,-0.6268373098292239
sample_1320.png,0.006326878197652808,-0.3047722196064377,-0.12855503655278808,0.619421792895273,0.28897183097678897,0.6506607339725339
sample_1321.png,0.010558677624636172,0.4296706737759463,-0.13986628256361489,0.4400635438155371,0.17715216754018548,-0.7554271879975617
sample_1322.png,-0.0005268094335452631,-0.26754904568219856,0.12766966175815686,0.6371195771480778,0.5943894089260977,-0.3910211798151885
sample_1323.png,-0.137542662565458,-0.28678523764012515,0.4110886287975458,-0.0883617751274176,0.8466285575108666,-0.07248906829899125
sample_1324.png,-0.0563575545053469,0.23846673920009878,-0.09515425985181322,0.49330143848546554,-0.07442860530540493,0.825843314847293
sample_1325.png,0.0989519288753376,-0.4942836301928997,0.22862427884596184,0.7130774308676059,0.36852258645754277,-0.22211444949674178
sample_1326.png,-0.026970249831370606,-0.3505720994115903,-0.041654430363181595,-0.46109002199840365,-0.6276820002971205,0.5177335369529575
sample_1327.png,-0.234793581900506,0.2432055927397415,0.3175248760832854,-0.3948366654025897,0.25538705796913524,0.7508544631966761
sample_1328.png,-0.1615824324262546,-0.19000100233179718,-0.21349101987711872,-0.843792921862844,-0.18999334801168993,-0.37964240253352666
sample_1329.png,-0.31878905123619805,0.04847209331903488,0.3416461635616852,0.6555715920349892,-0.34462440977527564,-0.4803767269638802
sample_1330.png,0.02257566163627057,0.27613266058715225,-0.22677874158576275,-0.45011211835023723,-0.011349857462876664,0.8179747901209165
sample_1331.png,0.184547960777359,0.22484895396187787,0.021549458953310494,0.31192302974077607,-0.7779720966246669,-0.4608514503446224
sample_1332.png,0.20414392278259852,-0.16800067061541207,-0.22565995571845643,-0.2683626233615695,-0.36231219447361274,0.8221252909180328
sample_1333.png,0.2247838083344812,0.07927623872909248,-0.09541534115849784,-0.712864662384587,0.501010020480198,-0.418206124604797
sample_1334.png,-0.2503400736727473,0.3154595743661021,0.33351816176418536,-0.2662788040955756,-0.67921121222656,-0.4408497112428188
sample_1335.png,-0.24046626271908939,-0.14384406107806277,-0.15742307603006628,0.37326241168232155,0.5810533632239457,0.647885019761188
sample_1336.png,-0.2909860982307261,0.10600390342428256,0.0063913642968195655,0.16493988096776357,-0.4574868870877431,0.8170373292370462
sample_1337.png,0.21501853258671844,0.14789382761788095,0.028329478218687986,0.6658959933671968,0.5327522133649248,0.45149694598405826
sample_1338.png,0.17327278368010351,-0.2324400388729488,0.0467861269863474,-0.2750764379028612,-0.2312183366782631,0.8857935782000896
sample_1339.png,0.4580221336783502,-0.09032610301440316,-0.4854021127633722,0.7256275327075612,0.08905860062616437,0.10943015366462765
sample_1340.png,0.32221477119264463,-0.30835284454227446,-0.09401102445485085,0.2936196561723477,0.610000387527365,-0.5778798460706223
sample_1341.png,0.07650400475996758,0.05519098468526829,-0.11116836650267534,-0.22427712614156306,0.25341891999774524,-0.929635040449284
sample_1342.png,-0.11502114778077055,0.02193937262331605,0.45086863348733164,-0.3292060941743767,0.5946263882991704,-0.5666119313305107
sample_1343.png,0.17260886133662914,-0.09444472296347843,-0.04603931566795694,0.5584904659208649,-0.8011161244942845,0.07394667846498473
sample_1344.png,-0.022090821434932222,-0.37842883845985253,-0.01727545533464817,-0.37475599509836055,-0.820889998428523,0.20421244597500549
sample_1345.png,-0.43451772312188214,0.4601799597293729,0.02870497949037709,0.5937769079246202,-0.19902366824982537,0.4543383543140131
sample_1346.png,-0.035712961328082514,0.0451340024077947,0.1821638080614919,0.2951260338700235,0.5492802854658396,0.7580868323504131
sample_1347.png,-0.09028430752557205,-0.06346221887780536,0.30089167871553335,0.446809608122768,-0.09964703255107621,-0.8292871223300318
sample_1348.png,0.0034122261854992375,0.03280325733121208,-0.2615587498274555,-0.15230833304344868,-0.43466162214293635,0.847567560334406
sample_1349.png,-0.29314420678878694,-0.1728446769092505,-0.17457667920095776,-0.34194407984183783,-0.28832856913804017,0.8084893674312635
sample_1350.png,-0.2952389991730759,0.19420833229638135,-0.12527120631053892,0.6005150493240977,-0.1692130710295082,0.6856914714589064
sample_1351.png,0.2829909424813499,0.43453439643658603,-0.4078850959053927,-0.3545514923472373,0.5938500779891056,0.29387251908257417
sample_1352.png,0.3798004988971786,-0.36565028599957944,0.2949341293782645,0.31008303371422147,-0.6372936036986145,-0.36437711728535255
sample_1353.png,0.08040809173622421,0.3892135473129955,-0.0504910391751484,-0.5094475300701626,-0.5049104396949807,0.5701111034937129
sample_1354.png,-0.23601488464980877,0.3836518352089694,-0.3904594530178422,0.4880899088445436,-0.13338155804045412,0.6233997593618086
sample_1355.png,0.25990472120754193,0.07079790966784712,0.15035775263175766,0.4123410366452814,0.4798600778560015,-0.7103090266092268
sample_1356.png,-0.181415270684222,0.42144341265622803,0.5457812757137049,0.3052562069147349,0.46682451904988287,0.4248414588119169
sample_1357.png,-0.28950549471020565,-0.010447354261836342,0.22590327949918065,0.3056263612979609,-0.5059901629568555,0.7180610084830572
sample_1358.png,0.23834451451730368,-0.24838904328592903,0.07202247183950918,0.4339452064880773,0.5016068186451602,-0.6605979839356461
sample_1359.png,-0.21513367221582316,0.1855114560226794,0.11507332467378009,0.5027442743798325,-0.3999733802024472,-0.7023749870400622
sample_1360.png,0.12613243600392293,0.2968844319413023,-0.26497364313064514,-0.6505035223800386,-0.26245287290144304,-0.5776702069361217
sample_1361.png,-0.19636461444233771,-0.25039053018638613,0.07158183880707385,-0.07628455097170714,-0.3280812506887497,0.8832694499247902
sample_1362.png,-0.2731055166461923,0.0862737448862012,0.007498237250371836,0.8350675474323722,0.01872953199322222,0.4692817810393475
sample_1363.png,-0.3351377611065466,-0.29252673176383726,-0.22210057554731127,0.26021332739067815,0.4632947085357757,0.6858783885767465
sample_1364.png,-0.2019427992344833,-0.2643676050068991,0.10326080559117,0.38423924892202344,0.51649532726359,-0.6813654363053914
sample_1365.png,-0.31888089352403454,0.4028378005125168,-0.21661005688330148,0.7371677281105881,0.2005463426947293,-0.32477941828971607
sample_1366.png,0.3875330118215112,0.12028061008648264,-0.09305590358383933,0.04102973325976233,0.7918375157693323,0.4449733115624489
sample_1367.png,-0.2500141088863709,0.45265766768193416,0.08593389003631058,0.4813720521662663,0.055744340250699055,-0.700273420681511
sample_1368.png,0.3599941618085302,-0.11842236187110848,-0.33552418275677254,-0.15940947750152634,-0.7694998076336813,0.35533439883081924
sample_1369.png,0.23302402911053416,0.24824945244009383,0.10861626963763803,-0.2745566827886458,-0.24527185349309324,-0.8583326062840954
sample_1370.png,0.0839148464518752,-0.5147703673906907,0.5287514647643592,0.06067782974859562,-0.5356075135176719,0.3972838385227536
sample_1371.png,0.10582239875769316,0.10489042367294421,0.26446790513462926,0.5475456644356771,0.5144617374843954,-0.5859856756942176
sample_1372.png,-0.33739928487939597,-0.026160347394657307,0.21914945904938957,-0.037575437364176074,0.2111186414034049,-0.889644805045415
sample_1373.png,-0.08101695480863046,-0.34864906628745784,0.05662221776106481,0.6431068189052535,-0.6377600814209893,0.21988566140086843
sample_1374.png,-0.013301190852515993,-0.25360113366152875,0.15820146392296966,-0.18963612406518957,-0.7963363867607989,0.4902737395684263
sample_1375.png,0.09433920510840454,-0.14545193089921926,0.3157370504659023,-0.4837477284190296,-0.6618460552332975,-0.4451987191826217
sample_1376.png,0.22047271830214238,0.2648502442145071,-0.2696326463554128,-0.5735005250388678,-0.6400752091668648,0.2644716223595539
sample_1377.png,-0.11290955945726526,-0.1901083555791998,0.07907774506912159,-0.10485949877653794,-0.5349381390618062,0.8047997438185147
sample_1378.png,-0.20995976365298932,0.16526408838569712,-0.04209269944457444,-0.37106002549111594,-0.3252054166224233,-0.8266733199228474
sample_1379.png,-0.43077994386119206,0.1613471307268787,-0.011824270930015993,0.70033489070239,-0.5346116364584017,-0.10944116692664806
sample_1380.png,0.15649097694242137,0.3252240198300017,-0.1479455202186623,-0.47483534532864163,0.3012659728089838,0.7291242984310267
sample_1381.png,0.2502885959915373,0.05915630949786092,-0.4664523324281082,-0.19237178173896347,-0.8051046811508885,-0.1762893114033254
sample_1382.png,0.4464832121498649,-0.36797509644652804,-0.456677834379398,-0.3903745358973263,-0.37926454330113746,0.4005727813613611
sample_1383.png,0.1960183874801591,-0.2189463758209514,-0.2324137587252811,-0.44433810109343147,-0.4424564328053045,0.6829488106920051
sample_1384.png,-0.044504685773923906,-0.3434835650224592,-0.34480552782419177,-0.5477156142507842,-0.08789698175087259,0.6733715527036168
sample_1385.png,-0.24858702884595263,-0.3005369795069725,0.37550336629887876,0.336849266154159,-0.5301048697030227,0.5589281116074974
sample_1386.png,-0.08327634228427093,0.20127650850506162,0.2612934082584933,-0.19850369967133685,-0.7168291146494076,0.5753528259669568
sample_1387.png,-0.11327872427324327,-0.192457505252854,-0.02818254891678303,0.1140413949428215,-0.6501163235359714,-0.716712710468424
sample_1388.png,0.4583307839816015,0.3318860132631861,-0.10439257188817051,-0.8138353058669293,-0.04167001802737674,0.06944394942492382
sample_1389.png,-0.13611511431414794,0.028845977323052045,0.01503713076745969,-0.2124520023483588,0.5778431381491269,0.7754843159845004
sample_1390.png,0.2338533443085185,-0.09350266384928167,-0.026012729931066708,-0.6687708967865349,-0.032327300951213445,-0.6982790533267389
sample_1391.png,-0.11858586120996199,-0.08142529371199679,-0.0347131046416984,0.2374268437429065,-0.9031807159939411,-0.32556935291592565
sample_1392.png,-0.16031894361920132,0.1780739868529551,0.13410050959286354,0.7292434281898824,-0.6266949077163216,0.007877812789729356
sample_1393.png,-0.2805210280062828,-0.18550756776284363,0.2730645400719149,0.07767922121675135,0.3794211150954817,-0.8138404070302642
sample_1394.png,0.45320574538154046,0.22624508071629398,-0.11441655771644493,-0.11496870267123631,-0.6849824974224791,-0.49790334680148085
sample_1395.png,-0.12182189454148583,-0.3691595530087221,0.1731960527511139,0.8529766781831952,-0.11537038159927696,-0.2792923902818624
sample_1396.png,0.29701820962543307,0.013740508483624177,-0.31008810054406294,-0.5407263796441939,0.029006497297444735,-0.7226412366796579
sample_1397.png,-0.16681841684755763,-0.16854192593689574,-0.3335838318256683,-0.722885991720622,-0.4802272231170523,-0.28161093604091186
sample_1398.png,-0.2460237413168625,-0.16310104599847752,-0.19604419187730532,0.0522619799817236,-0.5186316423599009,0.7763549106724915
sample_1399.png,-0.16677372238245536,-0.2237706716497498,0.19576772572134446,-0.4162636770334288,0.49159633008659326,0.6847231623262168
sample_1400.png,0.2326430707460271,0.2595648313431641,0.22781754052117903,-0.49647377678420507,0.5177768077154363,0.5585905786460903
sample_1401.png,0.13565738127354607,0.32383794711121583,0.05795004228001242,0.10784970026035323,-0.19764737991820913,-0.9070125726150442
sample_1402.png,-0.06394059663378424,-0.3948634665108846,-0.412228173534254,0.7363652836720115,-0.09125667961501718,-0.3456888243637855
sample_1403.png,0.518056343651181,-0.4318536195469961,-0.09692356920879683,-0.12938370969814958,-0.5185040162797085,-0.5001393191754795
sample_1404.png,-0.10939882398263652,-0.23745288428606617,-0.22252642748804982,-0.5083352870496183,0.5630872618041969,0.5537670861101116
sample_1405.png,0.022295727790743257,-0.2893002700947112,0.12091101616518359,0.3730360762808318,-0.5137455538521641,-0.7057608462542009
sample_1406.png,-0.5207171313738552,0.6039123036094468,0.2729655976217689,0.34612556292834235,0.3333908983026781,0.24224158349543695
sample_1407.png,-0.24662403018477358,-0.2646739668970829,0.31593826714264167,0.2968640120139281,-0.6878538831402944,0.45610972819826906
sample_1408.png,0.23921175097742373,0.23211883328180843,-0.389851714284255,0.5737767591216857,-0.5121366033496796,-0.38132736133288764
sample_1409.png,-0.5436803212257771,0.1194464157511482,0.0439599811235386,0.26431723464378637,0.22134518332130126,-0.7545558239297996
sample_1410.png,-0.22650970149350777,-0.0010355275930611114,-0.28070926543599617,-0.14282399488777606,-0.536106464080426,0.7497237869814382
sample_1411.png,-0.21964605875682425,0.2712532788608785,-0.16031973060195348,0.40331738583591403,-0.3815652926161834,0.7377112343679905
sample_1412.png,-0.37737044133322173,-0.13293823993003218,0.25878114690419385,-0.645329871710018,-0.34241542424022103,-0.4891342620389068
sample_1413.png,0.16346272439640885,0.1725585780651028,-0.31662041885353653,0.23149688274608046,-0.5978203910452682,0.6574762038001032
sample_1414.png,-0.1772041028466983,-0.3424935322934049,0.07105779505411006,0.1794383085147453,-0.7142216365514059,-0.5513048370481886
sample_1415.png,0.05437446663543883,-0.37099895817423223,-0.07748069436793814,0.7556488676130793,-0.24251138775030984,0.4728455858930035
sample_1416.png,0.4042316552903978,0.40843823779312666,-0.18686212507574393,0.3577825840729034,-0.702220929014307,0.11719603393548285
sample_1417.png,0.2896242243726786,-0.09524336934334052,0.09448062254071567,0.6655797098410265,0.3853042481286341,0.5537727037683727
sample_1418.png,0.11809926501607246,-0.5640143916057394,0.5803762247754585,0.5676391076347174,-0.055029893535456974,0.07655926907171637
sample_1419.png,0.04890008029589597,-0.13279078257132962,-0.20923621721464114,0.20331837596755561,0.5931289871779817,0.7369228169761022
sample_1420.png,0.031172189715435644,-0.20824251595780552,0.18404047429016224,0.006323707336591269,0.5242942714644379,0.8042810333422364
sample_1421.png,0.27375183469251285,-0.14408828120550649,0.043014922999505274,-0.7120482253477979,-0.4143746760526434,-0.47300017890735624
sample_1422.png,0.22287501013178673,0.17825048516897593,-0.18279484639039328,-0.34561108391255385,-0.48581115200357894,-0.7277912075551878
sample_1423.png,-0.23355698287462573,-0.019721859539515052,-0.04602474624037594,-0.749221479827246,0.3780436765536735,-0.4885632605134854
sample_1424.png,-0.07631510983180742,0.17043998405469596,0.2543388125918819,-0.3100997433769202,-0.02627771726328583,-0.8964293697716205
sample_1425.png,0.39916850496389295,-0.4807633441258698,-0.09010980576172938,-0.10870541295328728,0.683395927809904,-0.3500920929453854
sample_1426.png,-0.07335563584212237,-0.05309365769963164,0.0363907795646135,-0.4734009555377158,0.3702805223077318,0.7932588451826068
sample_1427.png,0.22124555653829517,0.17961308754343322,-0.24536173501844893,0.3585444739296879,0.39308729297149836,0.7586273141686466
sample_1428.png,-0.05273263099592782,-0.3517236459335677,0.3600642364854855,-0.1126731882185888,0.38142130595580115,0.7653012688759896
sample_1429.png,-0.1815871772107975,0.1206992196458248,0.20097347580338143,-0.5123125435323477,-0.06358763662035413,-0.8034674403368597
sample_1430.png,-0.15025360830314058,0.388203500437227,-0.3102804821233242,0.3320480270305716,0.6276798715456744,0.4756153955193188
sample_1431.png,-0.05674094631469472,-0.2730500265871164,0.19297142411181398,-0.4934903617549549,0.4256326373286465,-0.6784469753517743
sample_1432.png,-0.3692340454678533,0.5547487848758978,0.05272671468766946,0.1072629778514158,0.6983577423802928,0.23223052371372443
sample_1433.png,-0.2525440196854586,-0.18033738891300852,-0.24871405098737046,-0.6575903720973815,0.63963569802046,-0.016803019529440886
sample_1434.png,-0.41749215088072184,-0.22202458522166224,0.13024473895292268,0.20861477781974286,-0.6090727279458888,0.5873261291931382
sample_1435.png,0.13852626698732817,-0.3164973554799053,0.024774190026924166,0.023939616391192773,0.9331192158240262,0.09349631364010426
sample_1436.png,-0.1570939236652711,0.11356642138552624,0.22874256655296651,-0.4747979687550623,0.5209507194052062,-0.6428672041294079
sample_1437.png,0.33772800185556495,0.23508789549849032,-0.1685540841883683,-0.23212767050959787,-0.6037986247677926,-0.6195215606970178
sample_1438.png,0.2251011566315839,-0.053050136138397444,-0.04588910808405276,0.5783474781448442,-0.0893996183979469,0.7758422809127324
sample_1439.png,0.19702460287361886,0.2176875299761611,-0.3595136327402049,0.14369890749013645,-0.5698630301767822,-0.662684045268323
sample_1440.png,0.19201067360239193,0.3521258226828177,-0.16244958883635177,-0.7484526928180155,0.2049278530004079,0.45888187912327616
sample_1441.png,0.20824262850396077,-0.22586784185775927,-0.29892472492397426,-0.6757757256318767,0.2783537735409737,-0.531139416650296
sample_1442.png,0.23381780805181054,-0.2654986266088695,0.2879995995478382,-0.5733444678343089,-0.1630335847575588,-0.660751174052554
sample_1443.png,0.31964997911587595,0.03379900988566664,-0.20962468961830608,0.2543085751524028,-0.2042032326622767,-0.8639254572349564
sample_1444.png,-0.28211353879027695,-0.016019503799545955,0.44507069210138855,0.2652620636715571,0.027480950983705742,-0.8068136344109289
sample_1445.png,0.2301515141692396,0.08238139709744276,-0.3485825442614518,-0.5660002428228741,0.669831550326175,-0.2229421787956983
sample_1446.png,0.386481115545129,0.24779107439342157,-0.14019282536349378,0.23739708132978815,-0.7885321057748857,-0.3023865844128498
sample_1447.png,-0.28599664130167723,0.024319171564351098,-0.24144878064267042,0.5264146733887312,-0.33208491045293415,0.6869673858890633
sample_1448.png,0.38603289181740574,-0.1858728256809023,0.13293224846326,0.5799382348962611,0.46986730115081105,-0.49158445809611623
sample_1449.png,-0.08941409414776137,0.32159981185951314,-0.1872413280640907,-0.5718540533652735,0.20986144268627568,0.6945937534759427
sample_1450.png,0.20172852866817764,-0.29610161765959114,-0.2718809010996215,0.18926953186133672,-0.4533578479046412,-0.7458913556344958
sample_1451.png,0.3466425793548729,-0.28528997199752437,0.105739932487098,0.5418435161784464,0.17301604548443153,-0.6809836067878456
sample_1452.png,-0.1619765951649292,0.22437469501709015,0.15142997932692662,0.6130462196001751,-0.5965969694675359,0.4107735737263252
sample_1453.png,-0.2686519219789584,0.6570891963574775,-0.16651730947923776,-0.14608784889374982,0.1509046950624229,0.6513202222446389
sample_1454.png,0.1998001257014919,-0.08189921792177673,-0.029742620316357517,0.9155894264852547,-0.3183930966985798,0.1131796911697387
sample_1455.png,-0.13116444446454575,0.03741462324898849,0.30332455193339775,0.5823081145358012,0.447415114005338,0.591715494283526
sample_1456.png,-0.019370418280374026,-0.3554809452435177,-0.33620220824620567,0.7253976434118516,-0.38662015446903436,-0.29077357982744145
sample_1457.png,-0.26350882983629903,0.2504443859997482,0.09153807495368854,0.21806011796698657,0.5315950793899137,-0.7275423997774575
sample_1458.png,-0.13092531779698294,-0.13202152272120196,-0.30683625638677564,0.5826264979608469,0.714186966784269,-0.14752535651218757
sample_1459.png,0.06886894766857388,0.04206276316913825,-0.07123288383869475,0.18495726785396505,-0.32417071106058315,-0.921475896277323
sample_1460.png,-0.0910063516942077,-0.1098898062933506,0.020564160974376272,-0.5223129740302332,0.13253079662138945,-0.8299662251044515
sample_1461.png,-0.10862388936046627,0.09865449310110407,0.16329250585778415,0.3152034207118958,0.39168161656764017,0.8360837362347951
sample_1462.png,0.05408053554430054,-0.21832088344411651,-0.3881954299716442,-0.5617992543724643,0.6782806267282616,0.15176489998748732
sample_1463.png,0.21734566233946515,0.20181055038296147,-0.18421504230014984,-0.4680653112978311,-0.5049428075952217,0.6356459772736854
sample_1464.png,0.030995179167000467,0.11731659780267856,0.4828921601449482,0.7197054614415224,0.28480640957690023,0.39115295506248693
sample_1465.png,0.15132714846559364,0.2343101188925435,-0.2044401893059565,0.3665403875593495,0.11496440204912901,-0.8560574757968691
sample_1466.png,-0.10590729772879764,-0.023661741957977194,0.059525753789047856,0.8687496476924556,-0.43132732851771477,0.20955008040835799
sample_1467.png,0.07937016727493601,0.16304121737851138,-0.30093591273906517,0.06061084207767937,0.001062272809810111,0.9342808527447728
sample_1468.png,-0.3835224874493674,-0.35356527093046475,0.195380116417731,0.07983196479901974,0.1332317049588304,-0.8158461136214367
sample_1469.png,0.12574912274807146,0.07666436118443028,-0.24626978838090297,-0.2577984542917007,0.37859535460356625,-0.8413479896098337
sample_1470.png,-0.41817706259863036,0.11448011689032958,0.28717147606693794,0.12997920063708707,-0.8413253553994505,0.06951146848129325
sample_1471.png,-0.5505770857271329,0.2237601632627219,-0.0765018904508934,-0.24311948639963638,-0.7451894405620844,0.1628782851513406
sample_1472.png,-0.0077575431170339585,-0.1890751081656851,-0.15986881905235958,-0.6410442729140494,0.1461078725845457,0.711580715326548
sample_1473.png,0.3308378957322311,0.15100404667200215,-0.24187443206092527,-0.7198750182143681,0.08760725738610213,0.5323023110559474
sample_1474.png,0.03708531008027095,0.19891902173624834,0.026513096369792488,0.4320724117928586,-0.2519168335223268,-0.8415487497728322
sample_1475.png,-0.16875073747046354,-0.2845688159899743,-0.09089299761867847,-0.2725229123977812,-0.6238413317508391,-0.6471750115468771
sample_1476.png,-0.02038946268924397,0.21727486159417686,-0.3108160716942493,0.5763241921777843,-0.3885007698063773,-0.6104808361263333
sample_1477.png,-0.13915581461875084,-0.2639474526376677,0.378370824400742,0.5587304080190119,-0.6053591254546725,0.29860271453863774
sample_1478.png,0.27037444931873367,-0.28889528071903986,0.11499785085684056,-0.46125758588305554,-0.036179835968880476,-0.7849491239352823
sample_1479.png,0.1308566516083939,-0.3021813078722925,-0.23214906707485936,-0.13557630995049608,0.48646066580601316,-0.7633117903992311
sample_1480.png,0.36722701096426413,-0.1521057869463166,0.16042539504716727,-0.005111821857144905,-0.8911404518581177,0.1487091421502554
sample_1481.png,-0.09114674563623955,-0.35569405514838165,-0.02595658855844244,-0.25745204138816435,0.5345509519276692,-0.7158728878653806
sample_1482.png,0.0008992617423314122,0.39759043711343217,-0.022965203759994352,-0.5772024924067619,-0.45513056835181465,-0.5487140271322639
sample_1483.png,-0.10053420673211826,0.1529674042144918,0.06666263373670919,0.48092407326407477,0.6171364903461668,0.59152728409281
sample_1484.png,0.06485699317342414,0.1234022153453789,-0.21964185445877912,0.3963413003936772,-0.01153546571754572,0.8803995831934451
sample_1485.png,0.04277229089816378,0.38944307996804733,0.07293088925296998,0.27369843392024334,-0.22139130343736266,0.84691248781737
sample_1486.png,0.43091737392132234,-0.02972272556491917,-0.02248095553581321,0.5955876046995853,0.5665365209637614,0.3704499407726081
sample_1487.png,-0.10188073770334131,-0.281070852220813,0.11820776701038183,0.2659595576825929,-0.36374372374023484,-0.8328279727844012
sample_1488.png,0.2658069275218852,0.34865984671543676,-0.36155804579794526,0.32090126982584644,0.5472841059615201,-0.5239859258363464
sample_1489.png,0.02353493275221288,-0.362285834056799,0.30782150542795444,-0.3656118542453612,-0.1445636632159229,-0.7866831137701178
sample_1490.png,0.28971141378187154,0.1516850489001767,0.1290131015715285,0.9030144997880102,-0.1900900026108313,-0.15762349560766195
sample_1491.png,-0.21090015130706674,-0.23284172689774538,0.19862756365738957,-0.8043378461409456,-0.06611232134013648,0.45882756846317
sample_1492.png,-0.13418080896981371,0.23129697593275347,0.10666269990400086,-0.39802456653862484,-0.2320246156252787,-0.839560188463841
sample_1493.png,0.2936723395364114,0.2894427154997371,-0.18186904713138752,0.24846710707536382,0.6411074633535285,-0.5693403536241516
sample_1494.png,0.3537972681271143,-0.2611520486513447,-0.40234477949063363,0.07155936070890125,-0.7563922145162222,-0.2597996433442675
sample_1495.png,0.2982513628014286,-0.3111666802967117,-0.04681240519073717,0.737498561346985,-0.43751984921029424,-0.2769517538103008
sample_1496.png,-0.3432879512032204,-0.133811563322495,0.40032140474988365,0.3973047959060811,-0.47268714297399145,-0.568072517374391
sample_1497.png,-0.19855208581051853,0.14587326309484816,0.18179409925322781,-0.06470643559484679,-0.2753347376431929,0.9089845022059646
sample_1498.png,-0.2835433164280797,0.1379952846114131,-0.03253638454475109,-0.409510409166837,-0.5698215354695872,-0.6380489913116615
sample_1499.png,0.35355782817919307,-0.21442174739601658,-0.5706054026626828,-0.33763007815637786,0.3592399007379343,-0.5102766650268519
sample_1500.png,0.1105719836515559,0.21671771512070495,0.35209054188247707,0.09850869967011479,-0.46581297931656757,-0.7682146985645685
sample_1501.png,-0.02651503991059746,-0.22942385399701984,0.45700811537006275,0.6711191172007109,0.053604372351755074,-0.5334144093986491
sample_1502.png,-0.22758193689862224,-0.07443052624476498,0.2167703075709196,0.7120558739914856,-0.6167991837455978,-0.09062224760506565
sample_1503.png,-0.079344207176289,-0.02139013040508688,-0.1394741633816341,0.6767978051722285,0.42505903977044496,0.5788466640495513
sample_1504.png,0.08373557784281015,-0.27212234311058425,-0.05959364039632814,0.0768025594444319,-0.5441118861155543,-0.7832177243003429
sample_1505.png,-0.3641851244483319,0.3364716106784433,-0.0766201547463402,0.6550741975608866,0.10551305957499309,-0.5550046776142867
sample_1506.png,-0.025477570566133544,0.08050444504201505,0.23816098248500772,-0.3454278562791112,0.33820380549341506,0.8381211464964302
sample_1507.png,-0.40566499720970317,-0.055082200121883966,0.22912841786129456,-0.4577709369759599,0.21770187230549315,0.7231553729675241
sample_1508.png,0.2768565917580723,-0.38222236429119916,-0.08230122493859576,-0.2564171863068324,0.7376723018465261,-0.4007153626507119
sample_1509.png,-0.024767321202813594,-0.04901051319460894,-0.20309065942193572,-0.21868766543239948,-0.16759190140942484,0.9379911476245933
sample_1510.png,-0.192762987921315,-0.04289109672521991,0.3675672423826153,-0.36775004203099076,-0.6500834271017387,0.5177340543468794
sample_1511.png,0.02890813121526182,-0.2780242962902526,0.6910468611810183,0.2133228719213822,0.06989841236948488,-0.6276373240472977
sample_1512.png,-0.04055639803914237,0.2965610156174026,-0.0530221911570599,0.17425998849042162,0.273370654202273,0.8958221540413637
sample_1513.png,0.014737740347761208,-0.3643576694945847,-0.07463069582253491,0.09684473264931114,-0.5575491639487019,-0.7356742312118512
sample_1514.png,-0.25410053183437914,0.229977932244585,0.25377312339933616,0.28743752316679694,-0.5050346545505526,0.6931536194963401
sample_1515.png,-0.30438088733030155,-0.2501237977420579,0.27271055714692033,0.38588479842102796,-0.62318439237975,-0.482859657347318
sample_1516.png,0.00039558931801122863,0.06407006503586193,0.12053515038504431,-0.4877578168214568,0.5567126682895701,0.6584295443648622
sample_1517.png,-0.2681314312180819,0.1462796955485741,0.2301594832408241,-0.6661885552659313,0.5826265139779314,-0.26546855290239313
sample_1518.png,-0.1261974254350864,-0.04588638324006811,-0.16929039927254855,-0.47888494064927806,0.06758807741692639,0.8481806858041884
sample_1519.png,0.07167767315383344,-0.15306862859259268,0.20029402066996024,-0.49283585576018457,-0.24915833208347551,0.7914212255344203
sample_1520.png,0.14131167533738836,0.16180086207742397,-0.44667408187322183,-0.4704166224214481,0.21999632253799334,-0.6961634689111554
sample_1521.png,0.1004478317992856,0.4403125914422641,0.037251694624622037,0.745908068236495,-0.4764154413006852,-0.10628662748336587
sample_1522.png,-0.4139456015926794,-0.25768089111975884,0.32013617532161487,0.4731363174386405,-0.44945325245690093,-0.483628189315682
sample_1523.png,0.16905220054796305,0.3736518954924284,0.11304172686176585,-0.7219993233673592,-0.5453081807532775,0.019574154733802154
sample_1524.png,-0.6925553042126117,0.3346291316504984,-0.15033455140025803,-0.12323177457936085,-0.05280149238649792,0.6064783175422461
sample_1525.png,0.20415099545174145,0.15768616671917704,-0.19848717557852344,0.41747897448512833,-0.4540650108474082,-0.7166565124237162
sample_1526.png,-0.21775604774363091,-0.07920743336705456,0.33729365659379684,0.8118548484255026,-0.392425549110007,0.13941079185549698
sample_1527.png,-0.03651504368737645,0.22965117012604944,0.22920093796438423,0.3012326379701435,-0.5664878618885111,-0.6940780372804081
sample_1528.png,0.09875824097181383,-0.2867771799548901,-0.27643802488891306,0.42570048900999546,0.47189632912818086,-0.6539729547196802
sample_1529.png,-0.244719045379948,-0.15533109855259947,0.02510159648541835,-0.10871382821717906,-0.3757513734838663,0.8731248234840232
sample_1530.png,0.39341520885568937,-0.1658289467962447,-0.3292043565036932,-0.2174797107577723,0.25362993212149887,-0.773126224134993
sample_1531.png,-0.23187763654599639,-0.004164211720256643,0.2413021568406928,-0.35845464185312104,0.6303396234471628,-0.6018063799604164
sample_1532.png,0.027671583130710015,-0.3067533794753919,0.1756882846639215,0.19090183828521687,0.7566332908959921,-0.5151046743590484
sample_1533.png,0.2645084130539064,0.363758981408597,0.28138832967226385,-0.35238746132737586,-0.7269667106667584,-0.25666668945178284
sample_1534.png,-0.2595115529439759,0.26345303132271597,-0.16846091609546407,0.32324919491091725,0.04905966201957624,0.8532117448064834
sample_1535.png,-0.2971643584023774,0.17580894468142086,-0.1304564911993039,0.3326051013963088,-0.8190838476816944,-0.2867771956787647
sample_1536.png,0.29670907088782605,0.032475188419146594,-0.2690589513018002,0.2310920653624595,-0.23766019960620502,0.8535985338342909
sample_1537.png,0.11596851359562653,-0.06005536375418506,-0.08965182369316597,0.039808360809388516,0.26672153632261103,0.9498326821702012
sample_1538.png,0.2378580628824648,0.2632178761198062,-0.263939817753658,0.002573751279553575,0.550661088436925,0.7079840433955823
sample_1539.png,0.3112310689807502,-0.344670331325363,-0.009136835657701946,-0.6714463207987524,-0.01385675097069103,-0.5772537842038657
sample_1540.png,0.3620144762844414,-0.07674517384396866,0.027321966056516846,0.0885717694672542,-0.6913037048615709,-0.6136476486723247
sample_1541.png,0.046438610802981534,-0.34661777165301005,-0.18289999940336996,0.7008996396099024,-0.4314184298791582,-0.4084911254538452
sample_1542.png,-0.23470955329306237,0.29623577242696225,0.17923427466742448,0.5113527442004091,-0.05162047477178411,0.7489222690607222
sample_1543.png,-0.4370490085256316,0.019142695273074672,0.06322334352566246,-0.6404600131810816,-0.07016107597377394,-0.6241097060070223
sample_1544.png,0.21486554951550257,-0.39465010973558173,-0.1367527190773841,-0.7297649625321808,-0.2260662505518543,-0.44240245271004947
sample_1545.png,0.289404360473462,-0.15167559150001636,-0.2959557008775924,0.5531006703245135,-0.6874678937413758,-0.16467360979066997
sample_1546.png,0.3504682401749008,0.22656534729176295,0.06744351282833069,0.5394734357563625,-0.7022351993470634,0.1926802157043157
sample_1547.png,0.10365185251251299,-0.29507388955907193,-0.358637914828969,-0.40905893950923683,-0.4869606836597924,0.6075414519154229
sample_1548.png,0.11668398003925835,0.5908219719653427,-0.30115411137304327,0.7073032352949353,0.06247601509894383,-0.20600807830511966
sample_1549.png,0.16616733128212033,-0.278231640173592,-0.3965090064480216,-0.6486822114461129,-0.5543728088859597,-0.0981751371161005
sample_1550.png,0.10798608101606667,0.018182958582765026,-0.2619672726626406,0.18731051850708563,-0.44546271135811427,-0.8281662132831493
sample_1551.png,0.16523254542208557,-0.2630857988359259,-0.0789805448762295,-0.539597521601837,0.6661641881438995,-0.4028721025722547
sample_1552.png,0.1682589671803644,-0.3415544848188102,-0.15914100064554634,-0.5130899395249312,0.6093812872421054,-0.4416975848864759
sample_1553.png,0.3829321131982485,-0.3080484170983258,-0.4058445842618309,-0.38302627855559823,0.6486136699530544,0.16232843224759086
sample_1554.png,-0.31946774969697334,0.23344994783893477,-0.3016023773272847,-0.6717049332146318,0.29923511921954893,0.4601611792283984
sample_1555.png,0.1318289259053272,-0.02715520482289445,-0.27850546155905626,0.2834082583797523,0.5957320553812051,0.684909858522194
sample_1556.png,-0.2286683239418848,-0.05442172665991395,-0.35980731609209055,-0.43821555541293256,0.6080832022904481,0.5034776208193352
sample_1557.png,0.039842671506992076,-0.31134780075269314,0.30240043063667305,-0.5158547133597289,-0.6247993108194991,-0.391853064232542
sample_1558.png,0.2565048130581548,-0.026988881477154884,0.037120730335352216,0.6297279352627777,-0.34491561613169713,-0.6454261211263095
sample_1559.png,-0.020520559465218875,0.46920534695529553,0.2677541808867128,0.36362002591241993,0.6189227827338122,0.43868897115606414
sample_1560.png,-0.41526922539394684,0.3587201085038386,0.6159020000134803,-0.5029651916633187,0.15252196887429004,0.20808446737056502
sample_1561.png,-0.10790310943425523,-0.19448813366565398,0.08911528430361963,-0.10162491701445518,-0.16285250799397147,-0.9517043594641318
sample_1562.png,0.09571486391921105,0.3337048768823185,-0.11463177101418653,0.6849576129059611,0.04952597969062677,-0.6282670792759126
sample_1563.png,0.07958068099234937,-0.22687547782229195,-0.3301497552792482,-0.8098821855446285,0.32112042290937926,0.2723381930481115
sample_1564.png,0.20917811550633184,0.2454643666202316,0.12178064263399738,-0.5457123719322537,-0.5960574950795287,0.4775716757432231
sample_1565.png,0.3449855455488845,-0.3300170198480121,-0.10432508395905261,0.8418420521626678,0.09635863289048756,-0.2078629113332544
sample_1566.png,0.22096982177861904,-0.014097937495416945,-0.03795949684758314,0.5009568025416371,0.5363908678221069,0.6409834487136821
sample_1567.png,-0.21224517092866094,-0.306520833897951,0.14787294882709795,0.5928075786702528,-0.4918677551399358,-0.4957578470723978
sample_1568.png,0.09671695587935723,0.20848416675749784,-0.04270346416559848,-0.30670999607944244,-0.013056421915913418,-0.9225589980899984
sample_1569.png,-0.22360713881815414,0.2200283495792814,0.2619357574748222,-0.021030104145032837,0.14773006081708842,0.9003946888213501
sample_1570.png,0.10987895478382151,0.12638842722244456,-0.08886276804424545,-0.42598562642286086,-0.11206812163808026,-0.877515225741982
sample_1571.png,0.26050166998867275,0.045861929123380614,0.2772024305477652,-0.5533922995921943,0.7299088771032071,-0.11909815181859203
sample_1572.png,0.08034094653928142,0.1949424442676904,-0.0033872270155950817,0.4507076978117012,0.5269275217861014,-0.6890147025593064
sample_1573.png,0.05632832879881301,0.24840254424909924,-0.02153779454072188,-0.880705227800211,-0.15037297992240944,0.36933140595711833
sample_1574.png,-0.2494980731492861,0.17982769590075193,0.4327406160327209,-0.3974023742509028,0.6950809383621769,-0.27763665569002677
sample_1575.png,0.020246805178320008,0.2990959788246732,-0.44993697842696345,-0.5330875841227753,0.06149037448343946,0.6478618211277967
sample_1576.png,0.09485895104843639,0.014446235382876895,-0.4887162634817686,0.47078664497826306,-0.5171832570516058,-0.5126703746397631
sample_1577.png,0.04858843997229449,0.559154644191717,-0.30515996574800786,-0.24325742681665374,-0.5375923332725536,-0.49364253280048687
sample_1578.png,-0.18904257374693875,0.004821367739128009,-0.432777728440853,-0.4620124570671275,-0.5473531465778644,0.5137043117747203
sample_1579.png,-0.14516866563660888,0.23797180671620427,-0.2644520305668462,0.7023812486350633,-0.024294272849519204,-0.5986910481434864
sample_1580.png,0.3012699741617428,0.16904155666875903,0.02017581430587057,-0.5327151793839383,0.3840183822381996,0.6700736609222712
sample_1581.png,0.12508629349469916,-0.10284055932603756,-0.1368381583033739,0.4152995309404428,-0.05027089119948796,-0.8832053521509389
sample_1582.png,0.31989874033928795,0.00934944997292361,0.09661282567324682,-0.48298979600368835,0.7708850597822491,-0.24637456685056888
sample_1583.png,0.23052678917936525,0.32993569284765756,-0.1681319624519984,0.6025523340648616,-0.6317441326347637,0.21808603085105174
sample_1584.png,0.026521350929365767,0.15636145170015386,-0.2880905058809446,0.45326802143354555,-0.5981318164383661,-0.5732695750676315
sample_1585.png,-0.0023791897566792166,0.24248466332969704,0.19701318739935422,0.5724468236293146,0.21841489964229524,-0.725934499268141
sample_1586.png,-0.056830499313982,-0.08451641523259382,0.36742608704531293,0.1484558046040197,-0.7231855025496273,-0.5564071741485201
sample_1587.png,-0.001899267299319035,-0.07372709586770956,0.27912532382931693,-0.6016720381590765,0.29190680466853647,-0.6851503029274132
sample_1588.png,0.2877000449335752,0.176886663687153,-0.2563919306340652,-0.4123921306706562,0.3382061984529754,0.7319510011944014
sample_1589.png,0.2586216453337856,-0.19420374484903571,-0.06922364027122317,0.2946687119233781,-0.020986474927264034,0.8962911110585673
sample_1590.png,0.10611751814270506,0.06298020790764702,-0.3644207174796506,-0.6079589819130874,-0.6324219950614189,0.2870512199947875
sample_1591.png,0.02150739010973659,-0.3488581497168678,-0.3518441247145699,-0.2251317963066052,0.6212480853527867,0.5633894090128844
sample_1592.png,0.10906394733511797,0.00643993670994914,-0.0714378349088308,-0.3766337886435634,-0.3200903599781652,-0.859447129875618
sample_1593.png,0.23320813850051722,0.017197339310121948,-0.18414906926119495,-0.6088755881772627,0.5335814574516906,-0.5059334761937915
sample_1594.png,-0.272799607653608,-0.15488854718216705,-0.1374273106258828,-0.7971589664255566,0.4146342334458202,0.2744443131349376
sample_1595.png,0.22675928237280735,0.14608928697160153,0.010616570544505119,0.2782893412778134,0.7510551645964807,-0.5344124051553127
sample_1596.png,-0.1298898085392835,0.20534406623058582,0.03824302372407611,0.18083892488511163,-0.6144470873667061,-0.7274970675617363
sample_1597.png,0.08010656501474257,0.02382211504303125,0.04606522085726358,-0.45563748394467835,0.3645603382039073,-0.8064636901541213
sample_1598.png,-0.03379399381032677,-0.036169922425684564,0.26571419980245475,-0.794626275898205,0.3194061344407412,-0.4398800628025573
sample_1599.png,-0.15814729582194195,0.6236953676478255,0.34539895148388694,-0.013456663394074888,-0.6829484928407789,-0.009662290074810296
sample_1600.png,0.28802471246770933,-0.033094476673270236,-0.19109433091199512,-0.03914624929634742,-0.16653559872313842,0.9220428096562908
sample_1601.png,0.4033487797715351,-0.06239393350851006,-0.21258039987626456,0.0394367326063367,0.023803380937726236,0.8866253299358564
sample_1602.png,-0.09084043266381331,0.015755871007663506,-0.10226937239773605,0.4349094490013422,0.39124593088767967,0.7992628707282706
sample_1603.png,0.23110487133622817,0.2396061869891896,0.2601472550370733,-0.17131497915743157,-0.00026531881355271094,-0.8900302954506991
sample_1604.png,-0.25109557584625647,-0.05586284896482461,0.27424364002728,0.3146295453419764,-0.6186019979853558,0.6139711695894073
sample_1605.png,-0.24658188621528757,-0.32654084963189633,-0.20079592239381142,-0.5922860409934466,0.6187077484033735,-0.24217227787702217
sample_1606.png,0.21333292168771975,0.22839250121051458,-0.33080199606082455,-0.6723610375702924,0.5030555830092626,-0.2962459871083006
sample_1607.png,-0.3428174731203035,0.17644845652541885,0.23783415159115956,0.6293766344318112,0.6050221792414361,-0.18058309252903626
sample_1608.png,0.09858481823751437,-0.282251024399135,-0.05337579221513176,0.3469146181437249,0.009771555136408913,0.8873112092566687
sample_1609.png,-0.6073792141257012,-0.15515290941869997,0.6559109281578478,-0.21649263555928205,-0.3344342356439011,0.13447527671637094
sample_1610.png,0.4435430680660529,0.060836411074725545,0.052963406192747496,0.8888223659623953,0.06622063672558023,0.04871328873346978
sample_1611.png,-0.38273999574819034,-0.3697108677657771,0.7674128962220823,0.3062868630240137,0.11451977101242478,0.1448274704907799
sample_1612.png,-0.32230587872841987,0.5160549758013747,-0.37714526975049334,0.5970365501829017,-0.23495304085480886,0.2755214226359711
sample_1613.png,-0.5542847983506658,-0.05741177911947589,0.10863758412568414,-0.3312448040812575,0.04071502497979573,0.7525219543382753
sample_1614.png,-0.09411433227091255,0.10612414338669236,0.263309376194016,-0.26498774432633176,0.6288165061577221,0.6670229591253941
sample_1615.png,0.16809350060764727,-0.10145589693476204,-0.17886389252136897,0.37404659944822227,0.4785136850988717,0.7487140833436038
sample_1616.png,0.3459729555086051,-0.08855638045915769,-0.27919690437143857,-0.6893543332420693,-0.5047888428248899,-0.2539456586081167
sample_1617.png,-0.08584530459010505,0.005767332205617195,-0.10490696371471664,-0.5617538256415915,0.30377194579850925,-0.7574609526873615
sample_1618.png,0.14430899690091187,-0.06878096161569835,-0.35991044815410134,0.7064170295761136,0.11238105054235788,0.5772815966632252
sample_1619.png,0.04957095585295897,0.2825167891472446,0.08439258618718286,0.37566497557452355,0.7879285633595654,0.38555062021882197
sample_1620.png,0.13493819782687222,0.18976149869641853,-0.20704891328565667,0.3072606509779679,-0.6930132046272978,-0.5729193612191441
sample_1621.png,0.16685915275648322,-0.24554945685174528,-0.13546426740048995,-0.25620841951968654,-0.3648004602028387,0.8335411145479696
sample_1622.png,-5.26304010692262e-05,-0.4798236312919299,-0.08159645611576051,0.680848778057513,0.017124370373458767,-0.5470493540715681
sample_1623.png,-0.0563364613236035,0.4418171635146324,-0.2980693894966655,-0.44150101920228324,-0.6254785706774448,0.355853683219873
sample_1624.png,-0.30074432184027095,0.1555447768663764,0.3127730222640493,-0.22812595118977744,0.1063258657282333,0.8509906418317056
sample_1625.png,-0.049756965930339465,-0.3856164241224848,-0.1071831965175237,-0.5151361017496098,0.5804835767774489,-0.4847778810327015
sample_1626.png,-0.2143622731529394,0.035350214770519514,-0.35530320854633873,-0.5525188332792987,-0.342024679913883,0.6358465737601706
sample_1627.png,-0.0383019421768549,0.1954836596491682,-0.10660668510091194,0.3474467305045574,0.13660320017908517,-0.8997635522124522
sample_1628.png,0.15496673127682556,-0.043807261434359,-0.4243243769622501,-0.14733093671202513,-0.8520068354142544,0.21539035877573756
sample_1629.png,0.12454336093455227,-0.08519469825471226,-0.12300380833121287,0.19323567604041414,-0.5583782425485573,-0.782926937540165
sample_1630.png,-0.3275839199246851,0.18112242399556733,0.0857820143431553,-0.4089910086973151,-0.11182412715442183,0.8202113193189196
sample_1631.png,0.373235137062318,-0.2556782565479445,-0.03254315939434523,0.3117652004313107,0.19689573124058832,-0.8113566633648663
sample_1632.png,0.3908524697820019,0.06965151545046606,-0.014610825897388217,0.41225329349189616,-0.5919930620343945,-0.5672397848666693
sample_1633.png,0.0901517950146299,0.1873664176936068,0.28858934388915647,-0.6603929077552888,-0.5774955959166252,0.3222773868166173
sample_1634.png,-0.10586782107212989,-0.0209953956289675,0.2654582798515732,0.5735338599446091,0.26575118654161245,-0.7199432740368015
sample_1635.png,-0.04557808697979954,-0.2625060821983268,-0.41962090638656685,0.5530141895370249,-0.6035670261459539,0.28777359301975636
sample_1636.png,0.2324301471739909,-0.24859075614346568,-0.15716049921061814,0.26429626546881957,0.47162107886218396,-0.7531271354589948
sample_1637.png,-0.3321899615745191,0.2766568969601605,0.03254714105092047,-0.6169739101439942,-0.09245892330819507,-0.6502661117613512
sample_1638.png,-0.22764472722820753,-0.0712413815121479,0.15997701193369915,-0.36886792350953773,-0.43811146696644315,-0.767792092233616
sample_1639.png,0.09416645879492215,0.028374235012242413,0.20012257378594742,0.11295809286755662,-0.6171809316852791,-0.7460607904900227
sample_1640.png,0.18375679433728923,0.06668323032425,-0.2972508086538127,-0.6494098132254403,-0.6106348368200598,0.28075030655601796
sample_1641.png,-0.06147978066156896,0.21055523831644582,-0.10890759929066245,0.1336118732971531,0.5976746449399193,-0.7516373787365962
sample_1642.png,0.14648128214738967,-0.020899354508432718,-0.1960188348473856,0.5617161059139316,0.7786754310657759,-0.13350152342980107
sample_1643.png,-0.11267280493527039,0.034840050437288585,-0.1075070852655169,-0.6495567948641159,0.11408469902607074,0.7345705467994523
sample_1644.png,0.10858874064820771,-0.14413368663899667,-0.16452840362520763,-0.3824708097041434,-0.25294294916519855,-0.8544590770614455
sample_1645.png,0.0784951113630649,-0.26240116761702514,-0.16500501746983065,0.12117194038194208,-0.05456952271901676,-0.9381348607686405
sample_1646.png,-0.14160029275778743,0.42704634033936134,0.059063961423790036,0.07129986493421675,0.3299417185509868,-0.8247102645017704
sample_1647.png,-0.2706065950016576,0.20956174814723008,0.15858460089856066,-0.16051457283349502,0.3322525461082575,0.8494411023288141
sample_1648.png,-0.02608179892023964,0.22752456921388906,0.03686379868611889,-0.4418919636736028,-0.703074809613762,-0.5065675424292474
sample_1649.png,0.2746159551103935,-0.029261941052853874,-0.11048785105035967,0.7772270919937618,0.426179097943723,0.35469941460579557
sample_1650.png,0.11575413230233596,0.2501722647911776,0.41291711834235606,0.3125211295861833,0.20751814480600772,-0.7828033184028282
sample_1651.png,0.17793200981079663,0.12170462719581973,0.11530426036609663,0.3554985750904825,-0.4854152206735027,0.7604116896736766
sample_1652.png,-0.20765397263806387,0.39953436611317633,-0.18090048426485295,0.4602187875034297,0.13010586633202903,-0.7319824204923091
sample_1653.png,-0.12047777385832052,0.13600801508004182,0.1036823669572135,-0.12406816882415556,0.5234713983588771,0.8165914995927296
sample_1654.png,-0.3408881699453856,-0.3948366357267394,0.22119097724072756,0.7598638367811877,-0.16980846819102927,-0.26971442666152745
sample_1655.png,0.21648568214221414,-0.1335107469768626,0.02640120950153303,0.2960790322386487,0.8985306780719827,-0.19897646403050978
sample_1656.png,-0.2273568470724336,0.5402512126807477,-0.17425851249844895,-0.32492679137061015,-0.7108193011417459,-0.12340973819780751
sample_1657.png,-0.20308535767942903,-0.23592501351169778,-0.1637100971236855,0.40731455636503566,0.2922773966143777,0.7905463333650677
sample_1658.png,0.20836944864702953,-0.015776118854965247,-0.5423499928377049,-0.27587383428772577,0.7281543922167619,0.2363780464936936
sample_1659.png,-0.15730169223640475,-0.27354756416065923,0.010002302505851931,-0.8306761032467982,0.3514140848296908,0.2946408223310893
sample_1660.png,0.2790096908125154,-0.04787581786948184,-0.08848470859659648,0.9228717708360183,-0.03137997673173051,0.24362870622099528
sample_1661.png,-0.024148994595726652,0.0892990051702262,0.0958925983118265,-0.3683533138245832,0.4759351728527821,-0.7874316927585977
sample_1662.png,-0.043258252246067885,-0.17515780356300026,-0.07009786530816713,-0.47120040609840663,-0.4928329984221057,0.705422263401016
sample_1663.png,-0.20361402480549182,0.2711440072098225,0.17484487667536605,-0.3886612671124568,0.15526050641492598,0.8241893714137575
sample_1664.png,0.07631746867589526,0.18338234934498052,0.12134441890549431,-0.5152731019811618,0.8018200223775842,0.1933917578730508
sample_1665.png,-0.08043998649207236,0.32676905225253183,0.01264617149060265,-0.26844869517031283,0.06895223380801696,-0.8998735227375059
sample_1666.png,0.20100641617263368,0.45700192387523314,0.35012406377986993,0.23948006349559284,0.3094072249526065,-0.6892570424227185
sample_1667.png,0.1026702178260508,0.25035670084441436,0.018922282541473892,0.5448946553256073,-0.030861046666330383,0.7928175744353291
sample_1668.png,-0.08761823581466864,0.2835166141552541,-0.2685875753379181,-0.5362403059919336,0.36985606713394265,0.6445579201737063
sample_1669.png,0.30207268773371243,0.36042718866325385,0.3234212053993184,-0.3308856014927125,-0.7369886798841748,-0.14698796325915012
sample_1670.png,-0.2379829923968122,-0.22188364804152136,-0.17333364748415883,-0.5236945349925372,-0.4763695574497054,0.6024145312536912
sample_1671.png,-0.40313430444705417,0.05233534120230899,0.41151756200703954,0.25504237568683674,-0.5091909455901442,-0.5840162740301329
sample_1672.png,-0.18904405944104283,-0.02558800707791278,-0.19385162755498075,-0.456743848741013,-0.3907833415701634,0.7514669524114955
sample_1673.png,0.43139802969693636,-0.0019128870127579052,-0.13440035856177965,0.5841789784358691,0.2370358337066233,-0.6311715766318801
sample_1674.png,-0.015223446810871373,-0.2724662366238333,-0.044025777290334356,-0.36102327653794514,-0.123104570879261,-0.8820995328916478
sample_1675.png,-0.07829695939707931,0.3830918382714423,0.44066509106603985,-0.6827035154584262,-0.14355016724844594,-0.40771775357272305
sample_1676.png,0.6147851110615693,-0.13983091390615912,-0.3152484272285059,0.3193016577819707,0.13135544787555856,-0.6195943911255429
sample_1677.png,0.2746397664612056,0.43203912778940384,0.09936621644573082,0.5712435180057165,0.6337279857636275,-0.01054651424850269
sample_1678.png,0.1887034718363585,0.11606428680381534,0.18979675366771112,0.0191027382617536,0.5092990087945195,-0.8094114394883776
sample_1679.png,0.2954548452045294,-0.25034064807057294,0.15386983548714817,0.8184755151119399,0.28630619292351045,0.272922448970071
sample_1680.png,0.09471334352150404,-0.494294206620914,2.5529467570615227e-05,-0.5994126056623393,0.48678166384189575,-0.3878798256272497
sample_1681.png,-0.13177490369814873,0.17661707203271027,0.31533082495336545,-0.6446495106507601,-0.6380195568617089,0.17136600869452007
sample_1682.png,0.09319241097730611,-0.23969487071553358,-0.3603505200822732,-0.5679309975841291,-0.5463460209520654,-0.4277492881797431
sample_1683.png,0.2805449031078325,-0.04140540577124846,-0.037763220145512616,0.8918942018772904,0.2749032281438189,-0.21704155530947367
sample_1684.png,-0.11208514811192519,-0.15755392847964447,0.38760732292298183,0.18962299171554767,0.8753870574966947,-0.10057267516558396
sample_1685.png,0.23864962004177115,0.06919121706752696,0.28863549448850767,-0.2203551168186715,-0.49425573798158606,-0.7497355357858628
sample_1686.png,-0.2073379657073959,0.30438048073111007,-0.04020073064580397,-0.4184600482742333,-0.6289360428554392,-0.540442442982995
sample_1687.png,-0.03449301071193878,-0.14871634121651622,0.49205237184234024,-0.009062992175075807,-0.09239955887288125,0.8520318826924599
sample_1688.png,-0.09354081498782665,-0.2738489541789212,0.14430860347265762,-0.1585235977817635,-0.2646329286583503,0.8945789932735543
sample_1689.png,-0.3012896809902275,-0.22587805579905865,0.13599053482215753,-0.7584300804941556,0.29400223139677506,-0.4219676615706155
sample_1690.png,-0.3172419958130673,0.016689026843781363,0.23428304342160947,-0.03956449198161068,-0.8296889771203215,-0.39273566206792226
sample_1691.png,-0.2504960948697683,-0.08258079835481254,0.11426037089340396,-0.5877980923327121,-0.027455666518125938,-0.7557223530288418
sample_1692.png,-0.24506164516730292,0.062431489129472585,-0.1101675139306283,-0.5535067944761808,0.13898806584418708,0.773448617639796
sample_1693.png,-0.29532928391441604,0.28549303508552215,0.26785385036300907,-0.32594598606509045,0.8077543288133978,0.028649856495950757
sample_1694.png,-0.38864684187712173,-0.22557722211796843,0.1399435090082561,-0.4108140244112265,-0.6533971095385469,-0.4275376217839324
sample_1695.png,-0.2949752840019606,0.13989450478726573,-0.1794809372851212,-0.1831817478737208,-0.6162235789462971,0.669267248941772
sample_1696.png,0.027270906033739852,0.12239218408781283,0.07884974063601116,0.3212552470940121,0.3982388157967594,0.8463214998848296
sample_1697.png,0.19305969503023515,-0.34130145970741715,0.27716422624684833,0.5250249896963827,0.44119436620654257,0.5469164020829191
sample_1698.png,0.3072603762419189,0.17877469939539084,-0.16772121540532703,-0.6840585814043126,0.1926267627624029,0.5834886883440998
sample_1699.png,-0.008449457404367464,0.19427064274367387,-0.37623690818941236,0.16218170225182757,0.2947924644971186,0.841087279230888
sample_1700.png,-0.04487403869982053,0.32201150519443505,-0.24418277034328406,0.7178207771459193,-0.5574010146814616,0.0933119851378469
sample_1701.png,-0.42632783330748925,0.3244235128860397,0.3590681324479998,-0.2024045275356208,-0.14070138440568888,-0.7233944752026612
sample_1702.png,0.3702144504003396,0.1196372533795957,-0.07397115267021992,-0.5956509701442405,-0.3669337288734945,-0.5947402939707533
sample_1703.png,-0.014535160154206299,-0.3002312776896092,-0.27944620535050496,0.6091153127653076,-0.5343526912360236,0.4183365444890036
sample_1704.png,-0.3866713119512418,-0.1225589353434874,0.30523939022173313,-0.3941576534962605,-0.7619773093732071,0.07952259257048026
sample_1705.png,0.3184735188547208,-0.2181807814937846,-0.037943838846443007,-0.5263520209645445,-0.027972836432642596,-0.7561105077414947
sample_1706.png,0.2721713161854769,-0.13406219369279337,-0.26408506355677663,0.19120604563729332,-0.05767302883430029,0.8934893686727232
sample_1707.png,-0.421953369340388,-0.3832613622804286,0.19197193273228177,-0.2484527157101731,0.7486492395027298,-0.12652439913510946
sample_1708.png,0.4574986741510579,0.5051091521954758,-0.0538241935535118,0.7068413030269016,-0.053409750304460206,-0.17373955972763647
sample_1709.png,-0.15127276000812537,-0.09601133701969912,0.1697504689896845,-0.1039471794228878,0.41245612257774206,-0.8707227367877541
sample_1710.png,-0.005322172324268062,-0.0864189924398988,0.22794137132376563,0.18169956840796567,0.655237574026752,0.6915165593753777
sample_1711.png,0.1437965690886534,0.0951903335659548,0.026737726174147106,-0.49005077749753345,0.4784317672965581,-0.7074600487861669
sample_1712.png,-0.5392517980360737,0.5886524062775881,0.23959423675406383,-0.1059238695741313,0.22815867848051583,-0.49194938347473455
sample_1713.png,-0.08135998290609159,-0.23608432926441106,-0.20860701462743603,-0.5494652541921944,0.09498021720265971,-0.7636717546702675
sample_1714.png,0.04220004127325835,-0.1150017121059446,0.07187764238698545,0.2315003971545816,-0.3055288552064507,-0.9126264580909497
sample_1715.png,-0.2562056005873246,-0.2844301763717936,0.18337723623058186,-0.1030614281349115,0.21801776456549554,-0.872741399610382
sample_1716.png,-0.18719144571265717,0.307462688486018,-0.3893205982611215,0.19358418280358256,-0.7284783025099556,0.3882010517129498
sample_1717.png,0.09863745531065252,-0.30020618552050626,0.22299061059847444,-0.43080234632810904,-0.28384383696348514,-0.7643717032871039
sample_1718.png,0.13480565151962645,0.30357956745794157,0.21243360963253413,-0.6044166460158343,-0.049006386609257324,0.6905199027757156
sample_1719.png,0.008208852048964455,-0.1764633529807881,0.04168744887444313,0.04968206149317119,0.027187082294504582,-0.9817576135336346
sample_1720.png,-0.30378418634513604,0.2179429022748043,0.22274154459996132,-0.46150965894898044,-0.409930114762479,-0.6554146775069192
sample_1721.png,0.16678659643669078,-0.24823064536691092,0.1800974962551764,-0.2914216177209527,0.11947821840017156,-0.8825684482493309
sample_1722.png,0.3428819366917997,0.23749070796534727,0.3350295358721673,0.16746602209662448,0.7301727690809837,-0.3906254087353
sample_1723.png,-0.13888113736618377,-0.011086116445514016,0.05368375208256958,-0.5440117000971461,-0.12003929128532666,-0.8169143291517773
sample_1724.png,-0.2682852488753167,0.016365124765250996,0.20792224217933636,0.4112638819440008,0.2642836674238495,-0.8034548597623861
sample_1725.png,0.3086528394378796,-0.051772764696845684,0.3156398143084874,-0.5902798694168352,0.6045074999357315,-0.29759850713432434
sample_1726.png,-0.02190403976879344,-0.2446602028192927,0.5119158800028998,-0.1325738036820213,0.659614326357919,0.4742750858307403
sample_1727.png,0.40611643126625235,0.3751305627445873,-0.0566347589360935,-0.4742739925009493,-0.06991773359751256,-0.6792015163385164
sample_1728.png,-0.057149372783575424,-0.14639265666409576,-0.2864138300850088,-0.25113151608937434,0.4853129694188667,-0.7711514381376736
sample_1729.png,0.18028515050191354,-0.3932811892847243,-0.2641646730898852,-0.5065463115747488,0.3296172106533322,0.6146604955792616
sample_1730.png,0.3908631284298476,-0.39784353809393536,0.2629023786724485,-0.18355775546225764,0.54024827815007,-0.5424640280100081
sample_1731.png,-0.018543441249330418,0.3073716285521827,0.22352846388177422,0.029219371995270953,0.3730354882800052,-0.8456977009347763
sample_1732.png,0.4496513413271946,0.4907760910311036,-0.474550587712101,-0.31455457402531334,0.14764729873360452,0.4593581767568828
sample_1733.png,0.16807983314442804,-0.47001295207924165,0.32221241372991755,0.4662727587594494,0.4346844006708892,-0.4905663474582009
sample_1734.png,-0.2552009915677346,-0.12933418332833715,0.12966556825116932,-0.4832198075660643,0.012739652864786644,0.8171097124355082
sample_1735.png,-0.1803205218917613,0.3360712181239152,0.48320351588951327,-0.41187862513413404,-0.606992355014338,-0.2880473695022521
sample_1736.png,0.4104722478202765,-0.1517230186604778,-0.206572399887961,-0.1540377161839499,0.20350918323370004,0.8370644523062937
sample_1737.png,0.12646196780837998,0.2502729390945144,0.18081501058244376,0.6693758934107511,0.48171945638747876,0.4566826439239912
sample_1738.png,0.0613501318437455,-0.19111178996493247,-0.30542493088428757,-0.19977725117819153,-0.021226643347746706,-0.9088820254451927
sample_1739.png,-0.24886673178952312,-0.17862575158396699,0.07396223885985792,0.5150018596202369,-0.42436103394942964,0.6748174385382838
sample_1740.png,-0.2787267689121472,0.2392014814463471,0.06639852211464851,-0.2451465404299886,0.1434843424302885,-0.8831764789775673
sample_1741.png,-0.023041889755730707,0.5264021964089767,-0.19018388907964287,0.5877781438506938,-0.5628838588925876,0.15452670408849933
sample_1742.png,-0.20631113482982716,-0.21818153166872928,-0.08791681243835973,0.6880418619301351,-0.6421167928830214,0.12801402073183402
sample_1743.png,0.10036803647038085,-0.31366248116440015,0.26715141248339913,-0.37688041905547015,-0.6354170573134207,0.5238115510188026
sample_1744.png,0.1366958998425892,-0.20989415539669987,0.07195530376954035,0.5114320858773119,-0.6156571702692234,-0.5398931181143526
sample_1745.png,0.06280465287333002,0.05809550965594152,0.17468562663051834,0.578063574511146,-0.3867283268923663,0.6917001692832002
sample_1746.png,0.1785456498283306,-0.43785146917562107,-0.49886195878835266,-0.40144206087537776,-0.07495025706692275,-0.6006421719024639
sample_1747.png,-0.20945097781934696,0.09220806375423078,0.2731235966070896,-0.384665667954256,-0.10376299942819324,-0.8451609466205794
sample_1748.png,-0.2588971777240907,-0.06055658040119056,0.41124912821269377,-0.8156941072179348,-0.3056544791410167,0.037386753160500386
sample_1749.png,0.006791815426804154,0.2947963985750547,0.11535161675101761,0.5478455643178515,0.19505559966463382,0.7493740787083826
sample_1750.png,0.024742722322206645,0.16081294381317168,0.46559719110660547,0.1080102991488257,0.5949725954460646,-0.6253699995793066
sample_1751.png,0.05669611771198807,-0.21324365743459672,-0.26597887382348046,0.3541463107709069,0.19294558193139932,0.847301790662812
sample_1752.png,0.06900764190400359,-0.27298145936739543,0.20842678139068757,0.3595796646378075,-0.49953055325022133,0.7060092323391416
sample_1753.png,-0.14194020896004178,-0.33757497210952636,-0.239463332773746,0.21902344326505685,0.6919868904292602,0.5307883780913856
sample_1754.png,-0.15630012407628005,-0.07561680866304034,-0.14562541567544782,0.5839021185300101,-0.4006675795830647,0.6687072710969458
sample_1755.png,-0.12904247462946658,0.27659131343634846,-0.266987217490688,0.49544461334451884,0.05046775835818263,0.7665185915839483
sample_1756.png,-0.19880644301025974,-0.1929946960981145,-0.07755840156104216,0.05925521746515341,0.4785066219676298,-0.8274865387298975
sample_1757.png,0.21970038177335832,0.08475428617692693,0.25556961467095374,0.23637083648108498,-0.11611667130573182,-0.899932426122278
sample_1758.png,-0.6124967243117267,-0.026936136355156008,0.5224252217116763,-0.40471099798610766,0.38615797018600456,-0.19566585076625018
sample_1759.png,-0.5578162550766036,0.05914004927021632,0.16028710918323966,-0.17328863619528523,-0.07217889342845503,0.7901979363952628
sample_1760.png,-0.05787202897498813,0.20850602480237168,-0.17516386339329254,0.1222815597867,-0.49522449491840115,-0.8138142334793077
sample_1761.png,0.10295858375468737,-0.1556190255968016,0.009527936828339854,-0.49896225171853065,-0.4276913011855047,0.7302111267116858
sample_1762.png,0.15045827904785386,-0.25091457256429023,-0.27482440854902385,-0.2582615993202028,-0.7573202433426706,-0.44569353074336443
sample_1763.png,0.023435247075652456,-0.17474293718188075,-0.04317593434132644,0.34433927073624393,-0.01956472601687348,-0.9209230271407173
sample_1764.png,0.04485719689791887,-0.3626801071931477,-0.21857881677459678,0.48733749587901226,-0.7411363769419456,0.17858697733593468
sample_1765.png,0.32297088315534667,0.317017386671573,0.22038676618657124,0.7404455718432544,-0.21302331511368802,0.39112770398847724
sample_1766.png,0.28734691129494117,0.2531545848372799,-0.1775736918609961,0.38656660504265405,0.4772929546759928,0.6667606676960144
sample_1767.png,-0.189124391909496,-0.5013150078462301,0.2137612718274065,-0.30970778287010126,0.6948708306030722,0.2974171547950956
sample_1768.png,-0.2632172375033623,0.3716588391807424,0.4065078991446461,0.4289883613066421,0.662875307929322,0.06247425929113686
sample_1769.png,0.21536322786327786,-0.2577472852660999,-0.38995544168848356,0.20653900637543054,-0.48961375783075506,0.6728594039679477
sample_1770.png,0.020989508891059442,0.06817061100990096,0.34861428070608086,0.23498578519093652,-0.1263613650228092,-0.8956532687299266
sample_1771.png,-0.28823909284119625,-0.19351134662653946,-0.21279864893097897,-0.40203164806537284,0.4671888563271152,0.6740129416974275
sample_1772.png,-0.1882421491934227,0.13534763123791443,-0.12521487880688334,0.21197766256470033,-0.44216261155861386,0.8307375287200985
sample_1773.png,0.030619593174227664,-0.09033741127583121,0.20260709910180028,0.6848907678299857,-0.29934183808222203,0.6254366923567793
sample_1774.png,0.010126726237648957,0.2629111209253001,-0.24382286139173429,-0.3683922674252237,0.4479561129835201,-0.7314014371836136
sample_1775.png,0.14836964871568054,-0.3390753029006372,-0.18643919687299704,0.3651099185506438,-0.3246210485539413,0.7678350958271317
sample_1776.png,-0.4324703991566408,-0.17437800586739605,0.34661489760920755,0.30259255173735994,0.4808449149332723,-0.5827912946280617
sample_1777.png,0.326082550675964,-0.22121428022386508,0.08268690554417155,-0.5647070787448087,-0.1749943003860693,0.6988420408569581
sample_1778.png,-0.5309710061065455,0.4881441967034503,-0.12387944475692457,0.41484688677563747,-0.525566370846814,-0.12696837178263198
sample_1779.png,0.0414002507158208,-0.4092078588292371,0.019529008727126526,-0.6340859558489753,-0.5088787512165025,0.4116199490872843
sample_1780.png,-0.0790686359161255,-0.25151869769349405,0.2491345403417034,-0.5108790246915595,0.6772285758254378,0.38572341716482583
sample_1781.png,0.17014789434055638,0.2361112751101206,0.004632456980983911,-0.25936599789657544,0.011199638786019492,-0.9208059227577999
sample_1782.png,-0.10363123085982034,0.1658134487781663,0.2564969076326187,0.40240734817107426,-0.49743838786460187,0.6975666140135024
sample_1783.png,-0.1164520081575156,0.3300833572299172,-0.3349964926870216,0.38514227110744986,0.5434152247506213,0.5671213110779125
sample_1784.png,0.3402177283793275,0.25029852980967193,0.07157526373600338,-0.6920927458310109,0.2976089403966024,-0.4989148972086841
sample_1785.png,-0.00616068415006146,-0.03619648493966661,-0.20037802297553012,0.4106229631345409,0.35797384035075447,0.8134765025053738
sample_1786.png,-0.48254932583366256,0.21090035397821627,0.12331222665221868,-0.03398044247074989,-0.8383404079580633,-0.059092922601718265
sample_1787.png,0.051224585404825086,-0.32306514108726897,0.017347217238963455,-0.090853376641124,-0.00830713917730034,-0.9404151667800908
sample_1788.png,0.07078924994173902,-0.2924279860192297,0.10998820375204436,0.44174440177163693,-0.3949526973187449,-0.7390883577116396
sample_1789.png,-0.11395545479000962,-0.2224891024257575,0.23023552891028642,0.5119563409375213,-0.01732082324276234,0.7887363621064019
sample_1790.png,-0.3105117532864056,0.16402224778368313,-0.2496793856004922,-0.7594442953534601,0.3252048201169772,0.36307787723424045
sample_1791.png,0.26351824155511566,0.17839851014892272,-0.27521412107695237,-0.07329521085894983,0.3506056410080969,0.8334823285844928
sample_1792.png,-0.2274139290910702,-0.0713382645227856,0.13990239384446296,0.4223408872072257,0.2585862971968588,-0.8236397142937311
sample_1793.png,0.13711213799466102,0.2400842611156035,-0.014461017957868534,0.6297781200798566,0.6211061374229032,-0.37544290333286806
sample_1794.png,-0.14048118378297791,0.24040509864162768,-0.009141443626663375,-0.3476190557800297,-0.7787495805033963,0.4416977954244823
sample_1795.png,0.29568056287353695,-0.2978395860793527,0.058916527207205485,-0.4405500512423857,-0.10299467910242235,0.7846662838121894
sample_1796.png,0.1518281690730761,0.2622029000708186,0.21986653240117304,-0.5454160598013631,-0.045068019735015286,-0.7485631232622763
sample_1797.png,-0.06315841041855198,0.2980392724304791,-0.2318209266493484,0.4774127763004652,0.6471572569163042,-0.4546506253109043
sample_1798.png,-0.29952635366810915,0.07088015253949567,-0.0495815330871976,-0.7568215191195993,-0.030751217017871042,0.5736524992191786
sample_1799.png,-0.2559891774745475,-0.21219542434002522,0.19201266095130778,-0.04622418989442177,0.3519950300230294,-0.8523711656591572
sample_1800.png,-0.033847435991805994,0.148715254633318,0.25318362360047614,-0.7465597735297752,-0.4370611771692522,-0.4052927445874876
sample_1801.png,0.07254953658921094,0.11421826116685557,0.17090858106278892,0.24503019694538286,0.3291808781639132,-0.8854835755178955
sample_1802.png,0.16094989952299235,-0.07265140780055396,-0.44708022871469544,0.3590582657585729,0.6554648902631208,-0.45867102732062
sample_1803.png,-0.31968517893910575,0.05741037376806494,0.3554361333745974,0.0003873956684770738,-0.14450723864545165,-0.8644582687127592
sample_1804.png,0.21824651043062004,0.28540547898880747,0.40166054468565815,-0.4478757126130909,0.6595162188079262,0.2720784505826559
sample_1805.png,0.27120376032330923,-0.15193131315049557,-0.006317287583146621,0.3663730684834994,-0.5447134617388681,-0.6873016132957193
sample_1806.png,0.09052746788526114,0.352948464765543,0.44034348485802954,-0.3935476607648743,0.6446318223342099,0.3207800281526061
sample_1807.png,-0.31074597308312113,-0.3369777610706215,-0.06033234530142736,-0.40553981447097526,-0.7868933633922538,0.05078612403952383
sample_1808.png,-0.2943217716822189,-0.31408107912673144,-0.12971139153982908,-0.006805360695484486,0.5061686480582995,0.7359685537724193
sample_1809.png,0.2758278606551849,0.17823934167482622,-0.4978724115723277,0.4816510352979203,0.34167792733624086,0.5436370704141829
sample_1810.png,0.39871971173171705,0.3239807949074198,0.08277514250293068,0.40183183148168555,-0.563126826427788,0.5006262761349971
sample_1811.png,0.08841174305160555,0.27287937607335583,0.08985892110730287,0.1640492761619921,0.2683698624468392,0.9003949333613642
sample_1812.png,-0.09730416977552461,-0.07760102216555918,-0.254346053500629,0.6637840540433496,0.011072482998970448,-0.6921605266770307
sample_1813.png,-0.45465549701304314,-0.11465788987718575,-0.2532368339330714,-0.45986644687359196,0.13708443407148707,0.6969531994613739
sample_1814.png,-0.12675679541089627,-0.32138473276788304,-0.31185663385449874,-0.8519276304320269,0.1317286605734154,-0.20064117416877145
sample_1815.png,0.2421139912208389,-0.2508213129057619,0.05021568566019996,-0.5555007391136069,0.12801229104727527,0.7422800356644962
sample_1816.png,0.09891295443712657,-0.09582168684826967,-0.1811065403277967,-0.6485798954575674,-0.5349642055943363,-0.4913168740900712
sample_1817.png,-0.005381259592019642,-0.31258750611460717,0.269892262702547,-0.643747816195452,-0.6370573492383513,0.09573370631363302
sample_1818.png,-0.42251503363249165,-0.09900540042367895,0.3597180588831132,-0.7692335778756012,0.1191142760105986,-0.27635735393511596
sample_1819.png,0.06419647134583736,0.1066917800013485,-0.13961321603189977,0.07144192807413396,0.5461344712489649,-0.8134107309857552
sample_1820.png,-0.2963916280646247,0.09061131617649981,0.11294995449597632,-0.41670362510965403,0.7529020327319048,-0.38817588526589225
sample_1821.png,-0.3200564953099465,-0.27122534600024034,0.02623705495236693,-0.47113495742240663,0.23155287942898037,-0.7400860655134142
sample_1822.png,-0.038924411922176355,0.22669874005778223,-0.3021639032977177,0.2809837730534293,-0.14513959786730912,0.8693515763879358
sample_1823.png,-0.05148449578780977,-0.35380977491622423,-0.11158465183670185,0.6722126132687337,-0.5277965408051514,-0.3595523180543044
sample_1824.png,0.10669176680837297,0.19600562450176545,-0.008901146368051085,-0.46293051894127146,0.32357108899676734,0.7944284213511789
sample_1825.png,-0.3646402399005542,0.35952212285055135,-0.08610889743388882,-0.09542978464198372,-0.758887632250494,0.3812470514370477
sample_1826.png,-0.14368708004974343,-0.09807756369764141,0.21761896363067887,0.0984246499934199,-0.36175791122003537,-0.8842061994453629
sample_1827.png,0.20082997021032092,0.25510802128438137,-0.1044987931817285,0.3765477655926717,-0.4662315982573977,0.7242286239708913
sample_1828.png,0.272490958349573,0.37575343463380095,0.16929176574549373,-0.505677985079683,0.3318616029827858,0.62454462122482
sample_1829.png,0.048753385174493104,0.25743680247332684,-0.2981837732803498,0.49224191228939573,0.23981874027343578,0.7366279312637901
sample_1830.png,0.2074652117568181,0.2791066349218281,-0.24903697208097214,-0.4078347598576973,-0.08564733408893696,-0.8021057296923676
sample_1831.png,-0.26752082651473585,0.05698835881488539,0.34550408090408563,-0.6853529189752477,-0.3103220375685452,0.48969732883741096
sample_1832.png,-0.15676124436696406,-0.29134844297476364,0.24767907946607695,-0.3009050236908553,0.3608091404847749,-0.7800448714630348
sample_1833.png,-0.002798377509073884,-0.1082649488059575,-0.33563469218704134,-0.5708865073404433,-0.6510789000915004,0.3546901252306613
sample_1834.png,-0.0699369238078465,0.14971137263741033,-0.15453927047866542,-0.6396110950468186,-0.7316173857443243,0.06668278219218239
sample_1835.png,-0.5377072689401011,-0.018339492287526717,0.5915840830145445,-0.29239931258835833,0.03846437429219066,0.5230544547020127
sample_1836.png,0.1345320363807368,0.22676132624994094,0.1633509260390124,-0.5228556370646545,0.0031087819432651406,0.7939831391984092
sample_1837.png,0.444985435908601,0.11973955659746471,-0.36658311506973656,0.35306136054331366,0.10402806846750823,0.7195783882406885
sample_1838.png,0.6088130114857383,-0.23954086743061584,-0.4534700723332876,-0.19279441923168508,-0.10304544117705178,0.5643967862594907
sample_1839.png,-0.11641353731723611,0.1264047760893829,-0.08026945845143257,0.21532984095360722,-0.04430064239160812,0.956920606753549
sample_1840.png,0.6281728819441084,0.004153691531589667,-0.011303331273677273,-0.23373945469884386,0.7342759202013535,0.10704462746141732
sample_1841.png,-0.16793769227368952,-0.4677580159913726,-0.45518036483933744,-0.5112795185030595,0.528166525499153,-0.07378062588350913
sample_1842.png,-0.2028935817582119,0.2058263872962457,0.22597255125797347,0.299823978283362,-0.16713318834425514,0.8646260337579964
sample_1843.png,0.025615707322477192,-0.07081684143840616,-0.08240477649814981,0.4280664451407584,-0.3602496950441472,-0.8212901674088762
sample_1844.png,-0.27898476209322326,0.21915044800929057,0.08558363455898699,0.4187663674376449,0.011111972300368396,0.831460930367425
sample_1845.png,-0.05112905624472949,-0.21710483850169512,0.2641735289665364,-0.5863696230510376,-0.6983633763294652,-0.22118525055874858
sample_1846.png,-0.5524312842808309,-0.4551806316340578,-0.18827108937919143,0.16499591648935813,0.6011399746571586,0.25217324213336356
sample_1847.png,-0.43647362807808576,0.0813922713497766,0.5467215176512344,-0.3907114543854143,-0.08450131393579527,-0.5866564068082497
sample_1848.png,0.22747451417610098,-0.4915795835366354,0.09906473220422599,-0.6047456275746086,0.5676823763108058,-0.09386417228692398
sample_1849.png,0.14179510361532258,0.47089630359428464,0.012712642123743503,-0.3796844534634439,-0.7474976971673674,-0.23468301410592418
sample_1850.png,0.090299218180433,-0.2339113270577532,0.2791054693879729,0.19086011078157777,0.4408130319723442,-0.7927723306117562
sample_1851.png,0.21398736915104272,-0.15722713631697988,0.44986530409510433,0.07051226304911196,0.42463114426793525,-0.7360887539544353
sample_1852.png,0.1471793279662199,-0.14783270940709617,-0.04328889253261133,-0.3537226926871513,0.9097868771076794,0.042165177017017406
sample_1853.png,-0.12931317732348296,-0.6683369669825007,-0.27476629823203524,0.1260917349755921,0.5405781163022345,0.39113099677342683
sample_1854.png,-0.37029606947011146,0.4645581715974997,-0.2349908305573313,0.2587867252051039,0.5335348740696891,0.49011815381600476
sample_1855.png,-0.3260975611654138,0.2444582972252369,0.3208483992046153,-0.5416576732904275,-0.6305967849570397,0.1997785924842515
sample_1856.png,0.26928800037058914,-0.4778058245057241,0.21821820908603115,-0.3804363594542219,-0.49298357406728116,-0.5136163473383295
sample_1857.png,-0.40239263979854256,0.35977603213757936,0.3607167503771913,0.3442201013498969,0.4887680332556189,0.47025857528249276
sample_1858.png,-0.20854916469108395,-0.17337644700225924,-0.35953256232212616,0.2773564902182584,-0.7796059791616721,0.33536858044663326
sample_1859.png,0.15159282246225136,-0.276703171775829,0.1360223717234222,-0.47302880099925987,0.048886672295757744,-0.809818950133244
sample_1860.png,0.15700141769055995,-0.29366532293214404,0.14055011010195764,-0.16334631683876166,0.3496105435850883,0.8487916988814106
sample_1861.png,0.03809210861723793,0.268060084184155,0.010748776190614167,-0.4309306804730168,-0.4304049324119141,0.745404312518541
sample_1862.png,0.4743975032058748,0.3650852288363724,-0.590243478193945,-0.39254963559417516,-0.020761962899119836,-0.3724864367711873
sample_1863.png,-0.059360758089401694,-0.2762910333737139,0.07821243000587554,0.2957590147594287,-0.012128059142364814,-0.9090664972590751
sample_1864.png,-0.22604841584501406,-0.10265324858394644,0.0032322214243870975,0.5117158281314915,-0.6276268695064672,0.5315876229813854
sample_1865.png,-0.3063938298002761,-0.15487614091430332,-0.3275815829173293,-0.09753367507912354,-0.5058279174432843,0.7137589290017597
sample_1866.png,0.26732299741089915,-0.5291458679406296,-0.053803739356324154,0.40786574548224697,-0.39983422789931417,0.5651781550893997
sample_1867.png,-0.22347146765360018,0.19461795995618378,0.18696160265232523,-0.6320296689072864,0.632658478365648,-0.2784087989161296
sample_1868.png,0.13497644753637314,-0.20846058482481392,-0.296042522217558,0.4256779586691044,-0.4985387203015942,-0.6488002682547048
sample_1869.png,-0.3821238411833054,0.7311801813911213,0.12211025872128149,-0.3926352394394056,0.05146105526447737,0.3842334259231124
sample_1870.png,0.27339553473009154,0.4897731317740369,-0.24749545356981992,0.09557072728588616,-0.07922512370239451,0.7802004725098257
sample_1871.png,0.10787980842532756,0.42186115679872477,-0.242832755226683,0.4091779060766123,-0.5714347226196407,0.5074082806487765
sample_1872.png,0.04287904206514758,-0.3421409424321376,0.17505631215827155,0.13581383414608258,0.36298199063654096,0.8368123611448652
sample_1873.png,0.1006138817579218,-0.0432700806604285,-0.25287454835982776,-0.3075158935377991,-0.43634381977147696,0.799435460733349
sample_1874.png,0.27528503941421667,0.23557586282532655,0.1352156760433277,-0.5998205132006869,-0.408204061076137,-0.5692307768783906
sample_1875.png,0.30546536780678,-0.2712956233188903,-0.023095372694150403,-0.6421000912365263,-0.27981982274317424,-0.5847773398763195
sample_1876.png,0.1395723281305554,0.10146239639249342,-0.11399295980344432,-0.03769278118990794,-0.9747839514802532,0.07487359104832918
sample_1877.png,0.03419419008635346,-0.2053454971282215,0.04829560481105895,-0.427128129575908,0.5637044129168879,-0.6738919902420928
sample_1878.png,0.27404095569064074,-0.17843359017728558,-0.24352876147516064,0.508491142223996,0.3377370060757129,0.6790634902877114
sample_1879.png,-0.16210317212577732,0.28996602999274695,-0.3543706614491531,-0.7030084051543308,0.48901617656541685,-0.17523144318529396
sample_1880.png,-0.4769735660047756,-0.059415079570865045,-0.021957707333860058,-0.4917411921014764,0.22955214502142995,0.688462299220223
sample_1881.png,-0.24556314472853746,-0.19872381259309083,0.1974635730985537,-0.1356513161069884,0.2837286958822769,-0.8731050756524291
sample_1882.png,0.25244172520740493,0.009718194116134508,0.09178256378245407,0.5534663119799785,0.03407859687983816,-0.7875711928460388
sample_1883.png,0.2892396022660601,-0.012258285724947133,-0.40084349514192075,0.6453308766602078,-0.19540972372105267,-0.5485232709910269
sample_1884.png,-0.17533884021281954,0.492049671017934,0.14138281748536086,-0.8367707625973584,-0.07019496852016968,-0.045184826441571596
sample_1885.png,-0.2314189486964019,-0.41166864362172756,0.16117701187097075,0.7414558659809953,-0.04237740756201342,0.446591001944665
sample_1886.png,-0.34752027906668814,0.5235742577822845,0.152168496902119,-0.39654509168,0.5874808316151812,0.2820685440188726
sample_1887.png,0.07405201275807931,0.16779111030262808,0.20746592002357814,0.3311568585179633,-0.7825413669389172,0.44864738807279775
sample_1888.png,0.36619500990779646,-0.2609328090550645,-0.31644384095722733,0.5394745656578129,0.6308304658344158,-0.093266798920876
sample_1889.png,-0.15832076448659918,0.09782530993143726,0.4089054056191874,-0.22843922343195464,0.6815541964967559,0.5305285213445853
sample_1890.png,0.18773331780874614,-0.10474991535640547,0.09860280675978228,-0.6781650054071461,-0.1932495938748751,-0.6684369551608892
sample_1891.png,0.21656562711573177,0.22646431831382277,0.04690582394967634,-0.582179277333808,0.6174797649776824,-0.4235553260772656
sample_1892.png,-0.03927048743874377,0.0845181074610273,-0.011355464166565087,-0.6356930475624011,0.5189733772446269,0.5636901229871114
sample_1893.png,-0.3377907167015973,0.17201796236802805,-0.10034502993638406,-0.25152686016434733,-0.7885212936283601,0.4015053367149198
sample_1894.png,0.36188606376560123,-0.20932553370531765,-0.048379151477786535,-0.7225646750706429,-0.31748120249761463,0.44719876106071366
sample_1895.png,0.1311909773716275,0.2507622296553784,0.06973853718607613,0.056349396884114875,-0.33566463343551395,0.8939786168567373
sample_1896.png,0.0928129678774524,-0.13354499881587645,0.02797162599413283,-0.43771519528593705,0.4802616953500665,0.7419724969428212
sample_1897.png,0.08924637672640925,-0.2537537247391908,0.07998298999270159,0.12032947106578931,0.40277027623828987,0.8628695009710224
sample_1898.png,0.5025725968192695,0.3225904576958927,0.08379459310742307,0.1529220933452405,-0.6574867116043998,0.4250420039553669
sample_1899.png,0.3597555200297101,-0.1879909960050723,-0.05444130379326768,-0.033260889947352795,0.836665732643637,-0.36215419463297577
sample_1900.png,0.2578473953855199,-0.4256276493124976,0.2816384888446928,0.5905643375865103,-0.18973550004108078,-0.5369076174073769
sample_1901.png,-0.356742041931819,-0.11279696673052027,0.2813283381242772,-0.26564456987842683,0.10059749200904095,-0.8367672514376618
sample_1902.png,0.2028831469664426,0.4003089851348054,0.24497987124595738,0.5197701409499608,0.6217452189950988,-0.286090704174819
sample_1903.png,-0.27435107043718154,0.2553071421974586,0.1797763256324707,-0.26800066195245553,-0.6203001420050871,0.6087968503996563
sample_1904.png,-0.10663772406502489,0.24145249626555973,0.3768373293256616,-0.015154295981196277,-0.6928781381358152,-0.5549891423143563
sample_1905.png,0.03761798214819883,0.21672055482670452,0.05263612328744395,0.6968359741525136,0.6776223773563351,-0.06398488800363937
sample_1906.png,-0.32993784810854004,-0.2681116633081736,0.3269376197454937,-0.35906877341607135,-0.6289550994212214,0.4334213239427673
sample_1907.png,-0.36638975493149084,-0.2819498646458454,-0.04621216031683481,0.3228673627559622,-0.5401242859652312,0.6230165963470328
sample_1908.png,-0.15752506957167944,-0.1427443656636579,-0.033718502083425944,0.2263736501229009,0.509511288544998,0.8017644158480829
sample_1909.png,0.4303521811504614,0.2728480885178054,-0.17459970630898766,0.5964838069644336,-0.3919042235689118,-0.4477544091419986
sample_1910.png,0.35877946772178165,0.18599415868233954,-0.4140681637717184,-0.06751355117686253,0.5294117009721566,-0.6167626719486986
sample_1911.png,-0.03746760297105365,-0.3709297964097409,0.39621747987073935,0.08321355595911585,-0.5995885280799714,0.5810232995392217
sample_1912.png,0.04213044155968867,-0.24191088630231336,-0.13304115532453537,-0.5748644435287773,-0.6616063432917609,0.3921888805853391
sample_1913.png,0.46797235788577995,0.40912269520250355,-0.49090088045572045,-0.07328344354273052,0.3212504936475954,-0.513872041783319
sample_1914.png,-0.4695488831401415,0.12067945076068544,0.5331129664438958,-0.25847061359538653,-0.1122657001799658,-0.6335141955679139
sample_1915.png,-0.34642232025119485,0.07888046864637686,0.048602032196187,-0.4799534275153189,-0.5193431736203992,-0.6093723538153804
sample_1916.png,0.07389615998340121,-0.05807564520328495,-0.35874610406539903,-0.23857530092834156,-0.5820541292874994,-0.6832002826098287
sample_1917.png,-0.18014215127137778,-0.17214534896684347,0.25905862408766833,0.256959207466224,-0.04444532312190024,-0.8959910671436004
sample_1918.png,-0.18069556849233254,0.10526269026068602,0.25963658252179034,0.09860107215656361,0.3704466590270253,-0.8613389715832044
sample_1919.png,-0.19000640405362018,0.16011030883136504,-0.195130999116893,-0.45629352013674884,-0.776325453550136,0.29883300062002943
sample_1920.png,0.025684902219291116,0.15045595496521524,0.11797941726942394,0.7458295421488212,0.6308009720408335,-0.09280396675076581
sample_1921.png,-0.240447559017718,0.09373602935118897,-0.2237784277881102,0.2911242163645561,-0.49542618982839237,0.7437212680156595
sample_1922.png,0.011768603232952701,-0.2924195882790257,-0.1144091044044924,0.4891864787713544,0.5255867465788533,0.6210619952999635
sample_1923.png,0.26238328269393035,-0.010836726800356047,0.3035271078879838,0.047339870108592405,-0.3385034887091136,-0.849754786936813
sample_1924.png,0.2021577753252344,0.005254743656257652,-0.18101491001895834,0.08633513757196354,-0.312616659552565,0.9061761926281848
sample_1925.png,0.2206128953171152,-0.24695278572322002,0.03373069803684986,-0.44991226172605925,0.08334962275887915,-0.8245230798393592
sample_1926.png,-0.36122486892438993,-0.18598315924714046,0.07476221331849617,-0.6353718941058986,0.47734668369380834,-0.44472482475519165
sample_1927.png,0.4513468309368351,0.17486262369439942,0.20864270432685866,-0.3821809384426756,-0.7031067882078816,-0.28592988237719236
sample_1928.png,0.021404950102365802,0.3111724721713862,0.0006056972694028094,0.7291024706154033,0.035637270715614476,0.6081551825670303
sample_1929.png,-0.062079887874171305,-0.17470382643916033,0.0546034313106408,0.47513264367559516,0.5719940968373752,-0.6400897202230212
sample_1930.png,-0.07599162437980835,-0.1762592017419836,0.030535768834560037,0.3329150944118762,-0.44646532803904093,-0.8075034268774358
sample_1931.png,-0.10064866458941894,0.07925465789976684,0.25988210031104964,-0.4908525717035615,-0.27524299420172194,-0.7741801382432554
sample_1932.png,0.1536935061018005,-0.5414300580167148,-0.4856184125998171,0.5943067410190647,-0.30692491677281414,0.0017744986576661683
sample_1933.png,0.226522789869146,0.2112230547229622,-0.11040017572557244,0.572516356913845,0.08136688061378385,-0.7466515250292087
sample_1934.png,0.03557970453735858,0.06665513596531406,0.4142249157332099,0.3006712665191557,0.6648347259666765,-0.5387953909406391
sample_1935.png,-0.16832075430512675,-0.0605653427131598,0.38631583273185544,-0.3349269394776837,-0.7567467010354045,0.3659486521317275
sample_1936.png,-0.30831356985401354,0.35206309518999557,0.7713687910709801,-0.09669653502061712,0.4123153274394898,-0.08142701446253518
sample_1937.png,-0.03907545552919708,-0.3236588431735063,-0.38231877316046875,-0.36754458695693953,-0.47075406385830204,0.6251815781510149
sample_1938.png,0.2699750774130743,-0.3121924347145697,-0.24001544631664445,-0.3062205636302952,-0.6662243474389876,0.48416527353957883
sample_1939.png,-0.3419284831250357,-0.3034611232423543,0.33645342254093547,0.288828965349516,-0.25181739439812684,0.728670832559159
sample_1940.png,0.08768997594461557,0.2968148143458491,-0.03720267670998827,-0.40378478458455475,-0.027243558230170835,0.8596761199557935
sample_1941.png,-0.1675686487450093,-0.31087220712452457,-0.15503264806437556,0.5653709731828817,-0.7261419418130711,0.06570875019074282
sample_1942.png,-0.2102566399627191,-0.14851015414687194,0.14713420112703696,0.6082517661710074,-0.21496378548234105,-0.7042078998467148
sample_1943.png,-0.5450994372038303,-0.2139159503817466,0.18723971665347675,-0.3721831899325479,0.09846863062801461,0.6883541676736941
sample_1944.png,0.0628348215475871,0.18346407703917447,0.0561870433863181,0.4488955803077383,0.48672731058066,0.72168207467544
sample_1945.png,-0.30871558446013386,-0.20786008901584052,0.32231665194102405,0.5615755186776232,0.04816456937667309,0.6632600985028512
sample_1946.png,-0.10042083128804466,-0.27823577252812287,-0.06321380909416081,-0.19372094256569702,0.12063829837949694,0.925431317410677
sample_1947.png,-0.2017523298023681,0.20818754779236873,-0.15316954409262692,0.07650306506189661,0.42847567272791065,0.8384801202428552
sample_1948.png,-0.2553395813341352,-0.13016489416800928,0.042271224624447254,-0.4967761899939275,-0.4564800702455885,-0.6789044885864203
sample_1949.png,0.09688016317079105,-0.02256943940962974,-0.03137052392148129,0.5957746227479739,0.09227943441706825,0.7909853661672908
sample_1950.png,-0.11833556373794357,-0.04250030605750773,0.1796161707131296,-0.42855867024500055,-0.654073468487947,-0.5834842016166134
sample_1951.png,-0.09673638735655057,0.15106255408145033,-0.37664645409162356,-0.8844704468068038,-0.184206911621096,-0.098688738831689
sample_1952.png,-0.41742238182556374,0.45264603694362326,0.4529614907308147,-0.5074430615351474,0.04166341785047174,-0.3955524076757427
sample_1953.png,0.49898914546482237,-0.13622557253269615,-0.2828692881329496,-0.6243875139594636,-0.4956174714640601,0.13015739056494618
sample_1954.png,-0.013737815462714185,-0.2626055216449389,-0.09241261070848772,-0.43812241622438225,0.3672461190674609,-0.7716790513170233
sample_1955.png,-0.26020349510950513,0.12712076027070662,-0.07069251015696709,-0.5399147409766444,-0.16558214717075778,0.769552888022095
sample_1956.png,0.3740503792110572,-0.317400520292365,0.11095503733540973,-0.12166226697577175,-0.7343673349736686,-0.43924379715379663
sample_1957.png,0.31972643019609304,-0.10883723894648463,-0.05055926250456908,-0.6045794623482191,0.5218337863327784,0.4955263861550636
sample_1958.png,0.2971177162702304,0.32276192577254575,0.05834476330347556,0.3502491412800874,0.2597028717066452,-0.7835953343435024
sample_1959.png,0.15362013366641314,0.0996759667189578,0.1160275890391052,-0.6752175130147511,-0.20550798431294168,-0.6744263735016102
sample_1960.png,-0.34894256915118643,-0.06378215505780595,0.26908873157413193,0.31438081692421077,-0.7032488114839377,0.4564734228481119
sample_1961.png,-0.2672559511770612,0.3931233731637564,0.1109794549120597,-0.5945104228907028,0.3467236128562588,-0.53670468973397
sample_1962.png,0.16425411081694624,0.21357333016974867,-0.14185620659754883,0.5031737727877514,-0.36484835148408556,-0.7217933715181768
sample_1963.png,-0.11174931888331428,0.3361910016263847,0.07803296473051469,0.35973425446561014,0.6256868375409935,-0.5894962290481186
sample_1964.png,-0.1153509435085577,0.8954552762764418,0.20602133182070104,0.35549942216334546,-0.029828860804151744,0.12304315811878862
sample_1965.png,-0.1917814411613395,-0.27615690304927626,-0.16001535694451025,0.13568799175805504,0.20251512729402968,0.8955047299573478
sample_1966.png,-0.0141105772831159,-0.5964635104200913,0.28676567467998787,0.10699659134705107,-0.1209988054931094,0.7319211970429351
sample_1967.png,0.32704351578594104,0.2922554920608416,0.010725502455090668,0.5629929295953404,0.1661516998625621,-0.6804019426766574
sample_1968.png,-0.11913954280496229,0.1361963303121882,-0.1632139432934602,-0.6289199065748308,0.6681928235017658,-0.31399942579399925
sample_1969.png,0.22323484443636102,-0.2639120832040208,-0.2619516560694738,-0.12726974926979148,-0.22893880871574884,-0.8621411596922315
sample_1970.png,0.11008099143283558,-0.13682868593909145,0.2484549947317284,0.267351737860979,-0.487478260688851,-0.7735103071328068
sample_1971.png,-0.2963668603318406,0.23462790679556786,-0.39776909469856486,-0.2772247387648944,-0.5205760482396065,0.5924889863688882
sample_1972.png,-0.10610728546155154,-0.05153416435589285,0.011689546451589157,0.3119464716241648,-0.24346309552447506,0.9106942123120971
sample_1973.png,0.22888262422984093,-0.007984639915499261,-0.17236208753190074,0.1091659532292681,-0.23171456175705782,0.923163830074601
sample_1974.png,-0.1404834486027385,0.16982979452889566,-0.30102891840423107,0.6380879945432185,-0.6221456259362771,0.2580355851263638
sample_1975.png,-0.07814926552035217,-0.15375829323572549,0.23886300023682944,0.24327646403751266,0.47272989459685205,-0.7940645789087817
sample_1976.png,0.3093150875070216,-0.29427673018440753,-0.21242456471068608,0.5624244840315736,-0.45617221540917646,-0.4981834969872794
sample_1977.png,-0.3680785317869186,0.423305811208549,-0.18733721851427756,-0.7534368579291952,-0.04153256243677032,-0.2843292080761488
sample_1978.png,0.2922091766906992,0.1117406712264601,-0.08121420601667671,-0.08023313125604785,-0.2333575928301885,0.913585765382777
sample_1979.png,0.04652154219691361,-0.08998183993164409,0.15094480601389362,0.5437465957000505,0.09246868276684432,0.8140908195671631
sample_1980.png,-0.017355555196944424,0.3704916550151024,0.3467320559092146,-0.7936578369887088,-0.06367574232103299,0.32903531314923484
sample_1981.png,0.26684881831490465,0.09158686147533031,0.20193404141272603,-0.5913807313339546,0.44889775271431176,-0.5730495930569349
sample_1982.png,-0.3346230544822365,-0.11566177733338795,-0.21023585722028648,-0.41823695993306315,0.756142676052311,-0.28944213205805114
sample_1983.png,0.00653051896872245,-0.20894451102524386,0.14988912327635256,-0.24166565858149422,0.9254520260071412,-0.13772817932259734
sample_1984.png,-0.19600948904018742,0.041639187143903425,0.2460575033029121,0.474519076120896,0.05971279943128399,0.8188822817413914
sample_1985.png,0.1414320868610372,-0.09335003725523205,-0.4675315140958924,-0.03226318843870982,-0.8132387902205488,0.30049754646280846
sample_1986.png,-0.09759632907556076,-0.17885445674572234,0.409886422914129,0.11473164835403801,0.7098034113993702,0.5229674236466444
sample_1987.png,-0.1105387764946007,0.4617584195452844,-0.0031269037670323516,0.5052586004482437,-0.31309493599598415,-0.6490268646748778
sample_1988.png,0.06281842108265952,0.3347183046608852,-0.18185878953580237,0.07494816288686916,0.5428450931930445,0.7420558340464115
sample_1989.png,-0.1356678580712474,-0.20865143831098706,0.25922289785637986,0.39472652700342264,-0.16182619483844474,0.8299792469381286
sample_1990.png,-0.21927276612185193,-0.24827978275006307,0.19455485054481578,-0.07514905185856499,0.5790847145333974,-0.7151493040218033
sample_1991.png,-0.10894384883484017,-0.24464736825005678,-0.29395261399989314,-0.27466999764946215,-0.8512445457891179,0.20447464240713403
sample_1992.png,0.03555938394178192,-0.002546119237481618,-0.1823135518185433,-0.24091399713927514,0.28153663596159934,0.9100485618403119
sample_1993.png,-0.21575583903279047,-0.21135592421251703,-0.27238201657187133,0.015629216885556917,-0.6158170268014191,0.6746193336636408
sample_1994.png,-0.21315523573857192,0.2548139317728066,0.3257362091260854,-0.11571607872728591,-0.04812144592247828,-0.8762560945763487
sample_1995.png,0.1960199184472814,-0.09534968895095802,-0.1636071383948287,-0.3057792148875748,-0.4129151742233532,-0.8134601792921202
sample_1996.png,-0.13372038248183943,-0.3293295573679271,-0.009814768028192682,0.6980081133801758,-0.09781994835759533,-0.6138244892801797
sample_1997.png,-0.03887406300476796,-0.0491341443554605,-0.3161315961834783,-0.5527076542182554,-0.6191811693113045,-0.45526298500677964
sample_1998.png,0.167427122208057,-0.14768823694030905,-0.20360679159525868,0.2758026343408217,0.40953939307337983,0.8154207565708804
sample_1999.png,0.20704700621523786,-0.17763361425888155,-0.4030817452563325,-0.6634069261449583,0.4340608194854361,0.366858826082013
sample_2000.png,0.00896999245759666,0.19952118255160733,-0.6571392200614364,-0.5848245126090367,-0.3550768447576784,0.24531531989278654
sample_2001.png,0.22752845470643823,0.049725116751746026,-0.10253041400523427,-0.33715620071384683,-0.19103153437690665,-0.88604648775369
sample_2002.png,0.20942392133990742,0.27959602780927345,-0.14109191149233763,0.239839420721556,-0.41909741236571163,0.7905031095015652
sample_2003.png,0.1832961841695133,0.01795709488978157,0.1363377746388397,-0.3001775310227767,0.05225502854090589,-0.924475486251422
sample_2004.png,0.01895751153315363,-0.10470357545031847,-0.017549471149072574,-0.4495543398248077,-0.4726577085028212,0.7502435446202261
sample_2005.png,0.09049660333382106,0.07278506131199265,0.15046589668747593,0.42997342980223613,-0.32977234674426864,-0.8186853867974949
sample_2006.png,-0.06723844249816145,0.10448750020372466,-0.30276907090520955,0.8581135575920809,0.17018800107748017,-0.35716860223248686
sample_2007.png,0.05462525904563809,0.14229193703296372,0.07432511706247373,-0.41927511079212415,-0.21653394048916436,0.8651972588894054
sample_2008.png,-0.1930158912988915,0.05088335310480398,0.047706545010810654,-0.6116152050975652,0.7114902155590983,-0.27854685369461457
sample_2009.png,0.4210894471884996,-0.3421405605101206,-0.30380272527962077,0.26024950446823286,0.31953127594552017,0.6659559876971199
sample_2010.png,0.2053490176774769,0.3565528645795602,-0.41927944258759015,0.13705014378443994,-0.005053007827182163,-0.7975577157315998
sample_2011.png,0.017789498090275715,0.1290152839335842,0.236808098776438,0.06308725415750593,-0.5209367623924196,-0.807220789235567
sample_2012.png,0.39866822708356264,-0.28501580909333013,-0.046964209623108794,0.4097783980780664,0.7425772053441296,0.19566490453649565
sample_2013.png,0.1253700023531553,0.25539120084404204,0.041879862218318124,0.19867815632440863,0.4624499018229722,-0.8148440664847723
sample_2014.png,-0.07031319655080726,-0.039172068823173145,-0.019059659968119893,-0.4358343045797674,0.6223916331853286,-0.6448530426920459
sample_2015.png,0.41135974550349963,-0.32063894699252254,-0.11746584479839099,-0.6348044692857964,-0.5164502077441643,-0.21089824430850704
sample_2016.png,-0.18513920747930365,0.24029317270044867,-0.08067907371002439,-0.2507421807188876,-0.8048653549143713,-0.43679934906050416
sample_2017.png,-0.02897868966070733,0.26215984527776015,0.3047031865152902,-0.6409760973249543,0.4474942408978481,-0.47590646793067115
sample_2018.png,0.32920227745230546,0.048821087236073896,-0.05898232997743586,-0.4119311515159568,-0.14902049890368313,-0.8329880335448829
sample_2019.png,-0.4715712597376383,0.3856119047740373,0.03443231457811717,0.02736565826011146,0.47095203066602126,-0.6365482913010851
sample_2020.png,-0.14479853521175295,0.21001424593410759,-0.14202801654918884,-0.3679494831321788,-0.7256488761912105,0.502794520222285
sample_2021.png,-0.3633637331298625,0.0943163091584104,-0.1604022843688104,-0.33845470290082835,-0.7383109102831655,0.41675862592523283
sample_2022.png,0.18521396997842274,0.1782845060979019,-0.2756556113055868,0.24393410854875824,-0.3274466760854255,0.8313839240526193
sample_2023.png,0.2316219136992694,0.0006053930038927621,0.2448557865983942,0.5097590570792415,-0.1054830273655988,-0.7844842898531185
sample_2024.png,0.3697533337708366,0.27756044393097,-0.12824152982522072,0.21699206745490954,0.8473941578837144,-0.06807617795144283
sample_2025.png,-0.025103978596301313,0.3030789903857653,-0.18388980401184077,0.5866591675427311,0.7247292841536485,-0.06554343334063731
sample_2026.png,-0.04313064524330745,-0.03532470848106056,-0.12619213452461886,-0.0832903971738038,-0.3320556720255579,0.9293918430941975
sample_2027.png,-0.1630064478194848,-0.8213611977337305,-0.21547559701700097,-0.27531239170103083,0.4130105459308428,0.0773971823945654
sample_2028.png,0.17259121148199075,-0.24750998073255526,-0.26672911484462924,-0.45634617465634053,0.3807018383995533,-0.6961472125684872
sample_2029.png,-0.09283441213801047,-0.2895878275736123,-0.17895238046565948,0.8060601421105901,0.4078644061054525,-0.24374244829894035
sample_2030.png,0.11616711401510262,-0.1540175223183576,-0.1440285968719093,-0.48401020918201076,-0.352756012864422,0.7637649380005653
sample_2031.png,-0.3376443070946485,0.05593607918168077,-0.3401296765417532,-0.15880448488911453,0.37034470149018633,0.7776922384370345
sample_2032.png,0.09428270380733764,0.17221847535764628,-0.0691068803279209,-0.7639366101886145,0.5245157461041945,-0.31298545541589823
sample_2033.png,0.25460562941287135,0.2606737352238634,-0.340232666623627,-0.7816366401005871,0.14853678498820327,-0.34416260133187654
sample_2034.png,0.1885634274406798,-0.27458818055173967,-0.1309989555000177,0.5185369876916596,-0.4826736359423447,0.6083009059280363
sample_2035.png,-0.06650485456762027,-0.011518765630325728,0.34873937151650386,-0.20601963566157847,0.6299880031838602,0.6591633323220052
sample_2036.png,0.3665716114911901,-0.14534907108856526,0.31532761833645034,-0.3916237858715984,-0.38083564085684507,-0.6683280775857451
sample_2037.png,0.3025196506562103,0.09673880531243371,-0.12709252557087092,0.6572195186155517,-0.6543813150817804,-0.15105811226202698
sample_2038.png,-0.18733930537471116,-0.1573447147593727,-0.37083048799338475,-0.501014303272882,0.7423539347135932,-0.022949468508774083
sample_2039.png,0.09867842328873402,-0.10923535493159789,-0.038205900242304004,0.5160177364065455,-0.6145019295944923,-0.5770473025978052
sample_2040.png,-0.18925177291080383,-0.20848016463952043,-0.36800688382366714,-0.17894763803250002,-0.36679497832488467,0.7865938644425257
sample_2041.png,-0.07249574851915944,-0.0409283712350535,0.08729504250049734,-0.45182246398953735,-0.3045283622911839,0.829799824068553
sample_2042.png,0.0998718049705972,-0.10411477214647542,-0.2738257388234338,-0.7766523013952183,0.4518194751749927,0.31124839941870847
sample_2043.png,0.21822403997849701,-0.3382106226597316,-0.3373222114286875,-0.48177738094500644,-0.6801154615644368,-0.17186937750280817
sample_2044.png,0.3644562939637299,0.3302356423423863,0.04394330060089101,-0.6530578633803855,-0.4105590875049408,0.401424562518776
sample_2045.png,0.4550492939661711,0.049940386129575534,-0.48273109234757033,0.00937413057602521,0.45124280225724067,0.59472586076445
sample_2046.png,-0.16945710947949758,-0.3514768207461611,-0.2629489943945216,0.5122965904908088,0.07290837143978322,-0.7147326294618328
sample_2047.png,-0.029971368852031968,-0.18351100691385494,0.34698608256945934,0.7188705268448087,0.44024595224246316,0.3666534509065647
sample_2048.png,0.13632524414297334,0.07504551830558216,-0.031544393389810244,0.19583086905081634,0.4690659156591873,-0.8464136026381454
sample_2049.png,-0.449736718405712,-0.38244303014620806,0.2957826816491288,0.10859683388546941,-0.7038276302665167,-0.238369907056594
sample_2050.png,-0.34813542891174964,0.017303519073602593,0.10349244020225436,0.6512372551544098,0.6484435728791106,0.1523239852282239
sample_2051.png,0.1366435427223733,0.4029418533422244,0.3669447534823912,0.7690059402124646,0.20955879993069804,-0.2214337965142365
sample_2052.png,0.08795427025102336,0.2301430247973823,0.20944715943912862,0.6658464817119092,-0.10092994663805066,-0.6647493742367224
sample_2053.png,0.17648243888695567,0.2793699872323135,-0.05189397481558124,-0.5342935890756554,-0.1878105183724936,0.7532402964774779
sample_2054.png,-0.21899582518310726,-0.2662650256024165,0.11805936496575593,-0.19774456017447145,0.23556455690985387,0.8789836059258818
sample_2055.png,0.09824625641442204,-0.13894738871746234,-0.008737810713997842,-0.5059844868590961,-0.49254394950996544,-0.6872736745955996
sample_2056.png,-0.18242062630006703,-0.2591751318760834,0.28390442321170056,-0.11404530397729332,-0.5555878377629623,-0.7051702402744606
sample_2057.png,-0.07995521967213456,0.005097113796864354,-0.15812527093619244,-0.5733316920464917,-0.5238333110698427,0.6045386787279953
sample_2058.png,-0.1326734796705531,-0.3373371034123681,0.31354609337126904,-0.008366445494740101,0.5967783524212595,-0.6434872760639688
sample_2059.png,0.10359649055416398,0.22591688236346943,0.02579530267008873,0.3132884177962109,0.4847224257436049,0.777469272077149
sample_2060.png,0.028474250996557923,0.35724554907260814,0.22956821508037847,0.812050767421989,0.21589171518124106,-0.33589818065637905
sample_2061.png,0.04802425635922465,0.19666463007818555,-0.08014817538614051,-0.08925189393855693,-0.41160016473739436,0.8804614516696099
sample_2062.png,0.2936098380253674,-0.13275604822808154,-0.3134944334201449,-0.4182697866305954,-0.48058790455863937,-0.6260798563059633
sample_2063.png,-0.2853475354178213,-0.05265657295732862,-0.06078070314657241,-0.6187204478721743,0.47197321655820385,-0.5536569928366586
sample_2064.png,0.026276157975730702,-0.11526269691111325,-0.08459719341231342,-0.35328539353547933,0.19510991044057435,-0.9033210628851314
sample_2065.png,-0.2706478309392344,0.3576902179779819,-0.40893562186397403,-0.697100675130163,-0.3705522145587756,-0.09121853846743164
sample_2066.png,0.18464871689064008,-0.13899627891965252,0.44642703963648595,0.5978357412885345,-0.5968160285708617,-0.18355064303190705
sample_2067.png,-0.10975416505802735,0.1254086084730457,-0.18762731873579577,0.5082727307559518,0.4103424620769617,-0.7143532658452614
sample_2068.png,-0.2339951978551601,-0.008340159064642947,-0.1929835865508613,0.40143900239954555,-0.3723084527744089,0.7798507343041045
sample_2069.png,0.004511279492357546,0.14016109874775778,-0.040139325149248964,-0.23443506373464362,0.7329253586616233,-0.6217587706290842
sample_2070.png,-0.31338407640759164,-0.3388775688025857,-0.17931650467317914,-0.744266912073978,-0.4481425113185543,0.005749635585695754
sample_2071.png,0.09162680742620277,-0.13593697533482635,-0.27987011603279044,-0.4843973724789501,0.1580382267246251,0.7969827410168416
sample_2072.png,-0.0011013700689879989,0.15126221944316934,0.24669368722166,0.5138692334256595,-0.16421539437914184,-0.7907164269354136
sample_2073.png,-0.06930480503017014,-0.23351417379006398,0.2633337239167921,-0.5444281189130542,-0.5153930018389827,0.5561397319731655
sample_2074.png,-0.45259988964728964,-0.23325207005841797,0.4606917015290419,0.508564864457431,0.49825126583385315,-0.14702864544488672
sample_2075.png,-0.14559012043666966,-0.3882183673985585,-0.38385415769537784,-0.6358806822048344,0.5219473712837283,-0.06302936834782791
sample_2076.png,0.19426967504516168,-0.00046319078841950746,0.26511137820114417,-0.2925489463276594,-0.39083356619103915,-0.8084796061134762
sample_2077.png,-0.29878494193086425,0.02067321596612813,-0.1486950090278965,0.23445872965143763,0.757416593301347,-0.5094498789765266
sample_2078.png,-0.03541377130568603,0.3613308445100209,-0.33893371941197803,0.36372196113784216,0.7781805215597464,0.1243029778572869
sample_2079.png,-0.07690899655586649,-0.3051358654046176,0.18398009119330191,-0.2822422822327035,-0.27113177084275486,-0.8449587521866353
sample_2080.png,-0.09395782297678805,0.21666703644117666,0.025506064029386117,0.4810637619133154,-0.14900268109435694,0.8306338673082693
sample_2081.png,0.2503815600335688,0.1898680325596163,0.23985492661514285,0.40919299085689675,0.23874229094025132,-0.786951099837677
sample_2082.png,-0.18010396894126166,0.15256443081449997,-0.23439147519434192,-0.4487150819765138,0.5386108206106347,0.6307935084526647
sample_2083.png,-0.03685303203251037,0.2189783624778925,0.19051006567994946,-0.3873981442004796,-0.41531214909100755,-0.7693079632751542
sample_2084.png,-0.19740462588908367,-0.191866658861609,-0.23200896217997594,-0.12931809017691617,-0.5042014107401608,0.774240407963619
sample_2085.png,-0.029348644367520542,-0.05962774334516427,0.17598979506653137,0.24570866678916956,-0.5211693990077824,-0.795374433793511
sample_2086.png,-0.2167742931028539,0.10424494156946118,-0.1753329130612547,-0.4030085624140353,-0.8436859462100601,-0.19281698678539794
sample_2087.png,0.02757206414422142,-0.29249806763330893,-0.02454356537268813,0.6707768971667638,-0.5447083426389555,0.4079625605313003
sample_2088.png,0.23127674724564173,0.25536667527651746,0.21478253088735952,-0.36427112124744904,-0.8279113875338274,0.13052461983952623
sample_2089.png,0.26445232765124466,0.06644986825829964,0.28989704033375074,-0.3959881571600793,-0.3771881359566062,-0.7365674286150387
sample_2090.png,0.28092117903538333,0.4442942162409573,-0.19792822347549427,0.5301751760081841,0.634589521913851,0.026847352902648523
sample_2091.png,-0.15958225930822675,-0.04590799932248938,0.29092587561087274,0.09608991363418394,-0.3752392800414127,0.8589239222562802
sample_2092.png,0.22774748265076736,-0.15027829634101716,0.021509073301205644,-0.029579113301145838,0.19478910884593548,0.94141763139009
sample_2093.png,-0.02872401873966106,0.2161143536776014,0.18175548269418637,0.5262612055801765,-0.310668116687085,-0.7388971012041924
sample_2094.png,-0.07018259935636602,0.06671001667505445,-0.3073266473083328,0.4387806073613835,0.19705874491262246,0.8153612315618488
sample_2095.png,-0.3574102755788294,-0.18447077402774917,0.28093093898346655,0.321029876319288,-0.6303401942428122,0.5088391631886174
sample_2096.png,0.17603213578787774,0.18357520024113644,-0.13704742515385537,-0.5877870249100594,0.2833611279416935,-0.7005310277240228
sample_2097.png,0.14578795973660352,0.012222965644090342,0.06365670672002526,0.29242446010887824,-0.4573171141445295,-0.8245564176190814
sample_2098.png,-0.2544598977691416,0.3805606955921457,0.17206025044335854,0.6222282661710545,-0.5495972330724858,0.2675702782297398
sample_2099.png,0.128295161800647,-0.27936464381909837,0.14062257356074753,-0.3922272322033714,-0.5577717571130697,0.6486674836405842
sample_2100.png,0.20350362264172286,-0.2352252822309621,-0.09538090725740696,-0.262483429523539,-0.4326821803402642,-0.7987780697686749
sample_2101.png,-0.10972873175224658,-0.5444093596801978,0.209435909200254,0.5431175640666909,-0.5936139761625473,0.018984555956307658
sample_2102.png,0.2564706034968957,0.20264951545829377,-0.1664316395499011,0.26105445051579224,0.5207856811792397,0.7253201782163251
sample_2103.png,0.11556075788772462,0.3463784419226507,-0.26617269944446525,-0.5158868289749515,-0.02879278456933983,0.7272217925261939
sample_2104.png,0.41492915407793635,0.37232147993329656,0.2000574981777604,0.3248681251866862,-0.7126629154788603,0.18910256539286247
sample_2105.png,0.024098011738095917,-0.19803952975585012,0.055152841409951914,-0.16427852270611845,0.3889034112661617,-0.8825669936337973
sample_2106.png,-0.07199379390618635,0.31413727475065445,0.00675279090928044,-0.680044655670965,-0.4950557547461982,-0.43422129387236597
sample_2107.png,-0.3372145718935574,0.3696862502303969,-0.3954308118773072,0.054774721745371735,0.04187087936009141,0.7671371723692034
sample_2108.png,-0.035720923583013466,0.13939676584959318,-0.03545590467641661,-0.7709076401917918,-0.5279600191992797,-0.324029419240979
sample_2109.png,0.3528901449711396,0.2964611001902329,-0.3068169557291204,0.06934982813711174,0.2875878219064395,0.7784128489187616
sample_2110.png,-0.05550283082442553,0.13387082389768254,-0.05135548321241043,-0.6091215084903687,0.5834337826418335,0.5147199838651204
sample_2111.png,-0.34875269579610807,0.3467837579318821,-0.4133584613090805,0.021786990144154566,-0.23113489655184938,0.7303077101675725
sample_2112.png,0.3594239205588713,0.32863126612071464,-0.3627439521045841,0.09955029970657008,-0.2876817603882384,-0.7338676338671639
sample_2113.png,0.05039812527773111,-0.15517752132983437,-0.25830142748609536,-0.49055799336268174,-0.5130680394313044,-0.6346450822807665
sample_2114.png,0.2430737774109362,0.25767526119528106,-0.12360834431045023,-0.4397886434101282,0.49213863411140457,-0.6508648781908513
sample_2115.png,0.03147292220243599,-0.3902725424093283,-0.009278626126603842,0.05358879048860472,-0.15897414868454016,0.9046911995209167
sample_2116.png,-0.20632690054989838,0.13300515246420677,0.1172499026888883,-0.5331664509189732,0.5509418085607473,-0.5815393013728056
sample_2117.png,-0.08443341003847514,0.17443880147605828,0.12320924003489625,-0.43181662356227263,-0.18056481808139646,0.8533418641232862
sample_2118.png,0.6952931831962482,0.09781731230929179,-0.3305769087097119,0.47583108803357826,-0.06384882269365746,-0.40893296974291604
sample_2119.png,0.300776526318023,0.3939624646339005,0.3175717668876263,0.20601703366882898,0.6919887066776231,-0.36357095898936226
sample_2120.png,-0.18055767635378087,0.3301556857185124,-0.03421754502557152,-0.6307083711546971,-0.5291634734049531,0.42357794711160274
sample_2121.png,-0.06727243220209936,-0.07896090737980897,-0.16453103037143366,0.49793582022103733,-0.3244705141652033,-0.7803511641526889
sample_2122.png,0.022267326808506675,-0.11470951394177617,-0.11453629094632127,-0.7241312308819408,-0.649549320281392,-0.1641553307318756
sample_2123.png,0.22254672809553702,0.4520133348815443,0.4598007376405324,-0.549918420651669,0.33741729182481506,0.34420848678386745
sample_2124.png,-0.13884495075471742,0.3142434922722521,-0.15529590686958347,-0.6707278792123529,0.2000901773093139,-0.6065841421564195
sample_2125.png,-0.4342147374982887,-0.49690989382190454,0.23952749312986668,-0.00820702779360668,-0.6665322174796737,-0.25066341366968853
sample_2126.png,0.25422068512263896,-0.0876739741363645,-0.2960155261977885,0.27207296097045114,0.3169252979542299,-0.8158398036319094
sample_2127.png,-0.0027966852338225778,0.2745566319700449,-0.2687168717112362,0.4225267401860743,0.49325620905095585,0.6561795054031364
sample_2128.png,0.10214884836834755,-0.23309652465911374,-0.31735117043364885,0.30383062695137114,-0.5269613078173356,0.6815560048763686
sample_2129.png,0.050460849469483655,0.03910762492299769,0.06074713968698378,0.47100956940949523,0.5584915315664114,0.6771050701751069
sample_2130.png,0.3862898459308582,0.15746267876565867,-0.37167760638603115,0.30448954496310815,0.5651594697769249,-0.5250926655052722
sample_2131.png,-0.41080255412508015,-0.5003234358595421,0.15066533963863452,-0.3849883108577277,-0.1729006215946088,0.6165282248532501
sample_2132.png,0.048050561437991114,0.003841683863474631,0.2643930769016427,0.783449519210672,-0.32832316320462873,0.4540742640240062
sample_2133.png,-0.014310545356798555,-0.1259545629185321,0.07200149923785976,0.6479363858155084,-0.47695618554584673,0.5757062423536724
sample_2134.png,-0.1027504223876282,-0.06319466286893292,-0.013017930552132349,0.479139230390333,-0.5049204178209844,0.7076441820128445
sample_2135.png,-0.5043397837418068,0.11306026857362601,-0.14933952465211875,-0.36104937553895466,0.15755321550005974,0.7452360681626521
sample_2136.png,0.05448697411382304,-0.42179121891977245,0.14296622065922512,0.6061544729606743,-0.575165359310857,-0.31693147745702016
sample_2137.png,-0.01259090333163455,-0.1397696086075691,0.2041397243018029,-0.3725701233823149,-0.4937407835828937,-0.7456838743159203
sample_2138.png,0.31048304165902213,-0.25443956577543037,-0.06183881196331892,-0.8695293462444856,-0.19515105742174732,0.20216708523384538
sample_2139.png,-0.39215899802613036,0.2713272117394728,-0.1682223721896147,0.030851112917851968,0.7226577384368671,0.4702213306952015
sample_2140.png,0.0440041032605765,0.0040522842770642,0.15082575062406056,0.8168993626171919,-0.5416451935549774,-0.12080863583153136
sample_2141.png,0.14696657866337187,0.1746637065392487,0.05535577683406729,-0.39284412777055305,0.2921981329416203,-0.8397159607430811
sample_2142.png,0.16870460924437716,0.07328376736418767,0.11807454582874555,-0.41832204893225206,-0.7534806771732201,0.4577118945271768
sample_2143.png,0.21229977429523214,0.19746744674323846,0.04651304033919111,0.5481207411422635,0.4776957363863453,-0.6205984103728172
sample_2144.png,0.20725217864243925,0.5236000506602825,0.5832182705587996,-0.0945713085513992,0.35262116317879333,-0.4576686062646483
sample_2145.png,0.3081081484198312,0.12646708697482517,-0.44764573881611674,-0.44619553499054004,0.6400366737689767,-0.2827566764807306
sample_2146.png,-0.05261695201817672,0.19320333759214461,0.0049824792027393,-0.6979908664479496,-0.0322315579374835,0.6867670483014817
sample_2147.png,-0.20536574053356277,0.13296724221855627,0.06536364163958622,0.6620013162452545,-0.006352781723660788,-0.7053978444235758
sample_2148.png,-0.05808761835793377,0.1696567594915279,-0.024817006290596452,0.12168031461134152,-0.6043926869558363,-0.766244027540508
sample_2149.png,-0.34472386975807745,-0.27724576695685377,0.4242479837957038,0.47298521264858445,0.30693249654413784,-0.5535262575070474
sample_2150.png,0.4363857411075975,0.1379607473189136,0.24326782519592163,0.5905525086635002,-0.5223249208917328,-0.3313298868323197
sample_2151.png,0.08227623897562908,-0.19770411647145264,-0.055831262912697396,-0.0928274682608042,0.492832019972508,-0.8363768493555688
sample_2152.png,0.12609877939074346,-0.22394288965343853,-0.09853560373035873,-0.08063718440333573,-0.5404748798826758,-0.7909639457741646
sample_2153.png,0.14212480599163257,-0.26155990916125366,-0.16714393784996842,0.4754920683913102,0.1760065873397984,0.7914409842757417
sample_2154.png,0.1200543593700683,0.17650659305058197,-0.18900561325960946,0.09947380454631144,0.605193649822525,-0.7365832335763901
sample_2155.png,-0.24300751581943053,0.18488394078084028,0.12368190707318343,0.37259723524300925,-0.4770401782389117,-0.7246185411610784
sample_2156.png,0.3657609289490934,0.24391056181541954,0.06801546825556685,-0.10367430942452903,0.38033424073228267,0.8041753413647446
sample_2157.png,-0.22163816182054405,0.33459345037601584,-0.1613664867683667,0.37654052089665097,-0.04606228962676174,0.8179120409527767
sample_2158.png,0.03358524692519914,-0.1091736260199235,-0.3542463525609277,0.45356445537924295,-0.43991286117873285,-0.6798666278425394
sample_2159.png,0.2507256960920869,-0.17991742648998396,0.22081735138532685,-0.6945210546508382,-0.5183674044678049,-0.3239471884791211
sample_2160.png,0.024525352463622106,-0.060436709615332304,-0.1707117185640591,-0.5516172999688761,-0.41628201160196104,-0.6993075586278072
sample_2161.png,0.3444410709202657,-0.11584384862539579,-0.5714218993016817,-0.513510286481654,-0.4722258661693554,-0.2339390548744424
sample_2162.png,0.14095491864264936,0.5225014565171802,0.15531886962698602,-0.10689502312593827,-0.6872103862301828,0.4464474511898715
sample_2163.png,0.10798948710004587,-0.2540125173470279,-0.0567212918994246,0.3724322882157594,0.3682363057078592,0.8039246361476657
sample_2164.png,0.19271309673530818,0.2172297703792158,-0.1960330629283804,0.5020135157291798,0.5503390049163941,-0.5677616904471984
sample_2165.png,-0.48338704793472076,0.02286565190276467,0.40421962165247927,0.7253969145330046,0.20336315568777877,-0.1867173388248909
sample_2166.png,0.0997330635876586,0.2574804451508601,0.1268394523750638,0.6220426598189893,0.5613874609420325,-0.4534048276936451
sample_2167.png,0.16595503505037798,0.20537614810744462,0.4001414358191262,-0.057971145868441064,0.6459489393086687,-0.5912323650843979
sample_2168.png,-0.2571826487884257,-0.09350560233741605,0.1567379406749905,0.5500404800772375,0.0937903112731994,0.7675974552031344
sample_2169.png,-0.0903689204536479,-0.20745150821218913,0.26903115177503356,-0.49469175518570146,-0.5403436243928466,0.5828622515315446
sample_2170.png,-0.09383393271592519,-0.3850012405679768,0.36522554963528925,-0.26383744917118573,0.7757055429211527,0.19557670316789905
sample_2171.png,-0.19621015820841,-0.43775498089712156,-0.11941048994853669,0.11236272471386774,-0.5825355712452719,-0.6353268542527243
sample_2172.png,-0.1906918975862926,-0.237723611801628,0.11539909663749567,0.3873912581570331,-0.4823741199303317,-0.7148778599223272
sample_2173.png,-0.07881266785108004,-0.46619871417073994,-0.44787114954763735,-0.15838723341381739,-0.6265360386838141,-0.3977748511614746
sample_2174.png,-0.11346479620819627,0.2655352440260337,0.3925107754296237,-0.6120782469644971,0.554975656230903,-0.2826911847883646
sample_2175.png,0.5215797165979958,-0.20560578656017373,-0.3609538696719892,-0.5295540412491372,-0.35957694545357954,-0.3816675273458873
sample_2176.png,0.05364013683975872,-0.18325207300591229,-0.35277648852165944,0.17989233504504845,-0.2890207219267137,0.8504092736407433
sample_2177.png,0.020196428325158354,-0.2707413841348407,0.06913797012571497,0.5393795590665658,0.4944851131882091,0.6213415424570887
sample_2178.png,-0.17931454225491386,0.2814923005243146,0.21816928001837566,0.0751237415375583,0.5197220523728977,0.7518350594860579
sample_2179.png,0.23485096052548615,0.31180899557742203,-0.010423349577200525,0.12091037789647088,0.2071074529967195,-0.8888187182046693
sample_2180.png,0.23330150297762034,-0.06820806563639398,-0.4048816389804197,0.04065364669300285,0.8782568340824953,0.06325457536816441
sample_2181.png,-0.004346910052528733,-0.27342623281471723,0.04345404752680482,0.3693623837968278,0.4781791030891184,-0.7471593672972966
sample_2182.png,-0.2827546193716646,-0.19247226906078327,0.07895707707168777,-0.4937330626149145,-0.5708203526088503,0.554221813694913
sample_2183.png,0.0186241659732281,0.38658884808388577,-0.11431509484582744,-0.6580421270314606,0.5695728224819487,0.28231475521343724
sample_2184.png,0.16497758460555925,-0.0025632653710699668,-0.08115693267712717,0.6526692301112913,-0.16327409131347925,-0.7166266989852424
sample_2185.png,0.05067943873315986,0.12750394829963602,-0.5915081096231607,-0.6745837648824127,0.4160396652071945,-0.05603780009141789
sample_2186.png,-0.1558945021930711,-0.44501622337471497,-0.2205104753300834,0.021478781256404546,0.6904373570858074,0.5018640386450157
sample_2187.png,0.15883618097007612,-0.05507039592521754,-0.004249024881431237,0.5501527711563347,-0.4590762559720515,-0.6769794564731838
sample_2188.png,0.3202673658372452,0.0018413769081061678,-0.2604297613545037,0.5764342969027426,0.7039245694758217,-0.04260827330590195
sample_2189.png,-0.18964683558029324,-0.15248404443259517,0.11840373574682525,0.9279590300630027,0.1414273104964552,-0.2136670392908694
sample_2190.png,0.29310899794797335,-0.14401742636572987,-0.1934445775999309,0.34466033643321287,-0.6198346115911644,-0.5940871976279963
sample_2191.png,-0.1842214322472073,0.1635582668503594,0.13820543631027823,0.010302023824128276,0.21871960197143506,-0.9339518288640822
sample_2192.png,0.16966327065647732,-0.18906278483274844,0.03326138124792755,0.5807707696409857,0.056507856021516485,0.770633177223367
sample_2193.png,0.2922098220622246,0.16746854735402822,-0.3169182993274964,0.5909579079566059,-0.6165324910329935,0.23830009570511249
sample_2194.png,-0.05288655600889705,-0.44217460526778907,0.5403406285753267,-0.701359716263579,-0.13343377735170855,0.0025712302386987048
sample_2195.png,0.11546796557111591,0.15612117604997192,-0.4007861401969928,0.5045935919782029,-0.5850677934309366,0.4524873270778174
sample_2196.png,0.002482465444157675,-0.14837609340250812,0.0022088023398449366,0.017593301615165646,0.40872537516979757,-0.9003374572318638
sample_2197.png,-0.10924151587616789,0.02327028497995173,-0.13765083662772232,0.4310681133204999,0.5027875771354011,0.727984866723433
sample_2198.png,0.15497674082815668,-0.034047265240556096,0.17006803876277796,-0.5704976442921931,-0.5137861048507871,-0.5970394727676036
sample_2199.png,-0.25917202404693357,0.2026916933292823,-0.09868112720549993,-0.5335159507166657,0.6248365811108255,-0.4549153237436643
sample_2200.png,-0.05612337580913809,-0.14139767501484057,0.35636332196241916,-0.599454769942914,-0.584735629313445,0.38548705497356245
sample_2201.png,0.045228769336317844,0.21682277479552678,0.01241085872141415,-0.7833413930092706,0.4645275750029785,-0.34839432745128784
sample_2202.png,0.1411740566325954,-0.5013326213326379,-0.14689704353530084,0.507647521063575,0.5255378972380451,0.4162459129491266
sample_2203.png,-0.5863777142127905,0.22275912275495327,0.40925300955010724,-0.2004877941516396,0.6276687224538949,0.06991525532751498
sample_2204.png,-0.20114654284208708,0.08694365493799543,0.18894788742329993,0.4769456159235672,-0.4873627093674324,0.6717737967324238
sample_2205.png,-0.17441522257846342,-0.295733687922828,0.21867630016376755,0.21921660667817403,-0.8083686025741018,0.3643979602523248
sample_2206.png,-0.38964986206524427,-0.06443250969252147,0.1743826192198575,-0.5820064643703793,-0.45490063680239445,-0.5176350305660813
sample_2207.png,-0.3716591516783022,-0.24915177933501922,0.026925556061471272,-0.624873318635815,-0.5067891429762182,-0.3895715344801678
sample_2208.png,0.2547061471278252,-0.14585094883288507,0.18625196081606932,-0.8968482843778498,0.214844846439718,0.16931430299539632
sample_2209.png,-0.08912143543568042,-0.22093580599995616,-0.19148971641524118,-0.4783842921179857,0.5160465746433409,0.6414209458178715
sample_2210.png,0.3061501391909042,0.15539250668736698,0.08471853545336246,0.5651056656851595,-0.7427923559300138,0.06215411065984476
sample_2211.png,-0.19265155983775833,0.285363407149474,0.3354201790507901,-0.14277301206474602,0.6667647127491656,0.5513502432176307
sample_2212.png,-0.023202243196058642,-0.051200448037468295,-0.0830643251146874,0.3249376067758176,0.4082868262915444,0.8471469217935323
sample_2213.png,0.06574958054828321,-0.26767215657464977,-0.2159060762287423,0.25503987534485395,0.5707478113125932,-0.69757779018965
sample_2214.png,-0.25822398043340244,-0.24022796296849314,0.006539697873182344,-0.6833074269160113,-0.4264912497490363,-0.47619776175218503
sample_2215.png,-0.17293234144426764,-0.025380443624106082,0.3376082594655567,0.6957771860367563,-0.125048032351742,-0.5964293742769674
sample_2216.png,-0.08733928955588902,0.167537511294806,0.03078151325336706,-0.1852422837669552,-0.11327156403107051,-0.9571887892874666
sample_2217.png,0.17653359593516832,0.25185990590862817,0.37346022533425655,0.6596814126608743,-0.16108050448511574,-0.5520900671627376
sample_2218.png,-0.2729988605212818,-0.2555425562275885,-0.007514695290265768,-0.4834456046274499,-0.6252143914072342,0.4852839020708674
sample_2219.png,-0.3463889271890727,-0.35526592494990195,0.244935411138919,-0.12057090287980918,0.437626873850849,0.698393051742916
sample_2220.png,0.1553161186285407,-0.2868512230136047,0.133843653994195,0.53747248541276,0.19975453559852466,0.739527287101223
sample_2221.png,0.09891309230540171,0.007922563387039913,-0.25635320128825406,-0.4742159448106508,-0.48367375361625514,-0.6823601740278585
sample_2222.png,-0.21490495531303883,-0.4075180450008729,0.41081933368931867,0.178846578701076,-0.491076063128572,0.5880736176336208
sample_2223.png,0.3900889625257212,0.04477596702271764,-0.6803219714537782,0.08181241868742341,0.5495254404334146,-0.2726100653222606
sample_2224.png,-0.0797030556863965,0.5407319393401224,0.2023116055241324,0.6407178867387503,0.4553441624817558,0.2060793300377006
sample_2225.png,0.15527381837523158,0.31162235834385665,-0.413852194992334,-0.13512096455693337,0.4537815643358825,-0.6952212055263413
sample_2226.png,0.062276776624088044,0.22049159439875107,-0.02165864133986415,-0.6079187849207743,-0.5931189042226449,0.47505860642903797
sample_2227.png,0.06653248606575612,-0.16856339637400666,-0.06759656512474178,0.6962387411570007,0.11839899967515205,0.681046111707676
sample_2228.png,-0.5341791015245331,-0.44745004364298985,0.2225850831057391,0.1282782317488963,0.3958917894438239,-0.5401031503587845
sample_2229.png,-0.13857814583831268,0.0787824834049139,0.32334158114971806,-0.19872597993041993,0.3602492384732344,0.8371189346707665
sample_2230.png,0.09539071460516732,-0.32531757810943485,0.013622377359694657,-0.7593388884531227,0.13911380525767666,-0.5375270388033538
sample_2231.png,-0.05867561661092138,0.18476174645336046,0.02924352160085716,0.40287548778998805,0.015872998583897766,-0.8938705022323689
sample_2232.png,0.2941839252210988,-0.12402876224672235,-0.23559221979824518,0.7260609755501699,0.3416490697719393,0.44573575485335787
sample_2233.png,-0.4109950076158929,-0.30463281770021106,-0.0636840651927232,0.23344947978046862,-0.5931341849151777,0.572642531611657
sample_2234.png,-0.22887955352167402,-0.3352171489514624,0.047760300668864115,-0.6578104674724103,0.2673642933074139,-0.5733797086194699
sample_2235.png,-0.18164379991680676,0.28697131847819096,-0.1075338383125081,-0.5220738527399839,-0.6106279147715541,-0.4771392961467588
sample_2236.png,0.622350792424242,-0.27448678384744574,-0.11737868884166087,-0.5033154960861679,0.31190940727832867,0.4158662923568494
sample_2237.png,0.34493932588357606,-0.4185548207519116,-0.4017356674165751,0.21984770580790167,-0.24577473064781083,-0.6600749541042115
sample_2238.png,-0.297426293118433,0.1996576563891434,0.2761226900564417,-0.18912373432164148,-0.13461640592297028,0.8611279328971022
sample_2239.png,0.18800619246544054,-0.09915222530900665,-0.0936426890139827,0.7284534897556221,0.5777422562252159,0.28569731052252334
sample_2240.png,-0.24639813803472058,0.14023551714749488,0.29725691394481574,0.43644546689350616,0.2937859189494078,0.7446243836126797
sample_2241.png,-0.23886095486800632,0.059092586558356607,0.29632484312712976,-0.4128485457519236,-0.46896821461781485,0.6791686018565422
sample_2242.png,0.1464039384706668,-0.04152318341072178,-0.4973093966687594,-0.78799687925517,-0.32873803697661047,0.022744171858943778
sample_2243.png,-0.36307080395264385,-0.27530926855747845,0.13950339435484269,-0.7231585283083282,-0.16309653432761145,0.4726144986691155
sample_2244.png,-0.43955251456847155,-0.4005154004668426,0.1291121766452476,-0.42763129377295617,0.28742732857747716,-0.6035130935946853
sample_2245.png,-0.10224440533769125,0.1484105311418712,0.32584929346013836,-0.4457923884054458,0.626384763479943,-0.519859508227754
sample_2246.png,0.054578840999226615,0.2789987838283189,-0.23569859598430873,-0.1509874583433218,0.7538849328749689,0.5220031570744117
sample_2247.png,-0.2595130251760043,-0.23004137678212644,0.22714106990527866,0.4660388422621853,0.30030242296877085,-0.7216419758831072
sample_2248.png,0.33327537554055714,0.4667999784366422,0.005218750522619155,0.6481224694941745,0.23762315085777488,-0.44098817619753694
sample_2249.png,-0.029553139989901896,0.1277800663912217,0.31487508960646,-0.7178738566481104,0.18204984207545882,-0.5789365469864418
sample_2250.png,0.0597461709499542,-0.40759890385549735,0.5357276350927075,0.3911341677498548,0.2894686458971808,-0.5536347130479372
sample_2251.png,-0.17665927842231502,0.11915379169145397,0.228026012235934,-0.23940356866080748,-0.9186517585629935,0.03691732409348999
sample_2252.png,-0.0012536236089190995,-0.17423042371706152,0.11320710390370087,0.7605737080020559,0.2339292012720967,0.5688858435513748
sample_2253.png,-0.048179879521024496,0.29822249258688766,-0.06015099427357691,-0.22545250371403208,-0.3098480572751897,0.8707980546512312
sample_2254.png,0.545249572863314,-0.26209082766644826,-0.17213751913133696,-0.7233813890930915,0.009570128345400004,0.28461861219885176
sample_2255.png,0.145491810671391,-0.14017647245881262,0.060036825386444025,-0.6038896903074733,-0.3884249221431187,-0.6633412326944088
sample_2256.png,-0.067686305128492,0.012158722064356529,0.18709307595536884,0.1730084801097412,-0.3301230573829868,0.9062856852558135
sample_2257.png,0.24280735882068732,-0.2209649740876402,0.010923437343798999,0.648223558746562,0.2962179700886834,0.6198071291361924
sample_2258.png,-0.167938584703152,0.10409909465155089,-0.01651001792875299,-0.138793361662606,0.8019907816721364,0.5461086141418487
sample_2259.png,-0.3761836987373947,0.0008432739781077742,-0.1850532964484004,0.8175162443065596,0.060363894064418756,0.39020992011365946
sample_2260.png,0.47191837529476205,-0.08624150655859775,0.14233204059353438,0.2494662800570225,0.7528113593898034,-0.3473307819850171
sample_2261.png,-0.23865915392406203,-0.21444205249358375,-0.15563922341055975,-0.037592989831016506,0.4949308981689158,0.7914941690625543
sample_2262.png,0.17804123818038198,-0.08542150731699667,-0.5308247569650889,0.16268288658896832,-0.7147388930236445,-0.3767122963194316
sample_2263.png,-0.0499002633351538,0.05057405622115684,0.07971966904409565,-0.09261621135931954,0.5212852801523848,-0.8415942591378679
sample_2264.png,0.2766430067410701,0.48714642275904796,-0.6476806432142573,-0.4359619684523678,0.18956510922221034,0.201665627831312
sample_2265.png,0.10713995028421332,0.4985407448578297,-0.2683746119268304,-0.566446049632119,-0.14318311714141274,0.5714811390279257
sample_2266.png,0.1397590148920775,-0.04855041487461696,-0.03881583739788831,0.015242336319852504,-0.4084327011826905,0.8997521911766166
sample_2267.png,0.04995003135525449,0.10627537147713859,0.03250884420376433,-0.43416596780773187,-0.023287271698452083,-0.8922507103992458
sample_2268.png,0.009893454183996854,-0.020921382810867376,0.08475233509875357,0.5880707282769966,0.23740176324066165,-0.7681762026741564
sample_2269.png,-0.38642444677846266,0.2247265818391298,-0.03633326063601341,0.3672261659489792,-0.8089155258179742,-0.09825792411535332
sample_2270.png,0.008893049541022355,0.3211683428631274,-0.27494818466354076,0.5250262417577857,-0.7156523876838254,-0.18265927414388747
sample_2271.png,-0.34135210743599287,-0.25749661586381994,-0.2709313192319318,0.04302922667401576,-0.7420537573497177,0.43735015568984814
sample_2272.png,0.06693153664688765,-0.0655499132384367,0.19128746969738716,-0.14061493135089495,-0.6379425701582313,-0.7265598395688989
sample_2273.png,0.1742051942578153,0.20477015271267682,-0.13975374852041342,-0.34407344108329296,-0.4458805914948655,0.7687617250458086
sample_2274.png,-0.3704858643253136,0.3030676113375022,0.1881232306346557,-0.06998891298998734,-0.24735388938642283,-0.8181793830528703
sample_2275.png,-0.25057055144917106,0.2521515294537919,0.15977861967713677,-0.4265054684885881,-0.26663775612149976,-0.7714286681180976
sample_2276.png,-0.26518761555612397,-0.256046260135857,-0.3154998588596889,-0.031101753086828974,0.014998634790892305,0.8737181480288424
sample_2277.png,-0.04034155958508222,-0.03325030800857513,0.22919718976609693,-0.07110931959570646,-0.19965840299975354,-0.9485861113094191
sample_2278.png,0.46498440535212066,0.08753057883032805,0.16897746161300675,0.6977536687417658,0.439286827178035,-0.2602718179923606
sample_2279.png,-0.18475809836987625,-0.053413829776487676,0.15997441724262793,0.12622950739207658,0.35904585847121184,0.8902650036261457
sample_2280.png,0.46911748176445744,-0.5033055893268701,0.11946127001665573,0.21346732540425079,-0.41470839862951786,-0.5429455977464136
sample_2281.png,0.36702365361883876,-0.1014832811294445,0.2292031794947181,0.551581174118525,0.7045106953024842,-0.043400142942536454
sample_2282.png,-0.2122776512012884,-0.26966472862125757,-0.4518284113689887,-0.7642475157728312,0.22423879462025256,0.20907634309068993
sample_2283.png,0.029341543289444334,-0.2447842160728462,0.25400339578975173,0.27242580112268167,0.3511791003222734,-0.8228969915522685
sample_2284.png,0.034670337730572945,0.24502232318745745,-0.18579518042266677,-0.27326490229002454,0.5924215223010211,0.6918129897914189
sample_2285.png,-0.32013174997169547,-0.17494578141794084,-0.10343599592458957,0.39699314084941234,0.8262337562952234,-0.12627294661968658
sample_2286.png,-0.2859782472826149,-0.19461679841482482,0.564674926212435,-0.5046289009884904,-0.5272157750650429,0.16992989840702646
sample_2287.png,0.0795595907152067,0.13049990079889673,0.20857123991274856,0.3015102615121529,-0.36780320029322155,-0.8408034570307754
sample_2288.png,-0.35979163363855826,0.35793876402582653,0.36717965099907124,-0.12406620022366532,0.7216488444503846,0.2672815907036011
sample_2289.png,0.003321609748679051,0.2748930282676943,0.14032477897462314,0.4444173600835846,-0.3215359087484673,-0.7770711780563297
sample_2290.png,0.12591411547292777,-0.1613491365840175,0.26222483301823696,-0.7481107240518834,-0.02334418291993241,0.5737034271112448
sample_2291.png,0.24452947138817382,-0.06818046910992454,-0.01586278319678127,0.39734278294965863,-0.3699137245396722,-0.8003672173439084
sample_2292.png,-0.28027386667949516,-0.16973542171706707,-0.30357741368184593,0.2526958450542901,0.09499036007358828,0.8529940454415164
sample_2293.png,0.48222019136119804,0.38179011995223333,0.0027235736034139993,0.3241848190445246,0.3490394224697763,0.628305863541229
sample_2294.png,0.32397103053262993,0.1653671408009092,-0.3277177099356797,0.5370460554106463,-0.025152555665737826,-0.6864739368867682
sample_2295.png,0.262206956392748,-0.12786269067759964,-0.07243357114444969,0.24812869520012845,-0.7315246153295261,-0.5594246239740155
sample_2296.png,-0.15361096166453747,-0.23641526245802352,0.22341664803097772,-0.7718328050666314,-0.2730300065680534,0.4475770705168285
sample_2297.png,-0.18709806242578259,-0.22467623952925034,0.25922344486717014,0.281308451973029,-0.08381706095366087,-0.8724439026094105
sample_2298.png,-0.30666803447160357,-0.28439940800395247,-0.12770377394590465,0.5718754449949578,0.5408057722580586,0.43502992033247756
sample_2299.png,0.12658807819698317,-0.48028988251000976,-0.16519472838525445,0.36643395228385744,-0.09441563714526305,0.7634262472608098
sample_2300.png,-0.11580413912083569,-0.21024714681004494,-0.23735628711156107,-0.3058901084353592,-0.5439501382189088,0.704696402915728
sample_2301.png,-0.28795462998819144,-0.3364886715609332,0.3000729786382517,0.501846307727904,-0.6122626561905699,0.29512444108380365
sample_2302.png,-0.07528037342552643,-0.003634004859798718,0.15005741979330994,0.9244756574637532,0.26030537462664016,0.222234787663886
sample_2303.png,0.2608363704101947,0.13909796955808157,-0.06652880773269468,0.09581076619338022,-0.623731968303307,-0.7141209906420906
sample_2304.png,0.290033792341367,0.19164145683909312,0.0846104555406867,-0.8697217566451987,-0.08476723109353955,0.3292318403262306
sample_2305.png,0.24641434805465592,-0.3137738750613891,-0.06629454029717809,0.7182746474030197,0.035906950870595145,0.5649983894718539
sample_2306.png,-0.039949923013732104,-0.2750712515509043,0.1722259416902275,0.3989208454631507,-0.3266767869784035,0.7919737818480875
sample_2307.png,-0.33840657109441813,0.24231540133453097,-0.284486893080214,0.38097097512860756,0.13657096367665425,0.7629160730852105
sample_2308.png,0.1295935669680625,-0.116734780447272,-0.17236231481330597,0.6485921348427011,0.2145340511220894,0.6878757986700451
sample_2309.png,0.16374573276195495,0.3110653483458463,0.037400013905302995,-0.6700000782155475,-0.2999216593186114,0.5798049814233591
sample_2310.png,-0.2785362858973158,-0.14549380503204956,0.18288624134011108,-0.359011719003242,0.8561237968683347,0.07722915847265793
sample_2311.png,-0.042429589163637885,-0.2580115251276746,-0.027982663993615656,-0.4604508327978623,-0.16003357302776294,-0.8325989667662573
sample_2312.png,-0.36169726255433327,-0.3715730119349786,0.10028689164192284,0.6400244761303215,0.45263840175818887,0.32640201230227006
sample_2313.png,0.3682604434257079,-0.36622932272426095,-0.05256004750673435,-0.4902699354513375,-0.5908092546073594,-0.37158792425717707
sample_2314.png,-0.10813355590724477,0.2879540237060525,-0.02622716374730209,0.4328969520336191,0.2949352909687196,-0.7939238963914111
sample_2315.png,-0.5232499800419277,0.16297630222239554,0.4153306872331168,-0.6961934364645442,-0.05783773605855358,-0.1977829589570678
sample_2316.png,0.30059943272316436,-0.17969986482265343,-0.09586049864405637,-0.17929184799378067,-0.35821006855543097,-0.8412482894231841
sample_2317.png,0.3637413387817594,0.453658081441929,-0.2493365229747913,0.7203254703600543,-0.22461699784684558,-0.17434535538224036
sample_2318.png,0.1746477915907511,-0.31388194363961786,0.19063489439011624,0.3999046566213911,-0.8192647546915052,-0.05929703806391937
sample_2319.png,0.05954029104272395,0.20205195677690208,0.16462136502599226,0.6578343290281804,0.5110531688414961,-0.48436393430070784
sample_2320.png,-0.04221193924365067,0.449747276581585,0.4724315149893591,-0.6914518295232038,-0.024478500415505252,0.3066743769929587
sample_2321.png,0.17947469265812505,-0.07995907822001844,-0.292584986082434,0.3577206314916419,-0.4708594529141411,-0.7253390461234216
sample_2322.png,-0.1694949538217362,0.32687360589418757,0.03054694848271943,0.3291854114695807,0.3010061549290277,0.8151835682271437
sample_2323.png,-0.13083076850590625,-0.34330870900872323,-0.39434563494536584,-0.7072444568523399,-0.40656015331260337,0.20982869327269094
sample_2324.png,-0.2230228316239473,-0.18040756942343691,-0.0005574510603165933,-0.3692122526719468,0.5200446382583405,-0.7148073176829808
sample_2325.png,-0.09606805694801135,0.14206863291769853,-0.23358640570592637,0.19774492976735625,0.5526678027588023,0.7559630054371557
sample_2326.png,0.05838147791078298,-0.017142300147466007,0.3523200847043961,-0.17405986952523925,-0.7897919193302032,-0.46701197894493507
sample_2327.png,-0.047689924861168985,0.2702478298852945,0.36622144647703564,-0.14430833254339284,-0.7338742245591875,0.480809069522913
sample_2328.png,0.23692021249913345,-0.1722962322593534,-0.037014763824911444,-0.11192309474011584,0.5707424872345516,0.7579834844155215
sample_2329.png,0.03569489494784267,0.16397170173484352,-0.23862040130989848,0.22040881580648047,0.22608518896380012,-0.9028869812050303
sample_2330.png,0.3475885029077306,0.10730695181719045,-0.05550002428700792,0.02248743619178769,-0.0056892133545802985,-0.9295424391103043
sample_2331.png,-0.17404999816734984,-0.195794163738072,-0.09132679541064603,-0.7730703349266873,-0.41104851712626106,-0.39551489712616145
sample_2332.png,-0.3065765853717765,0.45131667577801343,0.01502673806323969,-0.6892578404112288,0.2535888322162196,-0.4033789610484256
sample_2333.png,0.2759173914919137,0.2882232432793419,-0.03766574694639986,-0.6491772463663558,0.028182019493155703,-0.6458737672256771
sample_2334.png,-0.17622091305851695,0.38020998791841154,-0.302657287463629,-0.7334424984933084,-0.4231377271129067,-0.1257047593795824
sample_2335.png,-0.14926602064982886,0.15064595573513365,-0.1923038715872256,0.434357096440629,0.26295283346901066,0.812548086093901
sample_2336.png,-0.1741310009817265,-0.03297153022181382,-0.3042161199030718,-0.2038050180317866,0.26463332029438086,0.8743434939988337
sample_2337.png,0.12550876055171425,0.3463057395363977,-0.15838918246677475,0.5986512047199724,0.6600613766332379,0.21252874354022894
sample_2338.png,-0.358465600381492,0.3725283442808602,-0.16096974450391519,0.7566319406111728,0.36228752671133513,0.055404348576587645
sample_2339.png,-0.24817684782890173,-0.11433729904208961,-0.2538527020764263,-0.12928083693395961,-0.5065481454951226,0.7665438548413744
sample_2340.png,-0.10676300817434833,0.24333201511772176,-0.33965884630313303,0.20072413079684176,-0.3919898370891445,0.7874495854129431
sample_2341.png,0.16323184877166658,0.19805117089791968,0.383128131569368,0.7314685099030475,-0.4954228845141288,-0.08278838428564494
sample_2342.png,0.06865462957376517,-0.12941364437151073,-0.10868121901325797,0.2182964620102631,0.6305097456501262,-0.722171142068402
sample_2343.png,-0.2731277054574976,-0.36416006932587086,0.23483248025000297,-0.3170210853448924,0.5677999932347149,0.5610197908889984
sample_2344.png,-0.23452876566190164,-0.03928236038331162,-0.259468345631318,-0.6033552897365334,0.5395302959095982,0.4701050797404901
sample_2345.png,0.22232807189104012,0.2992381534128757,-0.03121711097773039,-0.578674340608422,-0.4792707951095132,-0.5435878589979469
sample_2346.png,0.0014151230115536303,0.18949679378209747,-0.2278015911019102,-0.41300964338086793,-0.06840739987795304,-0.8584514312300676
sample_2347.png,-0.0537657318237145,-0.2508541325342838,0.3225476857322403,-0.6362456092999224,0.41283803436558403,-0.5048769382022118
sample_2348.png,0.16445085750641783,0.19672378952823494,0.155917436712281,0.683298696924632,0.5750293763847104,0.33524547141436123
sample_2349.png,-0.24902030770224046,0.1503905756319735,-0.18450670558402874,0.49510055996700414,-0.7814593798462767,-0.1597670487870547
sample_2350.png,-0.7556114833884346,0.14464825169409312,-0.01050320274348689,-0.3223710639796281,0.1961437027466147,-0.5153856780770987
sample_2351.png,-0.27288634337630174,-0.054185203382741916,-0.18923265036801754,0.6197641029235793,-0.5058838587527154,0.49675143638299774
sample_2352.png,-0.007839896162454084,-0.17687873859276101,0.03173566699366224,0.5018309169082958,-0.6926294302660665,0.4858760114131448
sample_2353.png,0.0895882445133607,0.2871519033915125,-0.29947574121758075,-0.2400952657927871,-0.40495938489873073,0.77343013334894
sample_2354.png,-0.31738737029999825,0.2840194801549933,0.07115385250323898,-0.23219092959499713,-0.6943855812310055,-0.526736516802069
sample_2355.png,-0.06824183784708497,-0.2318124351065236,0.21782775518740824,0.6666865946365264,-0.6568877663092958,0.1348501485812553
sample_2356.png,0.2588009554161008,-0.053096063834956485,0.14605545296647,0.6417645181070618,0.11804696419172216,-0.6950351758606437
sample_2357.png,0.2883790961489755,0.1828885939697516,-0.04637205112984149,-0.18968496374066532,-0.5376834217537889,-0.745758033463883
sample_2358.png,-0.06609619960094579,0.512329460571321,0.12319629271017535,-0.41882050957340977,0.6730070608948909,-0.29937161929242695
sample_2359.png,0.08882979933684883,0.2171710896824231,-0.12344374116643793,-0.3620378869896377,-0.4412391650154153,-0.7771384657596965
sample_2360.png,0.3329741692831985,-0.18140369593670014,-0.25677013545532257,0.8485539304030015,-0.16514861572516137,0.2072972772387656
sample_2361.png,0.18035011888451188,0.18165943304288668,-0.27198504478961555,0.5867838043360297,-0.29574887325645177,0.6547634621389204
sample_2362.png,-0.23747860044993233,-0.3004427034711109,-0.4602906883269714,-0.3069249221684752,0.7367768837837395,0.0665394181864558
sample_2363.png,-0.2799112108748173,-0.16450274482165597,0.27668845040016593,0.5270887830878265,-0.29284817461321067,-0.6741286403622044
sample_2364.png,0.43453284533040903,0.3134064263062696,0.13460814916731076,0.2660255492954201,0.7584095479706726,0.22109642495013976
sample_2365.png,-0.014961112601256838,-0.35251564526220386,0.03068433005924376,-0.5909214191509012,-0.4192999276470882,0.591241747433105
sample_2366.png,-0.19680183305950597,0.05756544180948418,0.06952189270630718,-0.2990081972147445,0.6029113393264753,-0.7072580715397839
sample_2367.png,-0.22107421700006416,0.06232404650128243,-0.3198138543753388,0.1621780125913243,-0.6874241526264142,0.5883088720841194
sample_2368.png,-0.04632309326620861,-0.2419521226708078,-0.22517562575751718,-0.5010370548804995,0.40621134234115824,0.6874325377228815
sample_2369.png,0.2245573778245267,0.008729798531094877,0.051497790996256475,-0.6239543001808551,0.28770003584061477,-0.6890250161407881
sample_2370.png,0.3884697144939858,0.11614655464844385,-0.29573138789617776,0.2353088512577336,0.4476348875711445,-0.7017100233901411
sample_2371.png,-0.33140396005733,-0.37446305955452586,0.2574986694027087,0.35958134639979006,-0.6510103532392362,-0.3612894170050609
sample_2372.png,-0.03106496980625768,-0.23970386194681986,0.10061207021285618,0.6744074700520738,0.5601290097260676,-0.4035892644105583
sample_2373.png,-0.2415837201448729,0.02722382710336292,-0.3097970191852006,0.5152090692341568,0.23889927980571232,0.722778476014581
sample_2374.png,-0.03991575095279935,0.33168168440005297,-0.4861679041921168,0.1958215338644726,0.6586919907490212,0.4240442785734987
sample_2375.png,-0.07353305391719474,-0.39591881820846886,0.10262103439203449,0.5644105322597658,-0.28224112605889284,-0.655050227467776
sample_2376.png,-0.0016612012989239656,0.4870701256371836,0.02468372941889891,-0.5301170102786228,0.437380354700919,-0.5383539981823763
sample_2377.png,0.33927599793485946,-0.0030192595558784915,0.09878923296233996,-0.6045061462242108,-0.7030085699330771,0.12439710014929875
sample_2378.png,0.1333929436582811,0.16360875458489313,-0.13537047045654835,-0.1187322726755582,0.7324839984214225,0.6216777084756971
sample_2379.png,0.11245692837958658,0.4336015678814219,-0.3970040892895158,-0.5273474109530006,-0.36072987240109294,0.48322824834260436
sample_2380.png,0.16763649487239618,-0.13105355862068235,-0.024950684527071894,-0.43726607449064536,-0.37959017458817257,0.7866448456305075
sample_2381.png,0.38675562019014403,-0.09259563869833577,-0.5117798360351754,0.5588236058473174,-0.4527003981882301,-0.25041178966097655
sample_2382.png,-0.14664571185854788,-0.39575816732329877,0.05494016806901205,0.21792578692425119,0.5564387852788769,-0.6795118216438667
sample_2383.png,-0.10061268048636697,-0.08017293833383608,0.10797099900065767,-0.43265974568488763,0.5198842614728624,0.717159362342689
sample_2384.png,-0.06706549044030226,-0.14206897784450703,-0.21054923488751498,-0.6513909406801541,-0.4122515247253614,0.5802811111659067
sample_2385.png,0.19821948784539073,0.11856662714078767,-0.013700522055445181,-0.12764249389524426,0.3383642558820323,0.9031502141702552
sample_2386.png,0.1683266096795894,-0.3634497961077647,-0.3349366339570706,-0.6134273085562644,0.5791395351088618,-0.12526845336243145
sample_2387.png,0.18282145039236294,-0.3101159492743775,0.016114886952443827,-0.4494912207290674,-0.530277498071463,-0.6220194074360998
sample_2388.png,-0.2604688805156423,-0.022369212927206776,-0.09037872844276974,-0.5591554241555898,0.3481239008519572,0.6997444014309887
sample_2389.png,0.4029603860918566,-0.23992004987487106,-0.2861723019976624,0.6498104632483516,0.4378084520477262,0.2902358207503621
sample_2390.png,-0.2356885389146997,-0.06257538732907075,0.09772462298106355,-0.6125626243551449,0.6344688616941232,-0.39140953791620975
sample_2391.png,-0.4449849693255345,-0.4702774367891802,0.3772324076004615,0.05685750787555942,0.31366976873492086,-0.5804323562287624
sample_2392.png,-0.17361555569172382,-0.3352406920430193,-0.2708208987132492,-0.4103938621615808,0.2898031698471519,-0.7291902074816721
sample_2393.png,0.2476560904742057,-0.29693904339367644,-0.27258184075859054,0.3389661907031467,0.35917067957809207,-0.7295828602288764
sample_2394.png,-0.3228119486567112,-0.051973016712341814,-0.06494060315762495,0.15180408817081056,0.6253743427774406,0.6890111897568227
sample_2395.png,0.2443367627749661,-0.16827756461166515,-0.1819130827639918,0.44777971471963646,-0.3362720649199517,0.7518671846572309
sample_2396.png,0.25025985275504065,-0.13932688551961267,-0.05382386857297186,0.22039923957827062,-0.1401029360771159,0.9202479876305958
sample_2397.png,0.33176482591280854,-0.31623725147027393,0.06336339661592985,0.6986143090249947,0.04037437095975827,0.5442601753150749
sample_2398.png,0.23421001710249534,-0.026882353217725637,-0.15535054837430096,-0.40125709570178564,0.3587990179399908,-0.7940687765983475
sample_2399.png,0.23653418034669974,-0.25667044418070684,-0.009244117294431083,-0.4883371572827083,0.049909155107104475,-0.7981994161616374
sample_2400.png,0.09483401087843094,-0.4074276472107171,0.03883611129968469,0.11565650494479045,-0.6854392265866872,-0.5833503395459433
sample_2401.png,0.27935768800149524,0.31327328783123953,-0.08241846112488893,0.3609624172629218,-0.5263597494954988,-0.6400608361604496
sample_2402.png,0.2956651088222825,0.2945898538778953,0.18076459054276822,0.1552963329755123,0.28741130661578707,-0.8284931587025801
sample_2403.png,-0.1054107777696639,0.20057507756080395,0.033368346841137195,-0.5157606844983683,-0.23853704664052763,-0.7903390116439597
sample_2404.png,-0.1079178159281993,0.21062063929509628,0.004101034316140601,-0.9265028976136868,-0.05895355238816077,0.28651829295877185
sample_2405.png,0.10374155846833875,-0.1409137225643221,-0.04094678034357194,0.5036795799432547,0.42553517681767794,0.7300212784967673
sample_2406.png,-0.02145483802036047,-0.22936684478644456,-0.25941392660735335,0.4031860992821,0.5276573693112893,-0.6623093122382926
sample_2407.png,-0.007379320357240361,-0.2487295239271486,-0.07405846964354029,0.3298309423687969,-0.5028816507052953,-0.7555899069416722
sample_2408.png,-0.24284970928110922,0.20822139365153747,0.3175354190526598,-0.8224365949800976,-0.17417939349333403,-0.30016447773642563
sample_2409.png,0.17507795711527105,-0.27927371230429404,-0.3419558187612364,-0.01985806255589824,0.5081582316959348,-0.7181928637035047
sample_2410.png,0.23540790912970652,-0.2853753072879198,-0.4182254121355813,-0.345720936360544,0.4217870603156132,0.6251433954428617
sample_2411.png,-0.23171762838850554,0.14910390870714266,0.000130157404599905,0.3085636522618225,0.34956838698229753,0.8406339057441999
sample_2412.png,-0.03174941144277643,-0.1357976366732943,0.2783123923673436,0.6059861255272103,-0.17789624207294452,-0.7100893829135846
sample_2413.png,0.1351296811136012,-0.16359288989348464,0.1642583136854788,0.42403411590391465,0.6741098591599113,0.5420032365001409
sample_2414.png,-0.035683670138271756,0.441488903425238,-0.35779626826582944,0.7827496082485144,0.19827157366079734,-0.15423192963118412
sample_2415.png,0.2515326025673045,-0.051416105689447635,-0.28152269469358737,-0.08699554283339186,-0.27374157687449124,-0.8788230942068499
sample_2416.png,0.23221928127863575,-0.38093003051755175,0.11991156226963645,0.7040837617015295,-0.3163482810287869,-0.4367809016941349
sample_2417.png,-0.22690267368471734,-0.14377815971716898,-0.1591741655308221,0.6349149367399705,-0.616951410810709,0.34461657286583364
sample_2418.png,-0.03247063289563519,0.2628366718061332,-0.5112022704595361,0.2595770970300484,-0.6296480009669841,-0.45243552712622026
sample_2419.png,0.13044747839509638,0.1499797511147084,0.4025677217917996,0.825258485606811,0.3421181642408914,0.018230541343756984
sample_2420.png,0.43950561952781403,0.4215099222730984,0.11242695056396057,-0.2622606878406795,-0.7126908304083404,-0.19953818802648182
sample_2421.png,-0.15569610007702994,0.1960306633244807,0.09180660623306613,-0.33675248597983837,0.45787563455656943,0.7783636148839128
sample_2422.png,-0.05966143386431967,-0.002400852209789243,0.1420225460914059,0.07314992844885933,0.5204779935439399,-0.8366696431830403
sample_2423.png,0.05203575931511533,-0.2529539644118892,0.08360965685510445,-0.032098013846884044,-0.14825708390888917,-0.9504238799079586
sample_2424.png,-0.263800652848661,-0.3324565513017301,0.1701020844995043,0.21628250070451985,-0.5136629935364663,0.6930507534533524
sample_2425.png,0.6092374101188474,-0.08288664897961129,-0.13051612102746593,-0.03880606020076272,-0.7764779991247639,0.022385938699369827
sample_2426.png,0.1992477489936672,0.2912209362783667,0.02000135868862683,-0.4719988318357651,-0.20317409018585222,0.781682824595463
sample_2427.png,0.44390832781903244,-0.11563649725683937,0.18219263657223594,0.38188026686912047,0.7220702397855852,-0.2985991807857035
sample_2428.png,0.26282756588891115,0.3299542200996607,-0.30696111970091144,0.38952850904868874,-0.10609574427479805,-0.7515570423623078
sample_2429.png,-0.026818829413070185,0.34132750341741214,0.12039729418542136,-0.10211672874024691,0.6540452190571111,0.6558031735913639
sample_2430.png,0.13045530651500495,-0.4021810325301985,0.5858278115066649,0.6264411364350434,0.13205258054689445,-0.2610961966272359
sample_2431.png,0.1536824828328037,-0.2596437696948295,-0.30363215688475353,0.6818086703304392,-0.19890232098470995,-0.5588820308469844
sample_2432.png,-0.0788618293484048,0.31267891981929746,-0.05558463050701238,0.5738731867951894,-0.6565696188678923,0.36401779473133383
sample_2433.png,-0.0997859174927339,0.05361044490053698,0.46973632879285115,-0.34186094186860266,-0.18455338336414434,-0.7845939187844074
sample_2434.png,-0.25956893726035185,0.20737222512107994,0.1728646466042955,0.2723775845947285,0.49720081084223766,0.7337168023974909
sample_2435.png,0.18763336711591974,-0.26829297962165916,-0.15306716365733197,0.20624465468590264,0.4498481970499358,-0.7902422299933034
sample_2436.png,0.06720699530029126,0.2698685086804179,-0.29883958642494124,-0.17365118140020178,-0.7278506524950251,-0.5229032455928767
sample_2437.png,0.018976106920397504,-0.2860100698298407,0.27523002390554774,0.5018732585912744,0.2172516704457033,-0.7368931572911737
sample_2438.png,-0.3195009175880129,-0.2862125548463115,0.022974365586275473,0.10742809013177708,0.5931699734159993,0.6723706594750952
sample_2439.png,-0.4684645792260621,-0.4490354145539057,0.01079025216091715,0.6400508020779355,0.06940482912157446,0.4053512617462181
sample_2440.png,-0.18685067083065005,-0.27404252335663737,0.3006791549607056,0.4573727247782716,-0.31317489823680184,0.7016489447849594
sample_2441.png,0.38259545401703426,0.4436531784351093,-0.1946023064396361,-0.12298670974150412,-0.31468935420556554,0.7104698429454563
sample_2442.png,0.035721352482681205,0.03853797845684696,0.3297026263626992,-0.8016659439636425,-0.42780819551198734,0.25069273923363844
sample_2443.png,-0.44524062874955356,-0.3395148870000209,0.03652503086547493,-0.019018484033361614,0.5152127979227468,0.6475727111746055
sample_2444.png,-0.24734545700552235,-0.16363039243410715,-0.3601679434413826,0.7743709119305323,-0.09613023807797094,0.416452926716505
sample_2445.png,-0.16135301013208442,-0.045824768851815634,0.27532980425296616,0.048952438999193985,-0.4287517540353819,0.8425166987654489
sample_2446.png,0.26142568025458746,0.35659908068045393,0.039115482377245346,0.39678581705056404,0.7603489933999346,0.25960375964708116
sample_2447.png,-0.404846528036406,-0.39632593289563206,0.3900990103175865,0.27034408743380756,-0.6465375163752161,0.18907966603911477
sample_2448.png,0.32415186017978437,-0.21099273624135925,-0.0532440953268448,-0.14208939347366187,0.2787232445484105,-0.8658502528260238
sample_2449.png,0.421255324533427,0.3377511750746972,-0.32071342145439913,-0.4347703237087,0.6368927475127683,-0.10465844626584483
sample_2450.png,-0.19350336677759472,0.6413086849992301,-0.49087912095048514,-0.5026257388020643,-0.050613170956906456,0.23478283545553086
sample_2451.png,0.10049632781972491,-0.296622040183412,-0.13102703181202763,0.5876634524090033,-0.4645654158513179,-0.5688395304515447
sample_2452.png,0.12895073673978885,0.4866700835650449,0.027974433057052942,-0.3729675404737495,0.6431575681372149,-0.4393004947106026
sample_2453.png,0.08451505244505246,0.14298434354184386,-0.03220354642427983,0.5842476408567921,-0.2226147909140394,0.7618877634070444
sample_2454.png,-0.35648004577253495,0.11765252713237215,0.19569440144839081,-0.805794437720652,-0.3999088071266738,-0.10747944542150095
sample_2455.png,0.2586193671786449,0.23488234457298346,0.056067548778529104,0.3482617665525279,0.46642978302349425,0.7320927103641666
sample_2456.png,0.03136930176395281,-0.3002159061965274,0.14870946915888236,-0.09550776018010089,0.0538775541938589,-0.9352792883708008
sample_2457.png,0.1862685840301406,-0.18460004649870396,-0.50761114213468,-0.0033749396595330414,0.7725901655082511,0.27685883001818123
sample_2458.png,0.20378404730557761,0.17163857767677151,-0.36767129828790335,0.647399886517678,0.20225164785915242,0.5777523128532639
sample_2459.png,-0.366095094312815,-0.024339376841008488,0.20828669783879603,0.12398168760447902,0.010351731645578942,-0.8980645917467048
sample_2460.png,0.3048227954414665,0.3463606791173396,-0.06545984210213802,0.2880882404910559,-0.2547636073269463,-0.7968268459867033
sample_2461.png,0.04152607028543801,-0.150823680169614,0.07782071434156419,0.35966268975895876,0.06516548879601802,0.9142581408286384
sample_2462.png,0.1023015404882706,-0.18714019584960154,0.13652473177048047,0.4616116920430285,-0.10492542581455783,-0.8436701015876429
sample_2463.png,-0.0904707976410076,-0.21492641348010844,-0.24264615748362608,0.6445520068664302,-0.654201478568645,-0.20812892567892805
sample_2464.png,-0.03867522663670341,-0.33928089371896736,0.3444015999695885,0.38552294154889233,0.6103966717419976,0.49352629575943285
sample_2465.png,-0.4149487960115524,-0.4552287626492243,0.4191348700477129,-0.21144328096237996,0.3203449448139817,0.54550993237841
sample_2466.png,-0.0041069026432456,0.17984626025715053,0.038562074096277946,-0.45113399028695206,0.13882507472233907,-0.862181618859796
sample_2467.png,-0.079550178410187,-0.2675397885992217,-0.3787128614841825,0.5748953985174733,0.5625010502363764,-0.36298574135090067
sample_2468.png,0.06349066702064565,0.4745515487141396,0.1596934529943113,-0.2714716019305943,-0.5052848419074945,0.6451807202395264
sample_2469.png,-0.07569143108223636,0.18284707386316765,0.40093119554638745,0.3690531739522995,0.40534670218100743,0.70681379238443
sample_2470.png,0.21593716273967892,-0.19007739111246436,0.26744279136045546,-0.18750695515831786,-0.09797381687977323,-0.8949627665207138
sample_2471.png,-0.07599199896178425,0.021490661847527064,0.060363434622243535,0.4035937972412058,-0.45418300983479193,-0.7880034668157161
sample_2472.png,-0.3795887435057387,-0.081962584761315,-0.13513537511083415,-0.6886548782768172,0.4308563660253012,0.41358215795370895
sample_2473.png,0.12660707160169066,0.1961661173503842,0.21017612724457732,0.6085421208339883,-0.27922214461765643,0.6730727898872297
sample_2474.png,0.34095631364379686,0.3555364745164253,0.21837972728905844,-0.7256192978795459,0.421945850942082,-0.07135289483670397
sample_2475.png,-0.04000788073940175,0.14016073145993793,-0.2999567132327349,-0.6813573324294524,-0.403213755782804,-0.5118116467159748
sample_2476.png,0.262374478362116,0.06586502647229112,-0.18640809307878142,0.6498471067543284,-0.6329281304125316,0.26300983594206145
sample_2477.png,-0.08292286784971568,-0.0078117316821237175,0.13171986251184314,-0.026317304392923697,-0.5929407370032513,0.7895830130816504
sample_2478.png,-0.1399552133261876,-0.2383630463031802,-0.5153952015214504,0.782992928100273,0.17896254497380792,-0.11339252493004684
sample_2479.png,0.32362225224709246,-0.14260245532059798,-0.3304560457714217,-0.5700254862416276,0.45603938494483615,0.482525650939205
sample_2480.png,-0.47800692887219354,0.24789974826469116,0.14236517408228624,-0.44084313983533574,0.40394644359864873,0.5764302600775945
sample_2481.png,-0.19175767904388938,0.22207550076606805,0.12709094536330887,-0.1916606270319411,-0.6114820333831948,-0.6979364462392961
sample_2482.png,-0.14729525193033371,-0.06692270195236077,-0.3006798478177762,-0.3335535552704291,-0.479313265787484,0.7364902639173498
sample_2483.png,-0.07477551167240887,0.20671965302039383,0.1357946654765412,0.5224899577335785,0.35512050907670284,0.7308413540831131
sample_2484.png,-0.006909891914326022,0.0036890525395075636,0.18694014301527284,-0.5613548720898459,0.5014734961935312,0.631187030452109
sample_2485.png,-0.008978673070877005,0.19461916842123447,0.11211275488683055,-0.5074647306469173,-0.4829375236609254,-0.6772919520371578
sample_2486.png,0.016656137071287644,-0.15672473213406216,-0.2599157502928691,0.40677683358045624,0.513545305273675,-0.691670124610489
sample_2487.png,0.09764470827888815,-0.20733069301263007,0.17250258858615955,-0.9283676412312009,-0.18569564080314915,-0.14619508648594184
sample_2488.png,-0.025697140659804673,0.33723582241889155,-0.2570215210915205,0.89774574263302,0.11604402397067101,-0.0117456724008021
sample_2489.png,-0.13690800114029966,0.06512068601257902,0.2152946266572254,0.3813396707212832,-0.48022478400720614,0.7447334634410894
sample_2490.png,-0.029015010607529552,-0.3245418760755082,-0.24080960629911455,0.5951316899166288,0.40524857591849833,0.5634121907803438
sample_2491.png,0.36345982236533037,0.21888410016540996,-0.23126503472741078,0.851138082070713,-0.20504512369143743,-0.004863582303430301
sample_2492.png,-0.23720308911846757,0.05505663420831115,-0.03839634186118997,-0.4876540241526357,0.5140990449245487,-0.6611542234678642
sample_2493.png,0.11818882363459102,-0.333960348838669,0.13621701898126073,-0.49977826839626,0.6764700640548127,0.38543059814679803
sample_2494.png,-0.17989192323499872,-0.07869196991212321,-0.3663545796090856,-0.8912750448251131,0.181122706570216,-0.007358767715122819
sample_2495.png,-0.2870950949060395,0.19707141711660953,0.21445995117785027,0.048829222185845636,-0.049372276646522086,-0.9099034441833936
sample_2496.png,-0.18527220464501998,-0.19400646444613576,0.006845961009652321,0.7436120786565839,-0.42048666923071043,-0.44522002676456063
sample_2497.png,-0.041606782259628605,0.10038786003700875,-0.044799143310189034,0.1747289480003755,-0.4885952880981416,-0.8467163805931942
sample_2498.png,0.12265424431353317,-0.3489361577869192,0.15726063040883012,0.10379230531622785,-0.7647199513478294,-0.492847990390457
sample_2499.png,0.1696861836608816,-0.12547326470030473,0.16169544259651586,-0.5100704866228895,0.13984050833190595,-0.8059716953276539
sample_2500.png,0.2676505862094979,-0.18337920152361284,0.04447206057571332,-0.6445233998124212,-0.02874607564680634,-0.6903048009448945
sample_2501.png,-0.11971159567177783,0.1530744083363573,0.24461433580205946,0.2988153479327264,-0.003480465683236192,0.90171972380157
sample_2502.png,0.3149889424139469,0.3971620707003572,-0.2893357003242558,0.48606099656971935,-0.49024436997999876,-0.4274742958218487
sample_2503.png,-0.4068291465505025,-0.4857794206062481,0.4854525371333779,0.023260492893113705,0.294990380368617,0.5246750033912058
sample_2504.png,-0.14608503011261492,-0.29995462628297137,-0.22144572258284181,0.4171305818236559,-0.8126142968964105,0.07285780867699464
sample_2505.png,0.29991335337545455,-0.2698156786934542,-0.2627450050969811,0.614643433902658,0.6240355003004289,-0.03177555381122537
sample_2506.png,-0.23659491561589133,0.2914343012845957,0.36700397716254446,0.45038668434921536,-0.2688755674861091,-0.6702646779118577
sample_2507.png,-0.3167141841047879,0.17129843464297254,0.28984065694241246,-0.34738878822990354,0.36222949234557533,-0.7310623709001322
sample_2508.png,-0.3705449465429375,-0.44739670771543816,-0.2440143252904858,0.3874629104976333,-0.6724804659921486,-0.025142661306890586
sample_2509.png,0.26745604805005846,-0.29461155019446694,-0.5904614288184178,0.23546383665162582,-0.1991002096747764,0.6308268273210383
sample_2510.png,-0.012701679729146383,-0.5103513878467625,0.4104412175804547,-0.2687669611156932,0.6774013772354874,-0.19952400832510275
sample_2511.png,-0.2928006686083757,0.2711624543358637,0.1744201333763486,0.019656094629913363,0.601660834329191,-0.6692788561371241
sample_2512.png,0.06622070172085605,0.07236388828871228,-0.3061705063530893,-0.06947890267338604,0.027625462988304206,-0.9439530831841236
sample_2513.png,-0.2743721622349538,-0.1100849425109202,-0.25853543744627283,-0.630099935214673,-0.3160590806577141,0.5906279529311268
sample_2514.png,0.296842662749193,-0.15096147379427075,-0.13089316749805557,0.4355282787124307,-0.8000695878491956,0.20534317311457456
sample_2515.png,-0.0623842160696318,0.15161018837247123,-0.13832601251786952,-0.5188033263238574,0.22350424102062624,0.7967919662427844
sample_2516.png,-0.2245328770642402,-0.242078057952502,0.3119631408118103,0.6710996514071258,-0.5701585389729674,0.1349321980384063
sample_2517.png,-0.03129309668661241,-0.06266882037928717,0.3030864146550704,0.3138396917578571,-0.8917558521261529,-0.09750966300658523
sample_2518.png,-0.5036492260641315,0.039893952071577664,0.3591622719438505,0.12718021529546925,-0.7674463776946331,0.102954564182596
sample_2519.png,-0.3131762962949329,0.1777161540564293,0.3055004735165443,0.2250753644856571,-0.5719168974057273,-0.6318695905572623
sample_2520.png,0.30557517207198726,-0.07671741800109551,-0.38506402184134575,0.8323652083437296,-0.24155934699361184,-0.03579375491210152
sample_2521.png,0.15179904857972948,-0.13741214432929078,-0.3164207070902931,-0.07433478164008121,0.5526247449817369,0.7396168731431063
sample_2522.png,0.13399965156278795,-0.16102074408532105,0.01775396158720574,-0.48975858041984854,0.4407112705888294,-0.72229586672245
sample_2523.png,0.17039609970302472,-0.5415282720421942,-0.16698234314228233,0.5635101375767761,0.12981450630711083,-0.561634859730189
sample_2524.png,-0.04153052837941595,-0.18220722765568056,0.2903823704467902,0.8093447897648376,-0.0401458261415383,-0.4733953361200179
sample_2525.png,0.2354572398998806,-0.2356803666217888,-0.1900520069875825,-0.3837680397848675,-0.38665156744523677,0.7457328909465929
sample_2526.png,-0.14473122043080172,-0.19721703523012651,-0.05349736713995256,0.2610233730506332,-0.09633124499457632,0.9272990006011047
sample_2527.png,-0.4632175452952155,-0.06748019010506437,0.469820245338811,-0.5950575857302824,-0.4525960374264349,-0.03475864373901089
sample_2528.png,-0.2276636654651541,-0.08980804376060608,0.25030936401844883,0.8071107684911342,0.26878493815392007,-0.3921426492933242
sample_2529.png,0.34305330127908756,0.056863153583492955,-0.3557570643918956,-0.0865956195337551,-0.8326685860637107,0.22733708417578127
sample_2530.png,-0.1953085393593273,-0.4494770528442799,-0.07688098469528537,-0.4918182499407345,-0.7134589505643842,-0.05482155139022067
sample_2531.png,0.18033521513362363,0.18403420815107652,-0.012092365374634964,-0.6868454215508712,-0.40559429099091066,0.5451614743566797
sample_2532.png,0.13868903063833338,0.2904737395391729,0.08948200009827602,0.3135473013235918,0.6474585011123665,0.6089900740136581
sample_2533.png,-0.20724049203763698,0.3478164369946097,-0.020698883850001612,-0.5064635889627962,-0.7088518860122568,-0.27689401867055086
sample_2534.png,-0.22876249382289432,-0.044406780675481004,0.31551564764643236,-0.8543772899451202,0.24590408262045835,-0.23604292812292707
sample_2535.png,-0.3017571148982778,0.3160304058827821,0.21176240350193426,-0.6944350176975337,0.013784652442973196,0.5308428205988738
sample_2536.png,0.17763325293154833,-0.1731210978273684,-0.10753498369787462,-0.7119302105011397,0.28994439210087375,0.5796545221821005
sample_2537.png,0.22667347601286408,-0.18487189237130364,0.3083278864183145,-0.218537192274699,-0.5274251039166162,-0.7024526236632272
sample_2538.png,0.04924439943062159,0.2514091466393349,-0.10844778171521029,-0.5764789774533553,0.30149494390118586,-0.7066684485019855
sample_2539.png,-0.28753722931829356,-0.18034461249823525,-0.2648248094022948,-0.7057759884132617,0.5592630955059499,-0.06140868837750037
sample_2540.png,-0.15151175011246887,0.052784686617015235,0.3170281326603132,0.03546402543389808,-0.6271649841218665,0.6922120449182881
sample_2541.png,-0.03488302152882805,-0.19078753353038405,0.07990490433470404,-0.37250383322635955,-0.5812174422312731,0.6924057171915025
sample_2542.png,0.3279844328293464,-0.22196670375952257,0.11425518172755644,-0.5366296557950663,-0.6669217436608763,-0.3120044038883945
sample_2543.png,0.10062295624401668,0.05140960283081775,-0.1564413701087347,-0.32422421094561843,0.47702733542679804,0.7937768914652873
sample_2544.png,-0.011629507892839223,-0.16423550198512252,9.612924704919199e-05,0.27766888628868264,-0.5479476128076747,-0.7717155229737227
sample_2545.png,0.2836666806413916,-0.21064329176163682,-0.22843661927313155,0.367614936332328,0.2480476102397913,-0.7913981112843813
sample_2546.png,0.31758843108570195,0.25295994064332294,0.14322336495088292,-0.5611576891494142,0.5398672983529321,-0.45637843143600737
sample_2547.png,-0.31571269190962054,0.45505283202310937,-0.05899919245421391,-0.210781014513512,-0.7838692859570248,0.17576068382479101
sample_2548.png,0.2654466149651073,-0.15618885817392086,-0.1324224875354084,0.2617269291705596,-0.28308477426058776,0.8596333201485437
sample_2549.png,0.05656974573040166,0.2646293055667757,0.046644771188931164,0.16538305530925537,0.534610488632451,-0.781943431639862
sample_2550.png,0.18839403822558548,-0.338655154611272,-0.33961957065124987,-0.0825185988593651,-0.09414130507928004,0.8478248730529141
sample_2551.png,-0.24658908669736043,0.3618495949493926,0.033263264767140366,-0.40058172596215696,-0.608511982552573,0.5257372880906108
sample_2552.png,0.1715802305789704,0.2207754889571795,0.06408001825602945,-0.16452354560247995,0.7994391058729098,0.501538909910292
sample_2553.png,0.2915344349101029,0.2703666391489633,0.00613113582307193,-0.22867596744746596,-0.8269573316210804,-0.32514740727947994
sample_2554.png,-0.34444138446209127,0.3095444545585213,0.6381832739658093,0.3240324937325315,0.24707244062603467,-0.46067626837157294
sample_2555.png,-0.28040622821099837,-0.03378196629269517,-0.23933255777850776,0.8359511516147705,-0.4020197154152305,0.050168448774845054
sample_2556.png,-0.3390866072794362,-0.2943471527056563,-0.23213676485439103,0.15627164812061053,0.836086702668795,-0.14501981407663442
sample_2557.png,-0.1363197753346642,-0.23922169539904906,0.13261144164964808,0.4436479579965362,0.39647995251858703,0.7433601021463795
sample_2558.png,0.6697833431621462,-0.6479014550803881,-0.08382107242974036,-0.29777423048196244,0.02546447192994189,-0.18780328504631424
sample_2559.png,0.12749523662008355,-0.19528280615477164,-0.23479946319992692,0.6961905127808836,0.6210212141091802,-0.14188102015697146
sample_2560.png,-0.16293601985442702,0.22307402539433377,-0.357973890167861,-0.5310280278803143,0.02694997941631413,0.716119723790274
sample_2561.png,-0.3611992448842008,-0.03581895001538496,0.4470262338784098,-0.256494649624911,-0.6655942445830041,0.3995177728601545
sample_2562.png,0.11420859173010998,0.2144027735493535,0.27371345896440363,-0.27561505078645715,0.4449072012879944,-0.769521095664813
sample_2563.png,-0.03946119451217903,-0.34080623485583933,0.09663769480385924,-0.1002713673181801,0.000627252294556146,0.9289242917508166
sample_2564.png,-0.03410678135038611,-0.25389482191602,-0.16963752015885752,0.5603099385229489,-0.06669240077023594,0.7662911686143944
sample_2565.png,0.29700569866961446,0.0008225515639023629,-0.2582880789006645,0.2115382142382603,-0.6412070126466111,0.623842414007095
sample_2566.png,-0.11749678589230594,-0.17168656338295166,-0.06376597805901801,-0.6393475296480637,-0.35906965537917196,0.6441706669972697
sample_2567.png,-0.09314645407211977,-0.10018102452741529,-0.38308017975688435,0.1976379910606135,-0.599169261487739,0.660660651827868
sample_2568.png,-0.015878304587889497,-0.1872888268635224,0.391326870396432,-0.5727922609343761,0.23696979934146523,-0.653673003339579
sample_2569.png,-0.1141204726146761,0.3146621250957851,-0.16145267972868554,-0.3001271088938565,0.5632660268557532,-0.6742050121928664
sample_2570.png,-0.2995314745050334,-0.19731538963408715,0.27441523450539,-0.4696713380619466,-0.40534431503015994,-0.6412087275931073
sample_2571.png,0.05326860483015134,-0.25119516849730233,-0.038999892861909205,-0.07891459899876925,-0.5923431544014605,-0.7585805988281085
sample_2572.png,0.2415624533071023,-0.18968563302771888,-0.005265794261874421,0.13869078404785148,-0.19893155424041767,-0.9202338378551416
sample_2573.png,0.04110075976059455,0.15176529122701674,0.11688424914144643,0.06472491439780483,0.44655325689955316,0.8706417003780138
sample_2574.png,-0.360771094659656,0.2660732195987534,0.33864753284894283,0.29000530589280243,0.1857582685240875,0.7521687947493612
sample_2575.png,-0.38240182801801237,0.1859536543401148,0.47243506410078234,-0.07363849046290419,-0.5560483414043413,0.5304552811669944
sample_2576.png,0.5146885916503745,0.34998940063629047,0.17312999313438895,0.14428505587046936,-0.6243014727106787,0.41479943631618404
sample_2577.png,0.011354540844702214,0.49963740946657564,-0.2585239244034496,0.35535183690361344,0.6079385441540947,0.43305278259792146
sample_2578.png,0.018600035863628375,0.09904423833825393,0.22226470521056588,0.6671969937170443,0.685686179112488,-0.15850966432550043
sample_2579.png,-0.33002051495702966,0.2783174500116757,-0.2415313747416978,-0.6368858867382732,-0.5172764224449851,0.2865133885143969
sample_2580.png,-0.17531836533742487,0.08388822477733754,0.7444415384487812,0.01569524498878074,0.4610236996810309,0.44186405145506985
sample_2581.png,-0.0837100043054814,-0.10304106765346535,0.007364442444844973,0.7838127712816312,-0.5969284108530661,0.10786542743497167
sample_2582.png,-0.06393380504765542,0.20475238189914943,-0.29489477913077344,-0.430001070848328,-0.4920306670733579,0.6633482506563223
sample_2583.png,-0.04753834591354182,-0.1735404598878858,0.2378977993552659,-0.6173277878492585,-0.07862920985832851,0.7237073311897725
sample_2584.png,0.02586769701389141,0.08619594837460098,0.164647944153405,0.4424356955501633,-0.2278886731036689,-0.84682323019338
sample_2585.png,0.06483042392509142,0.097499203599626,-0.09175495738091208,-0.18302464228963353,0.36959294922669733,0.8987630285140917
sample_2586.png,0.28377358959090115,0.16703162074214864,-0.05567978586620907,-0.6268383611190816,-0.23248199353121235,-0.6644535654822963
sample_2587.png,0.18699366277692495,0.03098648203244828,-0.14382519697469226,0.35144545047015685,0.5442660489432716,-0.7236353253118744
sample_2588.png,0.48021897018954407,-0.12789031083918248,0.047799666322689685,0.2699551591656556,-0.3856419318876499,-0.7274293872073064
sample_2589.png,0.22955318471152572,-0.23276294575126602,-0.2224469228678153,0.439458627458178,-0.2639543533866424,-0.7621340610820667
sample_2590.png,0.22075212400424654,0.12836167511754007,-0.3081783028665722,-0.6013485218032482,-0.3963114793859382,-0.5666878156294607
sample_2591.png,0.12604572116990886,-0.037909697314447155,0.36215825507917554,-0.8715950745712244,-0.2437546633015638,-0.18006226535344383
sample_2592.png,0.372265316864414,0.3749292056783659,0.07761671911687541,-0.7984091582098346,0.21167724301014082,-0.18043788510467523
sample_2593.png,0.19722331032557713,-0.16744985747041483,0.1701379723595402,0.47246509589911617,-0.4198343415275133,-0.7103748589934343
sample_2594.png,0.04942332092693454,-0.028597070020791458,0.1037846653186785,0.4677458616794398,-0.08294304511335684,-0.8719532936623102
sample_2595.png,-0.4689624079245314,0.4837416771847269,-0.11595890701605849,0.36277237556957237,0.29474555823173737,-0.5604846483339615
sample_2596.png,-0.08367840333169749,0.2213933523817925,0.07668395591607235,-0.546776454521865,0.7280937308268,0.33017799313897556
sample_2597.png,-0.29264161400283045,-0.08986198065390623,0.28272899883198865,0.7191789621578591,-0.0453865909405788,-0.5541405066935409
sample_2598.png,-0.3975595131622046,-0.010155085646246082,0.042124945596841525,-0.33271823035542153,-0.6320141795322126,-0.5743913759342075
sample_2599.png,0.09703836436238031,-0.005617135672657643,0.11023033578192051,0.5957507225438651,-0.5140605264079128,-0.5993530916578276
sample_2600.png,-0.3656806620066963,-0.12244801412412785,0.3701236521648936,0.6655823269394964,0.5183664849456529,0.050881948964404795
sample_2601.png,-0.012781777905066008,0.05408422927420753,0.2845804638137917,-0.08909046099355004,-0.5737997402811477,-0.7607510957771747
sample_2602.png,-0.15286004806123657,0.020475106113957215,0.1796590869728502,-0.6799058626501677,0.5812378372222832,-0.3792463351431551
sample_2603.png,-0.27790606865166384,0.1183009544855351,0.3204178034989272,-0.6453924393841317,0.60661205846529,0.14695557861345226
sample_2604.png,0.39650717178303163,-0.035065408097904684,0.06828682033872012,0.1865021259287356,-0.8742509554862204,0.1944006530417758
sample_2605.png,-0.13216632280384988,0.3154024128774403,-0.23702784011928105,-0.5538319548058849,-0.5602640814055675,0.45414260865795636
sample_2606.png,-0.2264367862854741,0.3931867725753985,-0.2822244155183484,-0.2244191161252809,0.1161185251737286,0.8066179215730338
sample_2607.png,-0.27059059288892556,-0.25011479870763026,0.36172398875568323,-0.5765278125971391,0.01209183525522191,0.6331260090126279
sample_2608.png,0.22311946294095975,0.11446898563583568,-0.20392171537888504,-0.5559428170440389,-0.5988334950519583,-0.47734318887187266
sample_2609.png,-0.32463088585271604,-0.1424809750196192,0.14540830576955274,0.23810958974143087,0.41328612761241273,0.7909922782919386
sample_2610.png,0.10993388345121526,0.26761025486924883,0.43260332605921253,-0.12893250547313886,0.09198599897005083,-0.8390879811238854
sample_2611.png,0.30382983344775044,0.17099876368122827,0.04275951362303863,-0.5937980885845554,0.5092640218361824,-0.5144632787458105
sample_2612.png,-0.27753413485263967,0.16707668506700635,0.10267171141734387,0.4225545331468389,-0.44992321123085954,0.7096023361616132
sample_2613.png,0.5975584556814304,-0.34571110794091064,-0.17214811666213103,-0.5437389791630465,0.015269216317542746,0.44484550283367985
sample_2614.png,-0.1092039179041916,0.2914387845733033,-0.4237014128960548,-0.4219770235623873,-0.3999366631108878,0.6209678807763359
sample_2615.png,0.13887006289618717,0.049991599993763916,-0.24301146384612213,0.12571449432032827,0.5750102604710544,-0.7567829545328248
sample_2616.png,0.1438938805888803,0.18220232412512818,-0.05130197811096349,-0.7305188552702765,0.2817780327662256,-0.574811546160459
sample_2617.png,0.44977611588273836,0.27647355145147867,0.08588740823625447,-0.3691588281383564,-0.45846166768633456,-0.6061533080875525
sample_2618.png,0.35918449677233827,-0.20602412670786194,0.1306272495228171,-0.18425271827184345,-0.7333094288685731,0.48967876768005
sample_2619.png,0.09776202543351672,0.21063750409272775,0.08530453077202156,-0.27681698839976293,-0.5244353240452562,0.7662489876726236
sample_2620.png,0.08253091293134966,0.35453432108995797,0.09880364383682023,0.5954452821740632,-0.7089358160896474,-0.024224536043509996
sample_2621.png,0.07198030097958788,-0.19921585088096078,-0.166517987812797,0.604652390601076,-0.11825713000033189,-0.7401448361691976
sample_2622.png,-0.2511074697150243,-0.0825384779769258,0.14261069265335363,-0.3271737802543345,0.20607390137877138,-0.8719435149894299
sample_2623.png,0.19133923517754173,0.12100554092142292,-0.35754683914045426,-0.04453883608775629,-0.20360759507879755,0.8817411486796075
sample_2624.png,-0.1575068267225129,0.2930996151206425,-0.32494722526057457,0.40870087514246134,-0.25110900429525135,0.7440439359117328
sample_2625.png,-0.23786960798863419,0.16092452981216954,-0.30007538682749263,-0.5939543107286925,0.397817624744309,0.562526018713798
sample_2626.png,0.07927855462263059,0.035980309896844816,-0.24294918502022766,-0.49480520685447227,-0.06904937092753086,-0.8269195929586479
sample_2627.png,-0.21533455176914088,0.43086383231700925,0.09024854122592392,-0.051951510456753926,0.5208504144987496,0.697035491133571
sample_2628.png,-0.23623166193048395,0.16194269455944993,-0.10200376609729814,0.1833952559133378,-0.12958871376185505,0.9258171216046845
sample_2629.png,0.19493028266251336,0.1090338195645503,0.20021795266930273,-0.013030393669984234,0.5126897711500435,-0.8043668254721298
sample_2630.png,0.2635824926087484,0.18336744913924938,0.15977913644730923,-0.2863964004490091,0.4786520144626587,-0.7484922354995847
sample_2631.png,0.2853872573805762,-0.18816932127424596,-0.33560319065646443,-0.3450275323522125,-0.2905064090265018,0.753046443793909
sample_2632.png,0.45657762101484917,0.08953549068531427,0.19637564820653744,0.16267481066102496,-0.0751886652118622,-0.8442987902914947
sample_2633.png,0.33291280065802564,-0.33650331931736405,0.3010656271610223,0.6117322678681044,-0.3412467326501237,-0.44116705599254213
sample_2634.png,0.10236392063665196,-0.20275090259234596,0.1311285745580196,0.3650899366951268,0.2724159041142349,-0.8507161156895033
sample_2635.png,0.3052491544446714,-0.23685616945055818,-0.5058832278098818,-0.05677113010548636,0.76829496540514,0.03611306473199651
sample_2636.png,-0.14954909288827267,0.3145444418389825,0.12126157758697445,0.018690184553083602,-0.07258230481250195,0.9264852825356121
sample_2637.png,0.20262931832478737,-0.18423575846911203,-0.1759864578388507,-0.04709018347895356,-0.007578347063806385,0.9443264237484708
sample_2638.png,-0.12943181495582398,-0.23602731136343874,-0.21820897816645646,0.19776187526901606,-0.09063660551168169,0.9124684114240561
sample_2639.png,-0.22732532054020602,0.2958130947450144,-0.046787305624886553,0.37090729422084034,0.5953194006768826,0.6055174233021916
sample_2640.png,-0.26696818435076286,0.44197708038210026,0.020711302755049548,0.5468538500537036,0.067093424762892,0.6552897297643144
sample_2641.png,0.016127835222565754,0.6049567355604466,0.06613272418365955,-0.0440144929205731,-0.34428192964724724,0.7133907632948736
sample_2642.png,-0.013259485582231632,-0.380441597558011,-0.39367564019359996,0.7779986447925855,-0.16540120004547734,-0.2597468362313176
sample_2643.png,0.1331447403391959,0.03328872130466919,-0.16530402439970007,0.619597362225143,0.17542897258966117,0.7342769933553362
sample_2644.png,0.14575326528588384,0.3839614969736479,-0.32702356273421784,0.7373858958570517,-0.17143909653246303,-0.3889162129406584
sample_2645.png,-0.0858947074762829,-0.21653613784798562,-0.33831834305086905,-0.5665365324390761,0.13796425919999603,0.7009116346473786
sample_2646.png,-0.35298560706382537,0.36947342274148987,-0.09199904169059671,0.7784492695562225,0.09496957455786004,0.33974143411889784
sample_2647.png,-0.11818461961360782,0.10890259349173888,-0.013523969112696007,0.10379760377517555,-0.5549732203348989,-0.8094569199399324
sample_2648.png,0.4904612676731535,-0.5998278445924384,0.1310805699342071,0.15955904789451297,0.35215109981217846,-0.48270353125477117
sample_2649.png,0.05137071751239955,-0.11808551879974374,0.02427247012488727,-0.41546997148005566,-0.692801284830475,0.5746640665307845
sample_2650.png,0.11042113747625137,0.04958891314513868,-0.05684525896312637,0.0929848224104288,-0.0661465353074809,0.9844263239537365
sample_2651.png,-0.17799303379476641,0.1979619355448015,0.17581373089980706,0.7785198855453271,0.0929671528387022,0.5324311977397056
sample_2652.png,0.15100741572806362,0.025174932195796643,-0.24536563684193363,0.15097932327738747,-0.4759134688522252,0.816743718401902
sample_2653.png,-0.3257723218157568,-0.3042685603251153,0.23320209474771425,0.16326666088893005,-0.6061811313174147,-0.5939682264386279
sample_2654.png,0.2307035243374285,0.10671866485135774,0.10670860535209147,0.6362631964750433,-0.2464751102558813,-0.6770667978937945
sample_2655.png,-0.0582460126299587,-0.4403473198404183,-0.3557035128524614,-0.06401894782169636,0.14838821415176567,0.806262465384035
sample_2656.png,0.30573398033057586,-0.022644182914220073,-0.4646727899040464,-0.384421930179747,-0.4948988861126812,0.5453329668151977
sample_2657.png,0.39954430520572,0.5341883346669354,-0.297351438398016,0.26281634746940047,-0.447335746355201,0.4443057403430144
sample_2658.png,0.4782550141521322,0.16678577083487942,-0.18750357920499677,0.6378826976995937,-0.5379774177655136,-0.10946697136814072
sample_2659.png,-0.08859491739384383,-0.39790563263867423,-0.31525373062856105,0.5225398551019284,-0.12480753266803121,0.6676917799932413
sample_2660.png,0.2812416767598021,0.291174788583666,0.19002924276024527,-0.6351926702579305,-0.09152949622494179,-0.6230263811540957
sample_2661.png,-0.16164213743423714,-0.06899558416719549,-0.22911939856092065,-0.3126163278739673,0.39095706411705694,0.8161123302203982
sample_2662.png,0.2782781478627662,-0.06148926543997201,0.13347754955485552,0.08313609595483601,0.9450249035317284,-0.031311462386606724
sample_2663.png,-0.26686168124441123,-0.29448869160530955,0.07331130674775783,0.9105750517678769,-0.08404511639742882,0.02182199373582092
sample_2664.png,0.264032894200215,-0.28917637675258745,-0.0705772013980921,-0.05437125873512332,0.5329050722980568,0.7448076682566297
sample_2665.png,0.05667458803539027,0.3099308492135218,-0.0003984574911744867,0.625271629264172,0.21091869712148423,-0.6821139155964604
sample_2666.png,0.025827517278535325,0.46669530593835473,-0.5214257166339389,0.4244686037987892,-0.006280595824637929,0.5739604614468752
sample_2667.png,0.2024526210731234,-0.5560527347415214,-0.1367732111478725,-0.5239602209307193,0.35885216618562427,0.477286277642165
sample_2668.png,-0.45310395201842146,-0.3258808041274981,0.45709748252924526,0.48231898125130296,-0.36939875627989177,0.33237533123790053
sample_2669.png,-0.30082652961658807,0.06254935274038298,0.08273753935900865,0.2948545856178313,0.8454122804584259,-0.3115835787098488
sample_2670.png,-0.37188713685734287,0.5054749543744417,0.46677867518268135,0.41240474820639134,-0.2783602521914742,0.3751674159513677
sample_2671.png,0.4063372385638056,-0.678920825959114,0.0375337248104712,0.0586076499158749,-0.48111120081069286,-0.3710053044944485
sample_2672.png,-0.12571398642601783,-0.15205250640272738,0.24827620661746985,0.5981453686755557,0.42710087974384864,-0.5993679258979255
sample_2673.png,0.23905325941540806,-0.28876745587151287,-0.42318929878286904,0.4564388003532228,-0.6467266348515914,0.2319180766858728
sample_2674.png,-0.10285845407851871,-0.21525512832676602,0.29510120982871935,-0.5507333328735374,-0.3264677122556109,-0.6679163667914
sample_2675.png,0.15623700606070923,0.00912770030560914,-0.32922841176064016,-0.009128742326301459,0.23675609380044893,0.9005434770324953
sample_2676.png,-0.28841514844532956,0.3665628606741139,0.04373565590566253,0.5321550358539848,0.26532805763702944,-0.6534122767211948
sample_2677.png,-0.28949363629452485,-0.22205216688668533,0.028870847673458926,-0.785110896365335,-0.4252034919222789,-0.2624035341721557
sample_2678.png,0.007992547996059385,-0.24157197294230479,-0.03757336857430715,-0.5071437003479374,-0.31472045612195826,0.7641489676333144
sample_2679.png,-0.2780418450306298,-0.09015635211793391,-0.06404162249102673,0.3535409142037912,0.2020549186340816,0.862928656966026
sample_2680.png,0.04246770358460741,-0.19418483065547093,-0.23593425579163604,-0.30055305527979065,-0.3393394309530009,0.8362657377903746
sample_2681.png,0.5023082296010419,0.29486211159280823,-0.013877495080828903,-0.5570703961699588,-0.548948974720304,-0.22108321875925116
sample_2682.png,0.13474290457490373,-0.19951358425563878,-0.03417121940126294,-0.4688535558794212,0.45896166051023735,0.7144239248861459
sample_2683.png,0.020616915654782624,0.0070807143643278865,-0.08168571380375864,-0.16817468374833508,0.4537738588920892,-0.8710102244897443
sample_2684.png,-0.4119862635039944,0.02213850554126573,0.2001319272414166,-0.7165783732970317,0.5236935391970093,-0.044552540683368815
sample_2685.png,0.31742135236472124,-0.12654024632824548,0.34530512783654127,-0.49934049122866236,-0.41191692017606113,-0.587349252578153
sample_2686.png,-0.1967354237925438,-0.3734925224055563,0.021197618476860632,0.8218299715646777,0.16103152427902168,-0.34642966923978763
sample_2687.png,-0.4827992742390466,0.0701992968763028,0.23508535600764843,-0.43979509650506804,-0.34087884953521586,-0.6301536938975484
sample_2688.png,0.1273304278176642,-0.2859202172048135,-0.27119749516414937,0.4523776300581278,0.47031308724663023,-0.6345459715021042
sample_2689.png,0.2663292494346452,0.031061734612831904,-0.3134869077233395,-0.600289726461678,-0.6786768415341337,-0.0942329416621124
sample_2690.png,0.19069694810489135,0.16944163059530187,-0.10863186151766326,-0.5780189708198332,0.32990478247665034,0.6929503808638161
sample_2691.png,0.2599932973895223,-0.2524877039027367,-0.15025055097209972,0.5612260645838785,0.004710080667168363,-0.7287532752549583
sample_2692.png,-0.14212901878198153,-0.10118672877054752,0.05895525202342937,0.3209845655726595,0.5819180427255294,-0.7241720558087426
sample_2693.png,-0.06925730734437072,-0.2767856420509755,0.18885529484194083,-0.8794406722354962,-0.3283116414046691,-0.041501584067970436
sample_2694.png,-0.09543125348103472,-0.005560358597473608,-0.10959334558113491,0.4915087423180044,0.41970181231227716,-0.7490799702584521
sample_2695.png,-0.19193047279120787,-0.16608295914536197,-0.10062123859294288,0.39540864011861193,0.7718754675352858,-0.416310918156634
sample_2696.png,-0.20268709994985315,-0.32479861509893176,0.2454364025433185,0.44363347921915,0.05494247151483939,-0.7702956785482322
sample_2697.png,-0.025331779585395654,0.3294238882133088,-0.4045025255762678,-0.47350299582640143,-0.18705640413201294,0.684120401856652
sample_2698.png,0.32650777900024236,0.3814844420591226,0.1217857270448194,-0.13530416784989294,0.7143943624041313,0.4520663718249526
sample_2699.png,0.15656568920261205,-0.010114353348855373,0.13925417066399887,-0.6270304334169567,0.5346371937958634,0.5262975084042821
sample_2700.png,0.06497734570038591,0.3764134867876187,-0.2998865895355733,-0.40068069044151283,0.036005548889461156,0.7760911349083452
sample_2701.png,-0.025609614530639323,0.1391910013221345,-0.09990743497398652,-0.2763134305804292,-0.41622519449814915,-0.8487614463306544
sample_2702.png,-0.3425064375477812,-0.08973560577619938,-0.2293706590598417,-0.12636897050707926,-0.07357246415992279,0.8947870908027103
sample_2703.png,-0.18729545020363703,0.11559346127140814,0.3642674482789871,-0.11253931090715712,-0.727410366370402,-0.5263809025468604
sample_2704.png,-0.29487751905053444,-0.07881978324776907,0.18794556904610066,0.2715250967791855,0.6185184304269573,-0.6443758426916243
sample_2705.png,-0.06485638089605811,0.16464811690958026,-0.21177365659258054,0.45944625918410004,-0.49525893373971686,-0.6837136018109761
sample_2706.png,0.015678133129301747,-0.32249593380922226,-0.18985451717069005,-0.021817860362159398,-0.7257179659501353,-0.5766829683581765
sample_2707.png,0.23492287723421396,0.34708556971158566,0.4715816229098315,0.42325525036866013,-0.4004757770151283,-0.5122770413001191
sample_2708.png,0.018542221068759194,-0.25616963679641913,-0.042680879366426346,0.22082392287371094,0.759923200409086,0.5531411848024099
sample_2709.png,-0.2572894422714091,0.22540301421927456,-0.1693178197616142,-0.7509939773221918,-0.44765254512957164,-0.29990389269317325
sample_2710.png,0.1490283262929209,0.11391278716887321,0.028587990871129343,0.5609771842919026,0.08026554494677325,0.8017850102477773
sample_2711.png,0.11161853217451387,0.01277111304985098,-0.1996191703295918,0.49526205640220544,-0.4050985382447315,-0.7335809829758682
sample_2712.png,0.2186048827030961,0.2541082695829571,-0.13125849627718525,-0.1257990905591051,-0.11036829255411086,-0.9178265242169488
sample_2713.png,0.1552899725738218,0.3632978964346499,-0.35445718969062834,-0.48511817223148307,0.5812311058481645,0.38090750072177226
sample_2714.png,0.13608210244830346,0.20114780838414545,0.24891864240368108,-0.20783035850732787,-0.42210659026145014,-0.8109829212628222
sample_2715.png,0.09028552678235469,0.03954824410360599,-0.3402956665302019,-0.5111029877551139,0.35629730890966876,0.6973587906911649
sample_2716.png,-0.20002435038577412,0.1462430122861791,0.16064529476061581,-0.5440666821356723,0.596220296658027,-0.5111840501467002
sample_2717.png,-0.25845790910293426,0.04258501239500489,0.010955900656656704,-0.28419158722929544,0.2120107879482658,-0.89752580003246
sample_2718.png,0.4220263740413581,-0.3018239417067788,-0.07893443080196282,-0.10236297820408682,0.8291261128065407,-0.16320880250636646
sample_2719.png,0.08967226644432022,0.12734593365847657,-0.10987366000920334,-0.3449403161461717,-0.4940843740602221,0.7749622482766948
sample_2720.png,-0.37377077469682884,-0.2394496329071705,-0.05161883132264753,-0.8228184175805888,0.34948030053165313,0.03358792590379484
sample_2721.png,-0.3228017575642959,0.12172587189982866,0.3178837596776346,0.29349396690104895,0.07313626735306714,0.829725334401202
sample_2722.png,0.14034190881112357,0.15841428823128495,-0.26386178641039837,-0.299275281140153,-0.3907749852556099,0.8020693464936178
sample_2723.png,0.2815529660024202,0.18209747109224375,0.07801061317052445,-0.8349995578932562,-0.015196687022965453,0.42898436056737643
sample_2724.png,-0.3638841089967879,-0.23643352221434585,0.28788897054355417,0.25777175139895875,-0.49404772729978375,0.6467441942243753
sample_2725.png,0.20432482758839104,-0.1487373797832575,0.19158747685810137,-0.6076709784305516,0.009479917288822744,-0.7280583139685893
sample_2726.png,0.059546138569435775,-0.47443165020597144,-0.37953577647174225,-0.2683514461571119,-0.08382785531103613,0.7404605682017369
sample_2727.png,0.1455838786293059,-0.14697652332707067,0.10193776767958368,-0.7514879116621943,0.30382143930322714,0.5383032407851056
sample_2728.png,0.2456416676120864,0.28675246415166034,-0.026701010060983882,-0.17528386195645593,-0.6575321853819996,0.6274131369534979
sample_2729.png,0.14079444193815688,-0.26152476257339785,-0.21299122217066244,0.4931248492520067,-0.3047871679330864,0.7282507317346222
sample_2730.png,0.2578012351216577,0.2951074801593152,-0.19136132314733606,0.38728295697426857,-0.17640615129812307,-0.7929210070041773
sample_2731.png,0.2934189756522393,-0.21212854566873462,0.23245144327824327,-0.6935990686218519,-0.5459741361223065,0.18895948256152797
sample_2732.png,0.16923577492311354,-0.16931887654087113,-0.24977162593916177,0.05247552816155561,-0.4722241608587679,-0.8090458369302793
sample_2733.png,-0.16687781727381376,-0.03196994301213701,-0.19237741108393513,-0.4604857806803961,-0.37379003178297243,0.763121554197771
sample_2734.png,0.04776452741448859,-0.06843690346104103,-0.2888692549492838,0.5227548394142466,-0.29222213301030203,0.7422419393691486
sample_2735.png,-0.18097166169809797,0.22188184528960414,-0.412402022647911,-0.2501414470512423,0.7747083381347037,0.29188786100264164
sample_2736.png,0.00414407267655679,0.10221652917620219,-0.38336742558173775,-0.3756725319070313,-0.44830569937603443,-0.7074292710265656
sample_2737.png,-0.31027843068516614,-0.08794984998621044,-0.05670116968756537,0.10852384149681964,-0.6551998455414652,0.6720958524825377
sample_2738.png,-0.08430449563577955,-0.2711051033906042,-0.3146796292800468,-0.6492730567139736,-0.5435612007955253,0.3214921844498848
sample_2739.png,0.3541351599772453,0.04995011548620261,0.3330354646554154,-0.7025316535992188,0.16944830517942147,-0.488791572426864
sample_2740.png,-0.007201022476919235,-0.049106526112432436,-0.31977409898006437,0.5500791049086511,-0.3362166388786564,-0.692569541688039
sample_2741.png,-0.019052906136540412,-0.2032980916337246,-0.28381611706814724,-0.11124795431237136,-0.5821567415767088,-0.7255843888179371
sample_2742.png,0.4385267201207377,0.4471033529531526,0.2871989740412777,-0.19343143248423567,0.6916827916030095,-0.0973080343815391
sample_2743.png,-0.1919634256817075,0.12297500240399943,-0.0532189735823275,0.24998264484256064,-0.5889858906602241,-0.7319830808945137
sample_2744.png,-0.061335695351705445,0.26672432015475356,0.03505807296357981,-0.6390735292104117,0.10399707656257404,0.7103778102972917
sample_2745.png,0.23370944846922173,-0.31370488002081937,0.3129792984193176,-0.4182004418877373,0.04917054101850961,-0.7561109369723041
sample_2746.png,0.26809859866864344,0.2736639112240799,0.044885640264587835,-0.2982584409379841,-0.6267803263057393,-0.6077868124176442
sample_2747.png,-0.11129544103411054,0.23467698726940206,-0.17287230738992382,-0.6037031672467476,0.4944895913502312,0.5419204108459013
sample_2748.png,-0.4228647140131878,0.21001268409976825,0.1763758461850432,-0.13252975132677383,-0.007696414814370062,-0.8534332412406576
sample_2749.png,0.15015175383266274,0.1540791307063144,0.26137730359385436,-0.7429048755425106,-0.5039886334280785,-0.2819286802335524
sample_2750.png,-0.051738416940887134,-0.01988646371708236,-0.19039636565464962,0.7312231524516886,0.07974273522553084,-0.6477890754066068
sample_2751.png,0.12142838105889654,0.041333544156418815,0.19710005645088347,0.2181876316788997,0.08986547692555497,-0.9428767722174721
sample_2752.png,-0.04976665540030124,-0.2557502516562875,-0.22787556931103592,-0.47819553246258645,0.4952491466310795,-0.637373618212423
sample_2753.png,-0.002982402727549127,-0.22064295758250455,0.40233707984834427,0.5124403104959108,-0.7094160525340373,0.1535137039752528
sample_2754.png,-0.16699452864224795,-0.27618713587038995,0.4213700253196716,0.19329780435503868,-0.12202197147817159,-0.8161050131284976
sample_2755.png,0.09459853590988836,0.08875184249006185,-0.17931957129510612,0.49817904983509614,0.2658283705975882,-0.7950922150918699
sample_2756.png,0.058661440242509834,0.35027897018150383,0.057155524870774715,-0.13718189570382536,0.7509534640176581,-0.536513510384399
sample_2757.png,0.017657257584168164,0.17243113638676072,0.3247983162196041,-0.6929878389920984,0.5969427775443891,0.16699986103748193
sample_2758.png,-0.14972036473853273,0.052480253823252145,0.47559078481009376,0.415986041953882,0.4666330360314208,0.5982075420191297
sample_2759.png,0.18412726250320952,-0.011909230873701621,0.1459154689040247,-0.20658840213880736,0.2133317428717995,-0.9254592357000953
sample_2760.png,0.42305241722792,-0.355692483947202,-0.03978278188374907,0.05960835676123617,-0.667748333373007,0.49344285027596696
sample_2761.png,-0.1618158589002318,0.18078450112958439,0.20699148856010957,-0.576023055526999,0.5586832723532034,-0.504338731724457
sample_2762.png,-0.30826923493489844,-0.21337674335028103,0.0410578434305449,0.7205594766280641,-0.24360570464881043,-0.5283985228847261
sample_2763.png,-0.11952716692671148,-0.2047770651093419,0.01055825443106643,-0.08224973546725037,0.14080870133619944,-0.9576408637263908
sample_2764.png,0.08988993298776497,-0.21388216176310568,-0.21331939655897486,0.6434864683182112,-0.3439114579330772,0.6068930136955043
sample_2765.png,-0.3368947025501854,-0.06867816526746232,0.07578482026229488,0.24504645649068388,-0.010432314442477782,0.9032637106646438
sample_2766.png,-0.10057800198576981,-0.10781039771542952,-0.24927781696128984,0.7456998612866622,-0.10962571504740318,0.5899453136600061
sample_2767.png,0.14069152680029912,0.05388711302267829,-0.27723482801460286,0.10227588744529764,0.5913030469229246,0.7350804534330496
sample_2768.png,0.15231517058358213,-0.21608040607453213,0.10632710131983839,0.021161383775868705,0.5347983065589723,-0.7952024029038307
sample_2769.png,-0.29843689975787363,-0.18460000498162965,-0.28453032275895246,-0.4855093491464416,-0.13774769327558692,0.7356677207428847
sample_2770.png,-0.2511211937619819,0.28933876438270745,0.17372069531302414,-0.6328590918480957,-0.030293123224924414,0.649318136231761
sample_2771.png,-0.226092360520563,-0.06128635136521078,0.3048518051153224,0.6656210571182948,0.15092956243639846,0.6215790215829282
sample_2772.png,-0.1791031526256057,0.19431890983430866,-0.24246785989382735,-0.47218552747861126,-0.3794053322361866,0.7102562779936386
sample_2773.png,0.25340203586048876,-0.06789712437691404,-0.3449646599323762,-0.0028289879592871274,-0.8638158487816265,0.25688703420307124
sample_2774.png,-0.3224982507099043,0.008719024751307126,-0.32140149925614425,-0.7658037987438052,0.3570369731391952,0.28051573006428665
sample_2775.png,-0.1139505072962565,-0.26588468594255465,0.098806691722304,-0.4505614548669157,0.34713869644278644,0.7635751136327452
sample_2776.png,-0.44150253135157586,0.33001043644393835,-0.05193881838397825,0.3945116857427328,0.6865798608010061,-0.2577588220566015
sample_2777.png,0.28167428000554445,-0.10052560370106141,-0.30859521039132615,-0.6082256551333801,0.6654109563670862,-0.05111761625544218
sample_2778.png,-0.15103310930487657,-0.06090478479313083,-0.3151869020210647,-0.14963886846955063,0.6430610758738183,0.6619799737277006
sample_2779.png,-0.343803189914208,0.09768789491057475,0.12607324912057313,-0.5421800113667984,-0.10994516233871343,-0.7418321064779749
sample_2780.png,0.33438141233253077,0.31667204460330534,-0.27961136026463546,0.10202625924550726,-0.5083545758631455,0.6639967184313447
sample_2781.png,0.20413919226509628,0.3209271448665019,0.010023670965564798,0.2550371484514488,0.6165219793816874,-0.6403820623179598
sample_2782.png,0.8018118017733068,0.038407607942184264,-0.04354950190142304,-0.020686144669871558,0.4909994318462471,0.3349892123915344
sample_2783.png,0.1856138707728595,-0.24334243617322163,-0.05183571062912485,-0.5384596104743355,0.20403688888740634,0.7563565327929324
sample_2784.png,0.28442846226427615,0.4473885524013265,-0.6144300447731486,0.3700168506751086,-0.33463755863159494,-0.3041790388633832
sample_2785.png,0.15493271490857752,0.057690256228757265,0.15664617338072384,0.5197534984277515,-0.3556002611754887,-0.7426536337193346
sample_2786.png,0.19747027809317425,-0.37231028095102237,-0.19701156282287033,-0.11941191150904598,0.5188771160752681,0.7071664032497826
sample_2787.png,-0.2129080054271265,-0.10066370233007957,0.22041842039453394,-0.24224783449376558,-0.6244336038373911,-0.6688433159498205
sample_2788.png,0.0615673677479784,0.04779013885185353,-0.034001963427665316,0.5569272570447087,0.33689355310780655,-0.7543899472919983
sample_2789.png,-0.21335726629264978,-0.3155539067975974,-0.05070263776054823,-0.621290803524309,0.11640369310596119,-0.6728904584227917
sample_2790.png,0.22839079645014596,-0.1607848704382484,0.24466290081464348,0.5566887134454939,-0.3286861846312983,-0.6664750579390863
sample_2791.png,-0.002086069399030185,0.13005252968097836,0.2687642427866072,0.44669837559128844,0.7410574699454825,-0.40266879332708044
sample_2792.png,-0.06427625837118027,0.21570705158574946,-0.16532328998651744,-0.4074082592135794,0.011053079743622003,0.8694271562625357
sample_2793.png,0.01144246497203093,-0.08540547676324599,0.2667259066057834,0.4066509135009689,0.2744638990091225,-0.8250677959834981
sample_2794.png,0.5496400421966696,0.5953086760696089,-0.20040935803403098,-0.01577920045523289,0.4443089112986065,0.3250847606337785
sample_2795.png,-0.18700641039474875,0.33864948289477786,-0.12364531783976028,-0.2711229091950397,-0.10030864810692905,-0.8668837919855542
sample_2796.png,0.06619332001422357,0.22125159333917443,0.2096084512725536,-0.5604732632654659,0.6760385584439529,-0.36272863499739627
sample_2797.png,0.3091709355951404,-0.03263719765259598,-0.005576542953868123,-0.5252392441818163,0.48345567569699954,-0.6274642572202552
sample_2798.png,0.03458303353558404,-0.18334951827809984,-0.029980855671191166,-0.516717551550678,-0.19062403119840748,-0.8129905084815133
sample_2799.png,-0.09025620719088581,0.2656607582092303,0.005302959219243739,0.01576434482422482,0.07546989237051507,-0.9567161742191765
sample_2800.png,0.1043943844611235,0.09803218139390499,-0.11866333122088975,-0.500164932135086,-0.2826933967119376,-0.7970759072042444
sample_2801.png,0.3884759374937046,-0.09677498323557367,-0.42565558155288336,0.7049338483258674,0.09010724606554114,0.3917745884969896
sample_2802.png,0.14657809527081767,0.10242996215869342,-0.2588044786502095,-0.5445260338778921,0.4791031554588171,0.6123681666515317
sample_2803.png,-0.06410069778214192,0.008513157556114849,-0.16828515064046026,0.12518759879900976,-0.17119010049491848,0.9604794372424965
sample_2804.png,-0.3275208404916158,-0.30170483269303516,0.12598290986487737,0.7604580070184324,0.3407648870244909,0.30234998053257983
sample_2805.png,0.2698802455464665,0.1619726245555304,-0.3554139011769186,0.16259718397293474,-0.6430385740750466,-0.5785101803980447
sample_2806.png,-0.044616957882792026,0.2987924999284516,0.2871127461803187,-0.11903875161110138,0.3397182980059623,-0.8346974863094954
sample_2807.png,0.28397933211371357,0.20618408733584442,0.14231558414747553,-0.24724097279978433,-0.44629648488989204,-0.7721926472807414
sample_2808.png,0.23329852452409064,-0.08122058763964085,0.20019821842200372,0.27968472303114444,0.47228872026002766,-0.7730559542213918
sample_2809.png,-0.14588442408629052,0.22227550904799573,-0.1417975450740032,-0.835330678960487,-0.3720103527263745,0.2702512596626739
sample_2810.png,0.31538488118201335,-0.35421873700680995,0.06758098482712044,-0.5827174847544322,0.5366287250552559,-0.3781060935398199
sample_2811.png,-0.2675775687237597,-0.037040440798501946,-0.13692580926554185,0.6527842173217925,0.19957741936086432,0.6650738248609273
sample_2812.png,0.6304055720835984,0.3291719479345063,-0.2926889860690325,-0.43752926136130577,0.45114519151632804,0.11663602546881213
sample_2813.png,-0.28287414561616664,0.011103913072449928,-0.04871680651737131,0.6083781606056283,0.566474416302141,-0.47588690147178164
sample_2814.png,-0.3075209619676028,0.30106193251724733,0.19911815919332795,-0.29803776715160674,0.4676133309185376,-0.6838536331098316
sample_2815.png,-0.01577586234006932,-0.3129181643060609,-0.4270872136017661,0.5554450363019445,-0.6285343656349577,0.12591751052186703
sample_2816.png,-0.4131929889426707,-0.06971781579312351,0.21093831406458202,0.7217782691370443,-0.500778192179007,0.09040652713553302
sample_2817.png,0.0017969691067676223,0.28615541663857236,0.20412004056618124,-0.1627895214751588,-0.3001319542478272,-0.871703641845647
sample_2818.png,-0.4478513908785851,0.41301710258471036,0.3226854809929154,-0.7058857123218233,0.16228111538678097,-0.010501702040758764
sample_2819.png,-0.2569163661700245,-0.43702875544102354,0.20044612990316088,0.570303128176925,-0.49692245552031256,-0.36144655470730663
sample_2820.png,0.2881114204612929,-0.10920443835649916,-0.04717188258255512,0.5868364560067567,-0.4228077827711086,-0.6161960453185691
sample_2821.png,0.1774704100051263,0.29829745743039493,0.038071099130113216,0.3049776985903831,0.6378831726608128,0.6149529520807979
sample_2822.png,-0.469416968723459,0.535422329012484,0.3465509790796088,0.3585739351443033,0.2910763816144569,-0.39946505613089
sample_2823.png,0.19739178721542852,-0.17204867387981154,-0.22923697151867767,0.4057867905745272,-0.3528233486676627,-0.7679446023478542
sample_2824.png,-0.03702100156419341,0.16043286561998227,-0.11598098763119395,0.31074643678236347,-0.4570485114148817,-0.8086918212896325
sample_2825.png,0.4827084882670958,-0.07879962825000189,-0.11520075883817049,-0.7416991097784296,0.3358291950507763,0.29088331236270454
sample_2826.png,-0.25192344515379295,-0.09512119200321163,-0.21440788448607598,0.2566004163290046,-0.8878173154360262,0.165687767912079
sample_2827.png,-0.2564828102782237,0.2634413281819259,0.3066726647994613,-0.6265369593986327,-0.46860030951357845,0.3982867054442305
sample_2828.png,-0.13769766059988597,0.3856043596725616,-0.18921643601095436,0.6557381419895735,-0.48809617618078516,0.3582113682560932
sample_2829.png,-0.00835316741497654,-0.08785350911154406,-0.12191936662784834,0.043711639949078326,-0.26388051497794696,-0.9517373691937946
sample_2830.png,0.1366581478661957,-0.3612753575271984,0.07426776359249625,-0.2095102278814264,-0.5083840449305174,0.7368446873185037
sample_2831.png,-0.2540789735089744,-0.2496515951247278,0.2191703985183233,0.20665292269895646,0.41378637753601155,-0.7817657551921986
sample_2832.png,0.16688800161255646,0.4514852451333086,-0.3195523993637957,-0.007812987932267406,-0.2940728756585967,0.7613513206312699
sample_2833.png,-0.36010047754916225,-0.27116128742111434,-0.3382234692925277,-0.43632546990373,0.556583869521836,0.42689409411949564
sample_2834.png,-0.15935898499400292,0.33438802786157906,0.15255500514934386,-0.5513095737227258,-0.561496056228695,-0.4693572880969222
sample_2835.png,0.15822467394923198,0.18017304077878823,-0.24155317101149498,-0.20804777036532343,-0.4945524396079689,0.7721973214329999
sample_2836.png,-0.16620507588981265,0.21919344449341552,0.27603757054034733,-0.09831648692110175,-0.40525951737468413,0.8211162879071925
sample_2837.png,0.0750963499192138,0.31062633887066204,-0.2665414915823694,-0.6992343942871496,-0.04127055396927253,-0.5798236389753506
sample_2838.png,-0.20969818233380355,0.006601157397902679,0.2766625734823856,-0.7246563061852126,0.15423749381742693,-0.5749129941894976
sample_2839.png,0.13112982155207303,-0.2140747940416968,-0.10128079645363915,-0.44034557266903795,-0.4870832725376318,-0.7039636460572742
sample_2840.png,-0.13076762191511537,-0.38846985347187174,-0.18309254553642187,0.062078671848148186,0.7115780593344916,-0.5369087685506078
sample_2841.png,-0.03014243205038032,-0.0758253789025716,0.30036059311460994,-0.6232799027026461,-0.07972739065874235,-0.7129454157745443
sample_2842.png,-0.1036068062691575,0.225495355338361,-0.44656058798465187,-0.041973793727503095,0.453422797607912,0.7291413326124566
sample_2843.png,0.3773146304131588,-0.05748978499346638,-0.14308390873850052,0.07412575582536668,-0.06800188436098163,-0.907599419019411
sample_2844.png,-0.42784175752043757,0.32881591160364415,-0.2613066193725778,0.15985402281748198,-0.7512361112895735,0.22503638362218184
sample_2845.png,0.3098051411376392,-0.37828035006576227,0.00580088394883106,0.7399313727794639,-0.11381848463421448,0.44770304573064196
sample_2846.png,-0.13281512415519647,-0.3495145129336252,-0.2413243337689916,-0.8180348573784759,-0.355168597684953,0.08146504347045862
sample_2847.png,0.2611840305548317,-0.24378538350982965,-0.2899477032479059,-0.3429878581336623,0.7144600069672775,0.400235113362837
sample_2848.png,0.050595216039944185,0.0965371790271461,-0.1671400581284791,-0.550207984215615,0.5698716624317416,0.5768035719470136
sample_2849.png,0.09540559838839098,0.27569994392559477,-0.14871599271740737,0.4661903011981972,0.42657498910805214,0.702475087075586
sample_2850.png,-0.007914065513228574,0.35942884630668265,-0.48806644978472946,0.26091805273107044,0.6805640267151735,0.3182668501501288
sample_2851.png,0.2589955307124449,-0.43547307850889566,-0.3323491989428195,0.3946617705097409,-0.3135453327578342,-0.6154347521313093
sample_2852.png,0.419161563033171,-0.33774055265165853,-0.5173616399028134,0.08622358478839615,-0.6572970010259969,-0.05565952385425023
sample_2853.png,0.19488236909206705,0.43987585957782016,-0.19160750681557165,-0.294153552916345,-0.06523290865979256,0.800646619079936
sample_2854.png,0.11684584364251879,0.0818720621960289,-0.07145943004505931,0.44282141198524555,0.21252693987979754,-0.8563171497906575
sample_2855.png,-0.28995915503743735,0.44047848195366124,0.26879043549618403,-0.013713892872904117,0.7723114760789286,-0.23021948264776002
sample_2856.png,-0.11194364969929142,0.41184590304072594,0.2592681989829737,0.745267142146925,0.18193847811444663,-0.402624948872087
sample_2857.png,0.21611521064609765,-0.026545349717746594,-0.020801042690478038,0.47119131252560914,-0.3834150986948802,-0.7636284998950297
sample_2858.png,0.26211759956215963,0.26050783793291477,0.17362202666402557,0.11387626695430467,0.42620283032270007,-0.799167545313145
sample_2859.png,0.022327457120490297,-0.07800780370138663,-0.11120615526010688,0.379969657651825,0.5893747620376911,0.6995069030320241
sample_2860.png,0.5685678780171779,0.4139305629998994,-0.10090255919169212,0.6413153332540593,0.2544554444759472,0.13848393683016014
sample_2861.png,-0.36643575917271415,-0.3476126990318734,0.24405404243383932,-0.37277409431576836,0.651367853004511,0.3494098809741178
sample_2862.png,-0.18225621909722642,-0.05760634096238814,-0.21491819716337518,-0.3989083889083744,0.40590706510054664,0.7703154551022191
sample_2863.png,0.006886511794604474,-0.11154933302396619,0.3408248350965054,0.4299422203109577,-0.49520938072670556,0.664277886485022
sample_2864.png,0.09440066122983795,-0.3944359737697145,-0.21234690950406315,0.4100990171275173,0.7659801730547824,0.18844293146146332
sample_2865.png,0.37367688255832204,-0.44393015604426517,-0.4371428777498507,-0.26995472040018703,0.5601272608898271,-0.2925399271386795
sample_2866.png,-0.22238959391260932,0.3505767213364165,-0.30809872267077465,-0.46834767105026576,0.7161389858654329,0.022570334743899984
sample_2867.png,-0.04015206406152195,-0.06431563665693746,-0.3305273180556288,0.7875734754077169,-0.4407763527422394,0.26541897134422143
sample_2868.png,-0.3303046464355415,0.02750384785198626,0.07239862638611932,0.026177817085982737,-0.056185594369853084,-0.9386472812892758
sample_2869.png,-0.290462733722876,0.20862924878895212,0.32540889120763683,-0.7396217714895607,0.21685700329042523,-0.4149059720630061
sample_2870.png,0.59701438292867,0.40360367631966787,-0.6101451719012089,-0.23401727472094727,-0.0865471191915594,0.214816851143049
sample_2871.png,-0.24895897414289583,-0.27182487995494997,-0.03889356919040809,-0.36221654857773483,-0.4895915584663041,0.7012255214421348
sample_2872.png,-0.03584925978371231,-0.14686936538511913,-0.2696400397240803,0.28309038634445166,-0.2695146995718075,0.8669833498608818
sample_2873.png,-0.12525424377529878,0.17784817499158162,-0.031171969724854573,0.027662695457740468,-0.4211766405904683,0.8795195973216596
sample_2874.png,-0.01664989494846109,-0.07634554217223097,-0.11430420423090724,-0.007871369728767811,0.6821876546108131,0.7179044041646236
sample_2875.png,-0.035795153176304585,-0.14811653875306224,-0.18935095567462382,0.03577843114510939,-0.4462696802557179,-0.8605171061003134
sample_2876.png,0.23130236599449458,0.07979163282651273,-0.0018219359968157148,0.5811026429893407,0.22670178072928635,-0.7423309317887978
sample_2877.png,0.4220020715235983,0.24368023533435496,-0.10045966737525121,-0.2333143206708342,0.8296039241584364,-0.09881197578668974
sample_2878.png,-0.41530225353862216,0.24606813422123536,-0.11575459988677786,-0.3749634959227287,0.2752340325594102,0.7329556522588289
sample_2879.png,0.4503968642736288,-0.28566158831187094,-0.1903039750009618,-0.27659996261813935,-0.2134111162474619,0.7465069824563673
sample_2880.png,0.17166703928269,-0.23647497443843918,0.0826704102954149,0.31361408144863084,0.4354121867266727,0.7872979441843293
sample_2881.png,0.03085595886524321,-0.2640539596669253,-0.16160601869003305,0.48671232192040176,0.6116162441132786,0.5405955942638623
sample_2882.png,0.16655058410239015,-0.07968948311390801,-0.23644630507759812,0.49075214300535386,0.3328909799546317,-0.7472279194675743
sample_2883.png,-0.17392250631044417,0.11245040534337,-0.2874255304524034,-0.0341881851739951,0.1556826808467025,0.921458899495714
sample_2884.png,-0.14255970017797662,-0.0020120206854292336,-0.007428916158386344,-0.5974307843996038,0.45850062223582033,-0.6422391549288149
sample_2885.png,0.20236837346721823,-0.138407977006721,-0.21684250202272726,0.7941878706855243,0.3593446208900601,-0.3647007980948698
sample_2886.png,-0.3792239499348628,-0.13024354364802213,0.489253950765697,0.0739235164782939,0.7658354528364498,0.08881306032468726
sample_2887.png,0.10109564034978542,-0.0685173331265282,-0.27820881877106557,-0.659982047049818,0.4418497615348456,-0.526191396285644
sample_2888.png,0.06032624051864995,0.007282702671019635,-0.37663625881920015,0.2891071527520822,-0.4687745484695373,-0.7423747789520692
sample_2889.png,0.07769104164294187,-0.2549037715440801,-0.41945380762988743,-0.8180958819524659,0.03376559802750978,0.2874468383685741
sample_2890.png,-0.4177516383920111,-0.3505139857344802,0.23880184656007042,0.40280693868332607,0.6830321967407156,0.12965639540315554
sample_2891.png,0.18984857873010355,-0.07157561666282547,0.03952977773802267,0.7039426701748582,-0.6784944990090914,-0.03717225910502911
sample_2892.png,0.17548363537204567,-0.08907173423861596,-0.18512409401463328,0.37194164169263827,0.31772625931999143,-0.8292829607589367
sample_2893.png,0.18369981908846764,-0.1926357253256529,-0.1055203441292541,-0.7786441144468166,-0.5441270252966449,-0.12510169522882075
sample_2894.png,-0.2082604322797123,-0.2717314413481025,-0.39575984511305584,-0.3317765869205242,-0.16047403057289428,0.7683333540909818
sample_2895.png,0.10852349250984217,-0.10438965534519176,0.08929738629478738,0.07287753929954835,0.5910196034542217,-0.7840510958029172
sample_2896.png,-0.33359141015402466,-0.4113821415924031,0.20316644002342307,-0.09720603665570408,-0.016918478924123605,-0.8175999350581494
sample_2897.png,0.4006498243475697,-0.27078024279021845,-0.393831317528917,-0.05111649323026843,0.10122806255321476,-0.7734304462391765
sample_2898.png,0.31347028429142465,-0.20792748870729502,-0.11964928126930886,-0.5943512467626306,0.1675356252008626,0.6803418255245898
sample_2899.png,0.22233069850358872,0.2115636098911972,-0.3546776740625016,0.13710135503870416,0.06575343202175121,-0.8699961790825507
sample_2900.png,0.18741289576962425,0.22459201004848803,0.04292677664001382,0.5863635782514001,-0.5643199167005634,-0.5003128152308369
sample_2901.png,0.08014938241379002,-0.2949030479566038,0.22837474675602584,0.6156290207782937,0.12260793314593188,0.6785436222925951
sample_2902.png,-0.3102994162292089,-0.5126247814724217,0.30866284172449515,0.03212209929739292,0.7069164166136431,-0.211883709863637
sample_2903.png,-0.24851605977872357,-0.11289613510053596,0.0575513364868298,0.6446747734148982,-0.6532512808775199,0.2825584451654708
sample_2904.png,0.1187040925651574,-0.26970424352709543,0.13752464321166688,-0.5468112108380988,-0.4066620316914356,0.6556519073591027
sample_2905.png,0.13443871262372004,-0.13458848373163834,-0.14750096468156965,-0.46876341023890566,-0.39114384446661643,0.7545349535773467
sample_2906.png,-0.050103334306541875,-0.2207342677491046,0.15301504028637936,-0.18062351760312276,0.7556737454374871,0.5671726119303941
sample_2907.png,-0.1328754745109823,-0.35249452319601604,0.3556855303318518,0.692280792559922,-0.50157540758278,-0.02736672548220599
sample_2908.png,-0.05487768006217974,0.3175451427469084,0.10190658285112407,0.5616960481740544,-0.5946300345138883,-0.46549032475456237
sample_2909.png,-0.16297716509242208,-0.25387920521640756,0.1950961403085978,-0.4966827545534152,0.35135557882820145,-0.7076558396631386
sample_2910.png,-0.3407787864261912,-0.3325886398780792,0.15284588174612015,0.23873011932793886,-0.22947211176798654,-0.8001520054499653
sample_2911.png,-0.06719080901881926,-0.19412768645406017,-0.13997783864288765,-0.1569306690964277,0.4096974899178352,-0.8635547307937286
sample_2912.png,0.3491491469821135,-0.2696037392609149,-0.08441947850488944,-0.310897126600305,0.5286730871060727,0.6497151623816134
sample_2913.png,-0.2759090177258662,-0.26893908291451263,0.15056186308431632,0.5905320699563907,-0.5284362376167496,-0.44822329940522115
sample_2914.png,-0.3260250612921433,-0.1991481315613466,0.3358619543378488,-0.4329357628340362,-0.12895686175882395,0.7329264504696679
sample_2915.png,-0.3059474305336552,-0.2966379311728253,0.29683423046701246,0.12801006452158445,0.7695723861861103,-0.34880268485694466
sample_2916.png,-0.19319128512979733,0.27010381621812823,0.2172475404634489,0.5028518859381228,0.6551003447083183,0.4006345980421544
sample_2917.png,0.00657979676501306,-0.04769728286550377,-0.46100789337758996,0.22085179677822242,0.7969592106956241,0.3181727487899842
sample_2918.png,0.034063717093546504,0.2641468271809037,0.3570876311872465,0.6732981127188885,0.14274249839617048,0.5725807987366636
sample_2919.png,0.07206834815141394,0.352813676017015,-0.3356364404089016,0.665425903663655,-0.3854158206087359,-0.40784783318982093
sample_2920.png,-0.10101480071780472,-0.00520076820939053,-0.15313452441019507,0.48773772703809587,-0.6555326309938518,-0.5465415435313478
sample_2921.png,-0.18987245598387517,-0.013584837152469198,-0.3488493086261226,-0.9172216207463113,0.027016995783972254,0.00653015341222888
sample_2922.png,-0.1096182967242914,0.17007929873520858,-0.0799634317038413,0.3622633031166527,-0.4608004653709787,0.7804427852725987
sample_2923.png,0.25910844730741595,0.36176333197806376,0.4813514620564014,0.4279924081040715,-0.6198307865635332,0.05406633684228728
sample_2924.png,0.25811041121898326,-0.36613668541158106,-0.32804627349750043,-0.08644618599996882,-0.6929139151376446,0.4517808636886599
sample_2925.png,0.3222496464181993,0.2765677296784691,0.08297495787846217,0.7707354384536257,0.4506259011972154,-0.12523495410948565
sample_2926.png,0.13813475815462975,0.23023884036481235,-0.06547015987468613,-0.4073527259208661,-0.4065349835115715,0.7696853818340956
sample_2927.png,0.18200896178184697,-0.27313184120828704,-0.23768672547522526,-0.27041889927449214,-0.3296591138078192,0.8086873581803696
sample_2928.png,0.07233736556466684,0.3147983668496618,0.1674957336018955,0.7934340640032735,0.07693609508952663,-0.4818274549553366
sample_2929.png,0.2839325049815166,0.36102330018693385,0.05657179639156535,0.11151155566351414,0.7159934811430945,-0.510649242733389
sample_2930.png,-0.23309524306155377,-0.041427880334540854,0.2287458809448745,0.5749931443527967,0.5620223926689167,-0.4951155162482847
sample_2931.png,-0.24273663462375852,-0.24119780403572308,-0.2321033567421539,-0.06799900593762621,0.21340244682621856,0.8825339133477983
sample_2932.png,0.40740089957231,0.2945195011783882,-0.0098494467563418,-0.6583680820021639,-0.2805608791163884,-0.4847915227828669
sample_2933.png,-0.30354576521080673,-0.1916516138541071,0.1307877736447535,0.31771987835894755,-0.1868450660761867,0.8474474531045048
sample_2934.png,-0.05968030845746027,0.09350447671981708,0.330276939617595,-0.6020068660833837,0.39749179817229574,-0.5984983879233333
sample_2935.png,0.2629716376928326,-0.20928484840404754,-0.1668417323512575,0.20735031956604705,0.2997303295819774,-0.8522776430531387
sample_2936.png,0.06299677286296611,0.028181057507573264,0.1710274347766897,0.5430571601541546,-0.28581475818541136,-0.7677145927810877
sample_2937.png,-0.2798465061041658,0.11161640077863094,0.2535502587983997,0.6594872051279017,-0.6081201573833084,-0.20051553261148866
sample_2938.png,0.3040577462402286,-0.3477561308620169,-0.24091387950775267,0.35311636287931714,0.7683226281266421,-0.1164656019396652
sample_2939.png,0.34390195987140726,-0.1861032635996085,0.026865796384963194,-0.7267283383653889,-0.5212727089549539,-0.21567552335447357
sample_2940.png,-0.038927777182461654,0.04579064291289051,0.15135923194577316,-0.6332838084273323,-0.5829192971684988,0.48232244304241084
sample_2941.png,-0.11293444302650771,0.0576371048038077,-0.19783880002128376,0.14485192984554626,-0.524274644392679,0.8055666332471924
sample_2942.png,0.3875963038741955,0.15011981690766557,0.1544485426263423,-0.32802630245321635,0.8341314358775122,-0.0015119705887228433
sample_2943.png,0.3418842139955447,-0.1680030679253839,-0.4969456254741369,-0.05586766911463504,0.39676922759723376,0.6688708263110438
sample_2944.png,-0.4534726368681249,-0.335567815067976,-0.16221597916879013,-0.5895824070628389,0.5475662527835193,0.08947943506353322
sample_2945.png,-0.2355090853741576,-0.4902951028664721,-0.15047271004753213,-0.18816695051975393,0.6700213361409738,0.4440368838174316
sample_2946.png,0.035894991828884296,-0.3092544552993526,-0.22673189152426407,-0.45686258726925905,0.4815489511088844,0.6411342018988743
sample_2947.png,0.27704304081363773,-0.10868893532906593,-0.019282194100830524,0.5462196565852075,-0.6497726571636369,0.4364649431820042
sample_2948.png,0.10971724861735162,0.056257368175026516,0.14804602284237883,-0.40665361798024385,0.6535841396139084,0.6085558449568427
sample_2949.png,-0.019734500311694648,-0.19473502386955463,-0.14165688984440442,-0.21842712503966144,0.49460171029435696,0.805779675070293
sample_2950.png,-0.23248023278523475,-0.3336002213560508,0.11207272717505987,0.6140450157149816,-0.6243659509269979,-0.2349881177793363
sample_2951.png,-0.09475933795793912,-0.29180585383188107,-0.27802567126066347,-0.08796441399815767,0.5720595548200259,0.7025538166349621
sample_2952.png,0.2733765009353938,0.36221922808853524,-0.4306280416608433,0.6462568832295646,-0.29553789591856294,0.32191831608196997
sample_2953.png,-0.02010040146048627,-0.25180098533117695,0.2507927545650093,0.3429585924327303,-0.5980195988457947,-0.6309098154078331
sample_2954.png,0.23639035163520888,-0.14272611659146192,0.14049847271138843,0.0017866190061671958,0.1935621672086318,-0.9308810514132804
sample_2955.png,0.15730051186739372,0.0107029559321626,-0.18180962684938268,0.38417583949928313,0.7732382553628362,0.443394609883698
sample_2956.png,0.0013585524838965236,0.29714080985532587,0.2072797623848676,-0.03163109903754548,-0.4855640153294326,-0.794963932609636
sample_2957.png,0.08944029389603869,0.34846009821922513,-0.3050871810395314,0.6070585162129645,0.5696038718657161,0.2907390458660295
sample_2958.png,-0.24403492990476902,0.2892344734426261,0.08402123190139825,0.6152973045975327,-0.5560812609601442,-0.40238496879543095
sample_2959.png,0.3055826015354632,0.16124379046772574,-0.17079613852466075,0.6530127843915309,0.4132836577696421,-0.5042016604308722
sample_2960.png,0.5436596712506284,-0.04674646587696134,0.03364522326403225,-0.06512277339239197,-0.5140724356447864,0.657727515032712
sample_2961.png,0.04900020810196572,0.28464668494623535,-0.08253033432156733,-0.5325475211223677,-0.18404222847717777,0.7696009252563492
sample_2962.png,0.02666749650317258,0.30854056712811373,-0.06613678110182473,-0.15617827443284973,0.7645488426979724,-0.539250315694273
sample_2963.png,-0.1848375060299725,-0.1822423914172004,-0.05436971302318891,-0.5911245850420104,-0.4871400425680466,0.5856048542546831
sample_2964.png,0.11786632971372867,-0.19763549940733263,0.34287386237319145,-0.8441466241806476,-0.340634006918014,0.029499193387504882
sample_2965.png,-0.07640788625146103,4.61297694038926e-05,0.0018335185920754016,0.4471605303006052,0.10731802983276789,-0.8846969942383072
sample_2966.png,-0.15684154104865175,-0.23348934340145164,0.19382863779391538,-0.33084081019614353,0.6401229506028214,0.603407725431731
sample_2967.png,0.21531456151879272,-0.33399953060415233,0.28876646254251653,0.25720951398621655,0.2216773953401311,-0.8021223607249999
sample_2968.png,-0.01126814964319579,0.02557443442685359,-0.14247035508301373,-0.4775270353548331,-0.14031883073653117,0.8551021759274396
sample_2969.png,-0.17677801166715854,-0.19786037192644945,0.00487618953736271,0.4995325186671813,0.5127342032502313,0.645869901914543
sample_2970.png,0.2359112157373774,0.027909580396519064,0.06249018341389568,0.471808670844633,-0.4890539019756736,-0.6912921160164416
sample_2971.png,-0.4226513946489499,0.1704196961071415,0.11018299256216825,0.1903595358157418,0.8154404437451098,-0.281074302914525
sample_2972.png,0.0738174673599909,-0.16281835960774113,-0.07767190299214288,-0.046643952923183116,-0.950906046265343,0.23581830209823293
sample_2973.png,-0.3813914700844843,0.19992763362683696,0.14539210304215477,0.5826509933958243,0.6469071281485594,-0.18830722683314913
sample_2974.png,-0.13299846039349966,-0.2228937373741777,-0.019490328444016894,-0.06770616409578795,-0.4779693385753112,0.8361884388071792
sample_2975.png,0.08554330087911378,0.1797085962612169,0.36625439124653625,-0.03297824390985615,-0.6243520955176306,-0.6598043507347638
sample_2976.png,-0.3653609655091601,0.20779127200621994,0.20526516443857915,-0.6987732844751873,0.05287364549402009,0.5386284795145782
sample_2977.png,-0.14080537233383542,0.10273844724120805,0.31128264517949744,-0.7790172881224091,0.040786456424991235,-0.5139944583058752
sample_2978.png,0.3442217955807338,-0.3996911159809986,-0.3551370336272471,0.7610795867832633,-0.12726687762429748,-0.014037771940674331
sample_2979.png,0.14874258746237243,-0.026450070294230344,-0.27341889682654313,-0.5527048550167819,-0.6390525450697762,-0.4342203716954155
sample_2980.png,-0.3782144961365414,0.25864653836519796,0.40378885808532833,0.19657334118871717,0.584321182415861,0.49692856478981273
sample_2981.png,-0.15562638460272027,-0.02976502587866444,-0.2202402699831714,0.08120938513290528,-0.5966687957524186,0.7508529010860666
sample_2982.png,0.014051540186956262,0.33390684681506255,-0.1465067323034652,-0.19116307867927748,0.5176774942481545,0.7498741484789097
sample_2983.png,0.16574173459346578,0.15742013412443087,0.45611036989803994,0.40997338579306947,0.6809942094198167,-0.3284518517769608
sample_2984.png,0.19962457385889815,-0.008447862043253948,0.22001572099349828,0.45638760622812996,0.46541309910714873,-0.6976910102008619
sample_2985.png,0.17296715195293144,-0.07305804056513304,-0.0739693915669276,0.3749012893572772,0.5111396217528664,0.7466315868471419
sample_2986.png,-0.30824365613207655,-0.14610890523806497,0.2192765561306028,-0.6498961255510165,-0.3044139272430513,-0.566147520607665
sample_2987.png,-0.2724609884011268,-0.2915939656280638,-0.11418631829593885,0.798550490301975,-0.3219684154599854,0.2938586524291238
sample_2988.png,0.2844645117021678,0.08432969818091615,-0.2268472708995364,-0.5057295515885806,0.23712788002081564,-0.7406191655898746
sample_2989.png,0.22887895167814545,-0.45160247289316285,-0.008781803459908831,0.034898864119907835,-0.8484338045666564,0.1501154903238622
sample_2990.png,-0.0920326236359189,-0.2322805287261964,0.013696517443519426,-0.4981219019253942,-0.5056079779916302,-0.6585007980137385
sample_2991.png,-0.1117709689126066,0.2506854877695195,0.025445025879335347,-0.174136936885708,0.5148359758471518,0.7928662135402599
sample_2992.png,0.3389746763204342,0.4473044315180291,-0.4152605251627452,-0.5861314507061586,0.030503183426459298,-0.4099915717344642
sample_2993.png,0.3623139091571193,0.00513620039772458,-0.07920549473722163,0.6161955868476399,-0.6590279957417349,0.22003145197520707
sample_2994.png,0.1958805825474987,0.047174513429752374,-0.0003293255677628238,-0.4962714655045727,-0.543281346402838,-0.6465023320799798
sample_2995.png,0.42774590485562636,-0.22281648722887168,-0.1921914682064699,-0.5594927725338149,-0.20557870033580436,-0.612498105219547
sample_2996.png,-0.05668803856961224,-0.009626577464991647,-0.14452584280573166,0.6697211146039895,0.07585048928425196,0.7221678530505655
sample_2997.png,-0.3254170418134082,-0.5535263604895065,-0.44722088731804227,0.4372461687772598,-0.20078364753855038,0.3952309576157183
sample_2998.png,0.275486122232743,-0.24397539313467181,0.21870783373465322,0.23574269182850163,0.3399045508368397,-0.8035176208614856
sample_2999.png,0.05960743081502945,0.42421971269924225,-0.3161125858955749,0.1606941340859127,0.7961712469502807,-0.2384243347215849
sample_3000.png,0.2676972764150139,-0.01472807733745335,0.2966055328147948,-0.6095662796413729,0.3843017522155655,-0.5664693494001234
sample_3001.png,0.17454128170417973,-0.17914964253160492,0.25721591902421753,-0.5016144495760023,-0.38140049563034245,-0.6886198686299148
sample_3002.png,-0.33497966134588275,-0.1400600394750352,0.21518093666587382,0.40835183069975917,0.8088960977005165,-0.028370086560986888
sample_3003.png,0.2266765497508699,0.12883622509728138,0.18137080570913616,0.29920494453981095,-0.5011573302616311,-0.7472893222976666
sample_3004.png,0.1410824998908556,-0.08536815888883523,-0.026271929001998037,0.0669568506676982,-0.23292436718748677,-0.9557095849356978
sample_3005.png,0.23206868235962072,0.37981435100334604,-0.04550173510044754,-0.06713967497327447,0.4944524773504207,-0.7421750394813477
sample_3006.png,-0.03515055296939726,-0.05173957642244289,-0.31394298089180017,-0.1095197036407148,0.3415163368747103,0.8768690242952318
sample_3007.png,0.3469798686733815,-0.4054346030504191,-0.017487197877375626,0.27731356593907597,-0.5192448622805289,0.6069628575428465
sample_3008.png,-0.1125166463018301,-0.4450058040216779,-0.4781415185826809,-0.0878000234086644,0.6357659552961609,0.3857244260806601
sample_3009.png,0.08962976191266757,0.7012516092080183,0.49859331859297557,0.44185809292270495,-0.23549869706491566,-0.03031795534867164
sample_3010.png,0.09840718838604909,-0.04896622810534127,0.24141977842720713,0.6034907530629431,-0.6398224072824243,-0.3950455954318338
sample_3011.png,0.16556803640686793,0.09820826212015482,0.5209110771099921,0.6086194769355417,0.36832527371893115,-0.43071201208046533
sample_3012.png,-0.08316953604359681,-0.10935777257227797,-0.03860485204762338,-0.5992413617860995,-0.6473474652631495,-0.4488701602833727
sample_3013.png,-0.35736583940073324,-0.30236469091601825,0.32683964197130916,-0.5925849410039961,0.2205236437356969,-0.5236921893646672
sample_3014.png,-0.39758825862764285,0.19784874340386516,0.23815454972974473,-0.05298512636603951,0.841002694287463,0.18965470298195988
sample_3015.png,-0.5942462384155021,-0.3460613300070912,0.051414385398170497,0.5489675313409106,-0.2325666004288829,0.4111167119873584
sample_3016.png,-0.08197840733731447,0.009145767760496146,0.2228690604979971,-0.7225339812450154,0.6436803676033628,0.08453110577459601
sample_3017.png,-0.21904098919486195,0.07882719433708663,-0.4360807155706565,0.2371231599811244,-0.5778801980828551,0.6045395038019851
sample_3018.png,-0.15257061971567182,-0.32698154471023416,-0.7800106014104099,-0.4869838462243972,0.11589648237007573,0.1039397710050913
sample_3019.png,-0.12328673036323622,-0.2741708075189148,-0.3052155815358843,0.5520958796281895,-0.5525963851974189,-0.4542043306407397
sample_3020.png,-0.2512150093792917,-0.3236552560605172,0.26049615384012115,0.09530481976326928,0.840927303960853,0.21917643327805356
sample_3021.png,-0.37509356084760387,0.3615766053055742,0.1100559822017244,-0.4909190414261443,-0.5063330659616783,0.4680600185521703
sample_3022.png,0.20686138873527565,-0.15939060916357536,-0.09737046730295773,-0.2488918286917491,0.6376978383482691,0.6735846763656392
sample_3023.png,0.05095814395828459,-0.06938021797042801,-0.2071695172679381,0.3399910209739417,-0.34195895609329474,-0.8468415566316719
sample_3024.png,0.16834292384077146,-0.017567768072398827,-0.13108895811480195,-0.032822575130618356,-0.11501182354549051,0.9694651502682323
sample_3025.png,-0.11099497043426806,-0.7599208123913145,-0.45177860931217745,0.24716050947495716,-0.0810356165538799,-0.3720772433334076
sample_3026.png,0.1517302444839977,0.398691299201273,0.07890436243017741,0.05779880520229188,0.6859030493955319,0.5813721591086148
sample_3027.png,-0.189552676729292,0.45704769802572065,-0.007271893938554395,0.807662300814357,-0.07764621016574624,0.31108998364275975
sample_3028.png,-0.42471513319279014,0.2627466690077487,0.3365137664420564,0.12085230721121315,0.7889875191130576,0.015269023639160976
sample_3029.png,-0.10458822972245088,0.26607893397722915,0.05812604935836496,-0.9294399394882491,0.22377906488566457,0.030805754105876014
sample_3030.png,0.3264082825909115,-0.26268202767322796,-0.32061289210240296,-0.23515189529051725,0.1623198570815063,0.8000118805052729
sample_3031.png,-0.15858172209130947,-0.04366912873491216,0.03898995584424176,0.7127616674846148,-0.49153471360863815,-0.4709448573236342
sample_3032.png,0.12085201505115982,0.4229301540908184,-0.14682499732774051,0.25616206347394754,-0.5506877549935838,0.6450513848643344
sample_3033.png,0.17627966572647238,0.026904813244580075,-0.09512669012215083,0.44958402002890946,0.001192876645079838,-0.8700720138482773
sample_3034.png,-0.31663796680149997,0.16751554106005784,0.07411101500942308,-0.2491695133454208,-0.5575609554878637,-0.7023010988686462
sample_3035.png,0.3428139823011118,0.2547181618858651,-0.14823767929461906,-0.4130166731605641,0.3477433598250872,-0.7100102853977712
sample_3036.png,0.4268410600678302,-0.03600198873238459,-0.19716991790506158,0.3845243115098118,-0.06611347237135214,-0.7908252982484205
sample_3037.png,-0.12940230060162214,0.4420081343568455,0.12941539090287082,-0.21307115763167672,-0.4341095723466669,0.7329973201460812
sample_3038.png,-0.24047061659858593,0.03713711270260463,0.1279502900447368,0.4980874730429288,-0.12011464316966529,-0.8135753083668478
sample_3039.png,-0.003112904015160227,0.03723853871956049,-0.3766648813662019,0.54650715958907,0.610199070741624,-0.4309456889121347
sample_3040.png,-0.08018660971704221,0.345541225574175,0.2917450015779543,-0.27806593341062674,0.2768837286783307,0.7969133959061828
sample_3041.png,-0.04272553107166984,-0.16725894582931164,-0.3485633495353178,0.4124094138950631,0.6639652970439008,0.4876178063274208
sample_3042.png,-0.01795804751081214,-0.3419507426820667,0.39575334505548637,-0.5263480297647098,0.1316249520433834,-0.6570837933997161
sample_3043.png,-0.25241534471004967,0.4591454739791056,0.0018939647731216725,-0.178964361758642,-0.7940121117238046,-0.25096785458116727
sample_3044.png,-0.044120247093576835,-0.11678725666103845,-0.06284669976694751,-0.21349201239449225,0.5508069352470053,0.7946680524180805
sample_3045.png,0.11550258418105853,0.6646695097484354,-0.4690776234797287,0.3115100609113274,-0.06265077237129638,0.47315551532364386
sample_3046.png,0.11446191295140244,0.05052935552197297,-0.38597123697727803,0.6567595473738901,-0.12775947295747156,-0.6226683490776944
sample_3047.png,0.34034440039540687,-0.4456499227827148,-0.20238002937269853,0.4067934676455513,-0.03615440909150943,0.6912424267494787
sample_3048.png,-0.16829131782842582,-0.17786542781459888,-0.14602047923395986,0.01477562464161605,0.44748068108723216,0.8475037832047377
sample_3049.png,0.16072795129206408,-0.18267455060438326,0.10681315912942774,0.3138467874859504,0.48255292918049203,-0.773324219067145
sample_3050.png,0.2051855198985239,-0.3850784300647504,0.18897099366368986,0.7209632772090908,-0.3766423965618467,-0.3350461560810293
sample_3051.png,-0.4326867996274533,-0.30996674210052017,-0.04372125420196875,-0.6478200463755311,0.4967302755727766,0.2199532336523989
sample_3052.png,0.30884956524474727,0.2021782951973015,0.10631149691183922,0.47660240754425953,0.44865801056335997,-0.6511450555014229
sample_3053.png,0.5945676353506314,-0.5195656807453248,-0.1901777562569373,-0.3149165642629336,-0.4294554637807716,-0.23826206914226772
sample_3054.png,-0.3180445332569992,0.17662253520716545,0.20130509822632495,0.25306595291984035,-0.42963503752219473,0.7605917238285572
sample_3055.png,-0.10456684060214869,-0.054744530150088906,-0.05303449216848637,0.21345191111246492,0.3591782380459215,0.8992693867035757
sample_3056.png,-0.22833596777086668,-0.39185675646349877,-0.41450478394576507,-0.6958873671865249,0.3563719012861324,-0.10600279470861283
sample_3057.png,-0.007477029605394921,0.07741002656908381,0.045391735783315054,0.6197961533621617,-0.6930134848166983,0.35703838767997376
sample_3058.png,-0.013870471809474814,-0.24286591552544654,0.1000003679835557,0.5447371304446464,-0.130767703775692,-0.785483895350559
sample_3059.png,-0.19555652663727272,-0.07659374345717851,0.07367822577302569,-0.5202776689803381,-0.030276583256238835,-0.8239278111985505
sample_3060.png,-0.2600625719021869,0.13656133472626816,-0.28251065113622964,-0.1498646633005607,0.06550481440903347,0.8984185519739846
sample_3061.png,-0.19031120769403925,-0.1902180678318431,0.07559532462124625,0.41213129719568153,0.4050785170200281,0.7667745866370538
sample_3062.png,-0.08377031338231489,-0.5635848174363449,-0.4841516334629028,-0.03374150963518403,-0.07629783656484743,-0.6587807181675372
sample_3063.png,0.22295874865536994,0.1335395212614567,0.1189850497816658,-0.3158057317521567,-0.4667442419086597,-0.7750585158717648
sample_3064.png,-0.27307802670035053,0.30010383562699994,-0.2781491628181936,-0.2187646779659912,-0.6816787548143122,0.4954343683155101
sample_3065.png,-0.1531972021021004,-0.2074246345159108,0.2484846887735049,0.49817054877000566,0.27614224256609493,0.7398192778766467
sample_3066.png,-0.10994600065930932,0.06712656975803952,0.26409471952031993,-0.7600571052793073,0.16256038254323255,0.5563696598798891
sample_3067.png,-0.05042451949477898,0.2937717228131159,0.37941704713800645,0.37980895454752145,-0.7760984045186676,-0.14357810278488684
sample_3068.png,0.040929024633263124,-0.14847353153245774,-0.09322172769246258,0.4791759766420814,-0.4104633561817131,0.7546524706804013
sample_3069.png,0.10099178306708698,-0.3307710160630139,-0.35099738449075213,-0.242821989893537,0.7103388553051125,-0.44005479503601413
sample_3070.png,0.3399514811540045,-0.3424275054852403,-0.40712396888531155,-0.41520652078137055,0.6283855756744038,0.1848285186122626
sample_3071.png,-0.17598895267354472,-0.16106595170030852,-0.25523659303870955,-0.028425785632013287,0.5821638463106943,0.7336328510049671
sample_3072.png,-0.24426768700142687,-0.44088836786058216,0.15468558668589097,0.3679874139413312,0.41248015112777825,-0.6453437080736304
sample_3073.png,-0.3186755873419175,0.028907658903407584,-0.2279587499631191,0.5593820255106879,0.3596671216132533,0.6351191516323986
sample_3074.png,-0.14802140525103383,-0.1465705844428416,0.3585111137095651,0.7686767234146068,-0.47596406990646484,-0.10329960188199364
sample_3075.png,0.2440692379191796,-0.17683256138977163,-0.5075307317117699,0.5699049252393178,0.48834897511192366,-0.29714754482765016
sample_3076.png,-0.018308899349697136,0.11831454981999064,-0.24244549609554866,0.6992358701120794,-0.4132294651147666,0.5169112496725584
sample_3077.png,-0.07737215954081983,0.2831259592053485,0.2996880887191682,0.2743929657355922,-0.636847635789218,0.5858104461141017
sample_3078.png,-0.2901910850668493,0.16870662878067616,0.10455505506822156,0.6559255661388774,-0.4297084770296442,-0.5113782596739149
sample_3079.png,-0.37911892673988984,0.032898087996262045,-0.01914160000060785,-0.6739447102837055,0.5939528248950185,0.21872065202682722
sample_3080.png,-0.3933801929596224,-0.03232165590505847,-0.019767958496901997,0.08425822991900973,-0.901257501309428,-0.15637144620381146
sample_3081.png,-0.12979566052790667,-0.1995663283233868,-0.0882536086243051,-0.4495192834986259,0.42774044124339516,0.7419623955162568
sample_3082.png,-0.13009947482492457,-0.24857041568079846,0.2767312544715934,0.6510625166305113,-0.5183820225631299,0.3900055974203908
sample_3083.png,-0.10726184157905874,-0.30642787433195634,-0.11459457573574981,-0.618182940292347,0.2673762376855061,0.6540831279264612
sample_3084.png,-0.0780276723750147,0.3436746708237935,0.0012035793284887616,-0.6121506139229433,-0.6015603608624976,0.3730880760456435
sample_3085.png,0.33487809383408657,0.1715585135656584,0.13454849171708994,0.4634123930568593,-0.604099152693204,-0.510523466401413
sample_3086.png,0.12060808045983162,-0.26267753469223193,-0.2570151856410251,-0.46435079417444225,-0.15544267915626725,-0.7814175013985815
sample_3087.png,0.04778068100515145,0.3004437606219941,0.1553049590572597,0.49847307075709574,-0.225006328979647,0.7643478740516748
sample_3088.png,-0.2254097022531307,-0.01201744485401388,-0.02557638916309826,-0.43652650617101746,-0.5173799510569133,0.7001103421041458
sample_3089.png,0.08472332835920542,-0.13514403713557357,-0.37687451192712745,0.4136777072818077,-0.1244551010511556,0.8036823573020252
sample_3090.png,-0.23024243662073116,-0.2118737715541004,0.14385856523634422,-0.3777817292061429,0.2564144271750193,-0.8203263040577531
sample_3091.png,-0.2816009542853478,-0.009474299377845592,-0.05223641639087698,-0.669208330287801,0.04714157066790414,0.6839739614838386
sample_3092.png,-0.053189931256879645,0.2857301908412709,-0.25811737791993006,0.20618191962283883,0.29439157551267897,-0.8483673289078518
sample_3093.png,-0.32291872186984205,-0.005114057322018097,0.05639797610122237,-0.6063357405141699,-0.7193023768074638,0.08647354664640008
sample_3094.png,-0.0406261570160959,0.01652356779532664,-0.20839758642027187,-0.5328221233397389,-0.40957188788554133,-0.709223791606872
sample_3095.png,0.2930684199386337,-0.3884497447571258,-0.038143577330317556,0.5405688200955597,0.5292400688775264,0.4352620644809837
sample_3096.png,0.3187538721083716,-0.33304491337560266,-0.2854462217478188,0.5778622992316441,-0.5909394395847356,-0.15120598880483782
sample_3097.png,-0.38930467643081995,0.2588359142154036,-0.18484886319559762,0.2660734111175445,-0.22586937329883383,0.7908632639707905
sample_3098.png,0.21230980613690376,-0.44443525473058004,0.26899165496766847,0.2200839618679631,0.7620979087689151,0.23625233820425326
sample_3099.png,-0.41017896015826355,-0.12904998059856146,-0.011500799548853356,-0.4202855657346826,-0.30100976407316093,0.7400812252235776
sample_3100.png,0.27624843933412874,-0.17252263538744755,0.32921769739119633,-0.4456199382851466,0.4084547453659869,-0.6481713040235704
sample_3101.png,0.10767104959501081,-0.14773521663174113,0.11799918365809958,0.4830657800338952,-0.506167687797199,-0.6805138995584037
sample_3102.png,-0.1512627366566138,0.05181250152816929,-0.2171377550243722,-0.8130349013172727,-0.27888559184166434,-0.43414665774442895
sample_3103.png,-0.2266262091759482,0.23491775505671345,-0.08342486387345953,0.47217960207384263,0.46798446808167055,0.6667319272249166
sample_3104.png,0.23472275840193454,0.2650263992699823,0.15968557135933598,-0.3687162218443317,0.6628853369595207,0.5232572316468463
sample_3105.png,-0.19979085575550362,-0.021573405553716583,-0.2762872992210823,-0.21493952768570748,-0.22653571056553443,0.8864344881011974
sample_3106.png,-0.22920972304233772,0.05838113593894426,0.2834511347243223,-0.5814080194635642,0.2658476015633114,0.6745367059688584
sample_3107.png,-0.2063105447381588,-0.3285254590795851,0.14017150842177917,0.659719485883783,0.09454809500272801,0.6210392803758451
sample_3108.png,0.14800949800181012,-0.45814624923481884,0.19832450158172235,-0.748134959934362,0.25346191603651835,0.3239038958221838
sample_3109.png,-0.24643184361469822,0.42442193440635345,0.39085459751650914,-0.33039481947673327,-0.5590565092820573,-0.4297268136152728
sample_3110.png,0.019962323814453148,-0.08214370462676657,0.3046842361835082,0.4424063330637254,-0.32061871923792684,-0.7755654111541651
sample_3111.png,0.286586332973514,-0.08139387889860618,0.2625583406474292,-0.5017268804202171,0.691842379624002,-0.33456043879558967
sample_3112.png,-0.5414910053223895,0.26985779940375143,0.13273594225709864,-0.20097549426754585,0.7436024318551288,0.15168949512766908
sample_3113.png,-0.023943680748316418,0.09041447373568447,0.00011987184124484411,-0.5645086860270098,0.06640774265730277,0.8174178024959353
sample_3114.png,-0.2863228799490238,-0.20747916780121417,0.12907791781050643,0.8307390608388645,-0.3769846989465148,-0.16144858016310887
sample_3115.png,0.05499533367457014,-0.33845392863012,0.20788986636237555,0.017371322680731407,0.8803739215921377,0.2526781554893427
sample_3116.png,0.1599683124601832,0.11854688228243533,0.047772736413539386,-0.4674812469962534,0.41139472703704816,0.7551756111251599
sample_3117.png,0.3359710973363906,-0.2752925150684662,-0.2767329637646654,0.4073157757034705,0.7541934660852359,-0.0065110863381490575
sample_3118.png,0.1761082350892526,-0.17890059619701215,-0.2349230641994907,-0.48415995112919274,0.1855439542098684,-0.7829139179373223
sample_3119.png,-0.30428654097052654,-0.05923720579494236,0.15332147710666047,0.5996517304908207,-0.10476524364936284,-0.7140274679128846
sample_3120.png,0.031264320061403214,0.07180930200326853,-0.23217389315664597,0.4588299707108577,-0.4647015742730722,-0.716581296587477
sample_3121.png,0.30210260692704743,-0.1229252203419812,-0.214975430442842,0.21994755713402647,0.5428982764909939,-0.7101362565673962
sample_3122.png,0.3901521338021965,0.2965874639097277,-0.34664517834672504,-0.5695956822970166,-0.4415187108615054,0.34680873076949303
sample_3123.png,0.19031904358863716,0.17108949275768506,-0.23737100892516408,0.4947782369543159,-0.46459862621834197,0.6461460082594973
sample_3124.png,-0.11492969087477962,0.07891394032284718,0.0557158303617963,-0.3931106001389969,0.3122370609803655,0.8517227108830352
sample_3125.png,-0.3780973850875106,-0.029935486291968405,-0.06999918887174984,-0.23119875050586705,0.8004411687908404,0.3963425547137557
sample_3126.png,-0.31324810219813554,0.395415564560378,0.36587434622955484,-0.36174460031486244,0.692984478066865,-0.023905602799236623
sample_3127.png,0.08541100509051315,0.5344508902172882,0.35178342783516675,0.4386289494941646,0.28279992426135386,0.5576239535379867
sample_3128.png,-0.2010200960696953,0.10749500723159974,0.15718799002778727,0.720862233327529,-0.37075016422661383,0.5159744533166531
sample_3129.png,-0.24339789950634289,-0.026622910169127115,-0.03519303046790856,0.6311837506751666,0.7255837628463856,0.11809068444979438
sample_3130.png,0.24528157028530037,-0.03995184452598496,0.32359022595493236,-0.1880934307325378,0.6881316202874086,-0.5697595120221112
sample_3131.png,-0.13422098604113789,0.3222397044358312,-0.4447021970106114,0.7480740250815962,-0.11527219252025568,-0.3278472668712987
sample_3132.png,0.4040557288145486,-0.13380838921425242,0.04226064095803923,-0.8538834402127099,-0.14429880935755995,0.2590545219878336
sample_3133.png,-0.24570650332704447,0.10035129178670929,-0.07077645064261133,-0.6950006219278136,-0.3208864834985843,0.5818544721163832
sample_3134.png,-0.2966624284154041,0.17860015917048067,0.037630423057795556,-0.35292029096846994,-0.05040004007327786,0.8669396992610201
sample_3135.png,-0.2392080158811831,0.26059903810451324,0.1887763292666038,-0.6324751149444415,-0.15046339342873538,-0.645420142387687
sample_3136.png,0.013562385553889542,-0.005845159264601517,-0.31263421325705953,-0.536489120530581,0.5793500177988047,0.5278017856556066
sample_3137.png,-0.24793443884832347,-0.10807685092603919,-0.17820424837680574,0.6899907951371537,0.2500364308861701,0.5970641841904765
sample_3138.png,0.4152552408922136,0.2624033453504461,-0.1270593505441187,-0.7698596041798885,-0.03860325475136771,0.3852135372417971
sample_3139.png,0.1792639040024802,0.042661564483725635,0.20923046225314262,0.5785622499992938,-0.3773168884865621,-0.6672066740085117
sample_3140.png,0.6634212003179791,-0.2730607305817791,-0.2281119412430925,0.5887528139810886,-0.27441331979856964,-0.10650138305009128
sample_3141.png,0.012241019639737168,0.07497596161594185,0.2089061501382366,0.07839497677191376,0.4893787230680383,-0.8396128131928384
sample_3142.png,-0.0054008228304759055,0.4000970429753245,0.28253104754179037,-0.49249857442408446,-0.6421882603443795,-0.32420485338162014
sample_3143.png,0.486845579750873,0.023232086168881703,-0.5262177555836608,-0.04858635393129815,-0.047280596394888394,0.6934986926981037
sample_3144.png,0.26437516365807284,-0.3031842547649282,0.07536533685191125,0.6156005588687397,-0.09925098567540178,-0.6661008484212859
sample_3145.png,-0.10518865710899432,0.11868192341689868,-0.1344045661702518,0.42325109319267834,0.5389691408908709,0.6979657135854292
sample_3146.png,0.34568954734683277,-0.3406981730519064,0.12977262027395967,0.21026326535296688,-0.5880725326046642,-0.5979486720451094
sample_3147.png,-0.0950010223118322,-0.06988852180631508,0.051224803954695794,-0.6620312076354848,0.3956021269964886,0.6234421039453412
sample_3148.png,-0.1820826873749486,-0.05057481293012425,0.00626865504240194,-0.5610555518122851,0.2134263333946341,-0.7771194600662719
sample_3149.png,-0.13484378347247755,-0.39001062449473783,0.27044356223505017,0.420881043450883,0.7507404852884668,0.12576572465581462
sample_3150.png,0.022325998931236834,0.20024986865463312,0.010568801976453025,0.6175225493294025,0.4021841405314225,0.6451384800761957
sample_3151.png,0.09366078290998446,0.33826573981067454,0.054776067540205774,-0.26674512681601603,0.25249858321540747,-0.8595900373049796
sample_3152.png,0.39310984125579856,-0.166799975798368,-0.08091605878607278,-0.021322039350763527,0.6460082026916466,0.6271473390719811
sample_3153.png,-0.1665487580002382,0.2642932270386371,-0.33342854763468105,-0.8006917528857863,-0.01927526588579601,-0.3869847360788633
sample_3154.png,0.26363796169181364,-0.27841745199304013,-0.34408121657201696,-0.7236684330741036,-0.40016514411951526,0.22529696044751515
sample_3155.png,0.02293076209399735,0.35215241063922265,0.021192256020823943,-0.7537298359470018,0.3575856184526147,0.4231283587691651
sample_3156.png,0.04933113746718347,0.2725038467129547,0.01654025058802805,-0.5482359336454594,-0.7803850530079235,-0.11606482074700121
sample_3157.png,0.4923742571671761,0.2555431243353094,-0.1046552914248174,-0.7420585805591777,-0.1854704636657577,-0.3102617323920464
sample_3158.png,0.17663391733069592,0.195704641411035,-0.2352154855235198,0.07170008139621299,0.5909252106965729,-0.7216926781113365
sample_3159.png,-0.4405987701321005,-0.24278032351730358,-0.009706588805264217,0.3460630696392101,-0.020165468349810506,0.7916248645177837
sample_3160.png,-0.14842996988163923,0.013832529866413411,0.28208515556693103,0.6602944652364655,-0.6398060763212975,-0.22992297416232005
sample_3161.png,-0.38946012729043955,0.17431009367192446,0.5443831826514403,-0.5719459260939901,-0.3802823027238105,-0.22326436975221184
sample_3162.png,0.23397435213079906,-0.17297798722376898,-0.17758291197575835,0.1694572577226996,0.0355922967395344,0.9240218363616219
sample_3163.png,-0.04506545516395869,0.3173139915990222,0.17881234369922427,0.3432976397893396,0.6421162392827566,-0.5789132465159093
sample_3164.png,0.050063407660659594,0.17905335427810182,-0.27967487143868097,-0.1795219525403604,-0.1410954270833766,0.9138268254068582
sample_3165.png,-0.2355151387666159,-0.0010228360160187205,0.2839882389718223,-0.49513353845013947,0.5652837144001582,0.5469729012297718
sample_3166.png,-0.09636013442919886,-0.293872028852873,-0.14969805303188607,0.6340229399655309,0.2484606805337601,-0.6467044532824178
sample_3167.png,0.3417837706500804,-0.1083539062260419,0.20733556499970748,0.4866652044832483,0.6985534454630293,-0.32192438737851503
sample_3168.png,0.16267961335005507,0.45463994554112885,0.025359293212952237,0.1879519779892139,0.8468042222004478,0.11743693115801328
sample_3169.png,0.013259089702448889,-0.26192318351713967,0.3079160826102206,0.23645931478057947,0.5339807112884243,0.7038179601089278
sample_3170.png,-0.42951632808160883,-0.4785322490104273,0.16530619471461702,-0.4549960653648354,-0.5928851277627779,0.025734769039575663
sample_3171.png,0.23314815060799782,-0.30590873450218303,-0.2080097464921813,-0.5572975156837301,0.4519441907429452,0.5421804670532209
sample_3172.png,0.07141112750892362,-0.03205323871604365,-0.04442045022985211,0.6595893858185566,-0.7040981455764779,0.24715887171687398
sample_3173.png,0.15128935435359234,-0.24581235847865096,-0.001903166517635255,0.579832004013322,-0.2531805324471848,0.7185949197895135
sample_3174.png,0.17218839429193028,-0.17953320089859723,0.14958682081412802,-0.3024999887194523,-0.5018841321046206,0.7565374045288941
sample_3175.png,-0.16478770322268052,-0.22308751299077867,-0.14122149278397808,0.1285542605885351,0.6159148084471606,0.7122192185065493
sample_3176.png,-0.20725280611127173,-0.043831541376432435,0.09736554799159614,-0.6232181785752938,-0.6183239839024778,-0.418233873841093
sample_3177.png,-0.10916861199789436,-0.34170401678109474,0.05998868464101229,0.7844685582937163,-0.34113203370432243,0.3687274785183374
sample_3178.png,-0.4039329416803594,-0.046502115202237224,0.1707833597409482,-0.2853627529237248,-0.8106378809842725,-0.2587336489517446
sample_3179.png,-0.3821453699609811,0.29577518334017694,-0.1732147551469343,0.13573474440570138,-0.7177864688164282,-0.45037458862819846
sample_3180.png,-0.3369925316679552,0.15811524782918027,0.2152105900161896,-0.3002176977000552,0.3209374771661997,0.7886624586517962
sample_3181.png,0.2317989808539508,-0.24606542504115536,0.270192048479162,-0.17902197009905843,-0.08631048523066899,-0.8793286816510182
sample_3182.png,0.13397913748114057,0.4136827127800459,-0.2909310948691702,-0.1778028202557674,0.6754170320194771,0.4883372726631396
sample_3183.png,0.297442777968749,-0.10245765422850843,-0.20277516043192184,0.5681983963323626,0.7324275476921522,-0.02475736300628109
sample_3184.png,0.11425527238372302,0.13079978405270226,-0.14837518842014794,0.5233888732221452,0.5467808826154577,0.6123044230438711
sample_3185.png,-0.21867729905667666,-0.2570421506434022,-0.12377765082075305,0.2972438829361991,0.5419769769621833,0.6990677330038423
sample_3186.png,-0.5052421598101113,0.45257672093195156,0.09044064044597751,-0.004998255006589146,-0.460050928817608,0.5657325538782111
sample_3187.png,0.1523338844368869,-0.3571648006183116,0.06810875605978328,-0.4000574159574365,0.4085749086053845,0.7194508309781845
sample_3188.png,-0.425286743327756,-0.10344117885829983,0.3596709528747506,0.4397410329330278,0.05743923192589776,0.6945476749043238
sample_3189.png,0.1585827847183257,-0.19046134804049564,-0.24649632072901936,0.6117069389598081,0.190251120693224,0.6836919416404064
sample_3190.png,0.3231200969257335,-0.07227831452515503,-0.2544080340168019,-0.37659301684789853,0.15642051745703273,0.812007464140377
sample_3191.png,0.03836373868955805,-0.13350076241898146,0.2150940849997852,-0.3971437624861558,-0.3830431042025996,-0.7937223172033098
sample_3192.png,-0.06802155453106254,-0.08438350236272123,-0.3563993287828186,-0.6421331087240711,0.34697878894519535,0.5731516394409252
sample_3193.png,-0.261669228020326,-0.18326187598269844,0.24764865304102907,-0.19256018069690795,0.13990617172454475,-0.8831541680187378
sample_3194.png,-0.03520152357068513,0.2864296702155759,-0.25335884782652845,-0.25485140951346863,-0.4899369427976087,0.7399599598205595
sample_3195.png,0.2939754734966372,-0.0047413965298305945,-0.2610043017823918,0.6571008747470681,0.1908439017519111,0.614190312658223
sample_3196.png,-0.12443367338644659,-0.14744023339738016,-0.33445684417970906,0.06524401315615573,0.6704630552210956,0.6301894700925306
sample_3197.png,0.16792976375863863,0.06622031880493498,0.0062413473153812155,-0.28507562682273685,0.2236339703499124,-0.9143824384261694
sample_3198.png,-0.05011314653236211,-0.15906493568897634,-0.2819273072892635,0.6110698600478427,-0.4737729495741986,0.5429887941536056
sample_3199.png,-0.1956482603285083,0.12680046097758496,0.36706911788547736,-0.0005465441017024464,0.28528562909103833,0.8541167807418099
sample_3200.png,0.15688628064096188,-0.2986914917027214,0.14459340674728421,-0.5471226227464202,0.7210235807209704,-0.2145802091984521
sample_3201.png,-0.3305684088570049,0.09910256523080829,0.4519710371622174,0.6523117212108565,0.19408493982764347,0.4620019964242153
sample_3202.png,-0.210285785610052,0.2521528810201316,0.20708140192789581,-0.30971173479879616,0.535502283933745,0.6831047146439927
sample_3203.png,-0.07822610644215312,0.17484230513664334,0.0771489691563823,0.0016201337476043018,-0.5380067553977347,0.8172545426466317
sample_3204.png,-0.18933159619872048,-0.20421942974626464,0.17934141119187297,0.4189314019038495,-0.5524227251295382,0.6400080020484064
sample_3205.png,-0.26596770647475126,-0.3708543645072851,-0.2734648602388528,-0.7977448831076737,0.25777007553290215,-0.11875554424231806
sample_3206.png,0.18049191873711515,-0.3349128342899885,0.014715194583644689,-0.5174839973631249,-0.5058328408903662,0.5756587298883511
sample_3207.png,0.07336984778543484,-0.008804390693192676,0.2349477720036849,0.40230756955393965,-0.4048578806616214,-0.7833119484067319
sample_3208.png,0.028112363094232085,0.3672378612546475,-0.08696497281677777,-0.6089806848735814,-0.535359234288172,-0.4464483816956149
sample_3209.png,0.06406569906796757,-0.21481605226949782,0.11805211968951658,0.1261251728936287,0.34475246666032233,0.8950148179897741
sample_3210.png,-0.059171674178390345,0.07898862388155509,-0.10952258460534478,0.31743829048454614,0.5044634310131563,0.78931229069252
sample_3211.png,-0.1654522418696314,0.01998633019133691,-0.07075044875054481,0.09666421509025448,0.46989402829990584,0.8585313669030763
sample_3212.png,0.15954191770148102,-0.06251042572112546,0.05457467257549078,0.5899896039813894,0.6872525618859572,-0.38374029194319326
sample_3213.png,-0.293584978952075,-0.19841413819833983,0.2019693913223369,-0.38355269481750265,-0.16352786684789775,0.812277059831196
sample_3214.png,-0.28707742765740035,-0.18070595534936074,0.18489820791047057,0.5701765908292143,0.6500972744878312,-0.3209622250612201
sample_3215.png,-0.17670579660434935,0.22305361309376157,0.22606556867729358,0.3123090049242338,0.1737284936828703,-0.8603476051671024
sample_3216.png,-0.06429114618590405,-0.35093723427545415,0.08031706551600758,-0.44963086512362865,0.5223225516279575,0.6255158769344963
sample_3217.png,-0.14788317371392845,0.4487148002983382,0.15177949686925302,0.07505300329358683,-0.21577728021511336,0.8375892736271259
sample_3218.png,-0.20917187687635008,0.27980903293914583,-0.2534132726697499,-0.5506210235783294,0.05352170930020602,0.7125220412532015
sample_3219.png,-0.25059885302780777,-0.24192692701737817,0.13420947292629595,-0.27401570948516735,-0.08297729222773624,0.8824338808952285
sample_3220.png,-0.06579160535784172,-0.10891089032681704,0.2492337564096361,-0.31801568523138146,0.5246365229195178,-0.7384544400735454
sample_3221.png,0.506076011940049,0.16190450121869068,0.11120784802196264,0.11771888846417056,0.008474665482847225,-0.8314909864250006
sample_3222.png,0.22887892353563008,-0.24034363400965053,0.3073226760824365,-0.6764016417379802,-0.25500263842984955,-0.5223567958452504
sample_3223.png,-0.013737584079701343,0.1729470267645457,-0.22089286539601963,-0.6560545041987356,-0.38547549761689903,0.5849000555579115
sample_3224.png,0.45258646645450157,0.3286364156431226,-0.33697753128394475,0.6264297354533401,-0.048035617796605916,0.4229516592567097
sample_3225.png,-0.08605549351442819,0.013540243744265868,-0.09261410970020839,-0.09575597002263776,-0.5648015073657695,0.8097306910338462
sample_3226.png,-0.21313951674049306,0.2534232330628498,-0.09956541195069102,0.47139746432241386,-0.5788307913527357,-0.5684842000469803
sample_3227.png,0.21615997383525876,-0.10140763476508687,0.14869628890790815,-0.3179197665295068,0.4711752937444794,-0.7731763289202109
sample_3228.png,-0.34505086986572076,-0.3007523999630531,0.29647607142218263,0.6100552299909208,-0.4193495369437717,0.39315189484626817
sample_3229.png,0.0563833722269116,0.2534714897354539,0.1576071136153266,-0.38659888377023166,0.08727113499317059,-0.866405314520907
sample_3230.png,0.22330967215488423,-0.09643880272764375,0.10614149880016199,0.49482633540736315,-0.4465093762243418,-0.6966653462129869
sample_3231.png,-0.340908470248005,0.0012886142924401736,0.2521380848403257,-0.09669390853171207,0.29193929266323626,0.8518379411669648
sample_3232.png,0.26509012680853683,-0.17768384553627142,0.3461670748019014,0.6536916068134757,0.3344249943129396,-0.48905136579665903
sample_3233.png,-0.22573180285117078,-0.12967268409631613,0.4528335879017826,-0.11849755350570897,-0.7265927246362308,0.4303408325591191
sample_3234.png,-0.19116226184778481,-0.06535581171645366,-0.36745164083560433,0.4076418230275883,-0.002824992580387113,0.8111627843429515
sample_3235.png,0.36764882734860477,-0.10599985544305718,0.2680975460346303,0.3579513569411846,0.7352650987989037,-0.3361222050946044
sample_3236.png,-0.18134468964590744,0.2813758652966712,0.23307397456966925,-0.6917370399924427,0.24841121084506934,-0.5416733205291325
sample_3237.png,-0.27251384768214,-0.24630278703927674,-0.2474484212917883,0.591906993275165,-0.07648433963664268,0.6690565565187012
sample_3238.png,0.1390167390726696,0.3398661742699425,0.15022090073979186,0.2029878119108696,-0.5145453257489013,-0.7325558455102482
sample_3239.png,-0.1840265747555489,0.14589163388953102,-0.05556984077578089,0.6102136863786706,-0.34995157589047265,0.6685319702369257
sample_3240.png,0.20951391833057126,0.1220808925219219,0.2507787108021143,-0.2627266916571841,-0.768726655501126,-0.46727318190559086
sample_3241.png,-0.2471121787609929,-0.1689359751744165,0.03388615772379805,0.2713608769564569,0.5589556756121167,-0.7233116637197321
sample_3242.png,-0.03060982876144753,-0.36411966423241177,-0.4372815226734974,0.13837004891958324,0.8098981621015439,-0.013545295026376716
sample_3243.png,-0.108896144646505,-0.367598614823956,0.011644203866481698,-0.2548142212719482,0.8803144074147055,-0.11398928595538527
sample_3244.png,-0.418559796453551,0.0901690564375065,0.3858865964395886,-0.48707383325066306,0.19523725839824302,-0.6264265851940232
sample_3245.png,-0.05089499433106637,0.18685189262932794,0.11374118337295054,0.647150890614478,-0.5870737684390066,-0.43139208171396853
sample_3246.png,0.6157737539161463,0.5900479843312519,-0.4311967429399795,0.06054362999724168,0.2876470617831728,0.01814016997886737
sample_3247.png,0.3468048009151904,-0.4156156602305777,-0.42663438112826707,0.04593446637076398,-0.583157916013836,0.42753950421242903
sample_3248.png,0.1129188570529137,-0.007978902999652296,-0.33899004806595145,-0.29403432981086053,-0.47014676295412205,0.751516633427011
sample_3249.png,-0.21463909895433556,-0.01902515417390569,0.23465780705960404,-0.4948964692947303,0.5039889823796034,0.6321205617714785
sample_3250.png,-0.530336336695905,-0.34663456188556296,-0.12004998555797017,0.46085670529314604,0.5605997161858292,0.2398226570877259
sample_3251.png,-0.22047070826989082,0.20525888515170193,0.23298136463737396,0.48714916175748885,-0.5136585013170358,0.594829201381937
sample_3252.png,0.4598083879954131,-0.30599590148558353,-0.39596880620333424,0.7030633375770683,0.15281754546657256,0.14317891000268226
sample_3253.png,0.08723754048946872,0.29868938457587374,0.11283138184271155,0.221460454569971,-0.654576370663299,-0.642595039175859
sample_3254.png,-0.37487068671475104,-0.14085853805237364,0.0938875678085854,0.23961283015140342,-0.23414073878201802,0.8476908464647903
sample_3255.png,0.5304654148357274,0.15664849387669927,-0.056072739296240334,-0.697185239404393,0.3535067861502401,-0.28264683801434015
sample_3256.png,-0.05130325668388701,0.36211752479790393,0.32719197974010505,0.06470812196716802,0.10509787022118001,0.8625262773435205
sample_3257.png,-0.3028890485461419,-0.29611696361151163,0.3413632630737263,-0.278921370395132,-0.6034068279248616,-0.5120030858369191
sample_3258.png,0.6361435077478068,0.1492258709965509,-0.04277048874621364,-0.30595514750768155,0.4453632808806177,-0.5284569594818974
sample_3259.png,-0.11818298773546214,-0.29843112859372295,-0.23297376975120623,0.7128970774982406,0.3823900782725648,-0.4338783820810589
sample_3260.png,0.09863515223719886,0.2814859212712958,-0.2898774236112324,-0.16960997686605053,0.543793171964045,0.7088930131003474
sample_3261.png,0.17672473494035398,-0.15806054173145845,-0.3838342708994512,-0.7288586326475048,-0.0721606468992892,-0.5099160914750503
sample_3262.png,-0.1913594067625194,0.13826886810721656,-0.2806879407908616,0.5091261121960255,0.09125498870484618,0.7732662583916811
sample_3263.png,-0.2007862808952139,0.03570097753410244,0.1313076524991641,-0.24335727136654411,-0.38576802138906885,0.8562294564829743
sample_3264.png,0.28641310289446237,-0.23878841304534934,-0.07427617270814357,-0.42060654195414354,0.5336447562048479,0.6274903102789123
sample_3265.png,-0.3104411783830502,-0.24144638715029,-0.000649135658104862,-0.06370354013832381,-0.843239281969946,-0.3608585149830438
sample_3266.png,-0.42404608604486205,-0.25565037035570365,0.20563153654426197,0.8124002173172679,-0.2267189463949892,-0.03388041431081901
sample_3267.png,-0.04688696398441779,0.33925202563553464,-0.04074705862728275,0.7590253241035528,-0.5520199849177042,0.014277483836075924
sample_3268.png,0.43605774321113044,-0.14523308349623212,-0.33687534606472214,-0.11909327663176959,-0.09180165369497185,-0.807876998742719
sample_3269.png,0.23227295919105026,0.2863335110156184,0.06682975794673021,0.15849536695749417,0.4925151108214527,0.769353144281886
sample_3270.png,-0.1228069672862096,0.3003400053375922,-0.2788645625533978,-0.22577977955676926,-0.5609184334492312,-0.6718205771572036
sample_3271.png,0.0829248072527091,0.3914330123929866,0.33225689957569504,-0.06471803717604258,0.3956802540516783,0.7541602867117037
sample_3272.png,0.28343358307029315,0.32304027129694846,0.31354413491158056,-0.38362945049905617,0.7074996229989794,0.263198006711624
sample_3273.png,-0.08606907461566869,0.10791548606543648,-0.052840972397857705,-0.5458943974549298,0.44439376649674617,0.6947428884301491
sample_3274.png,0.26457309885695884,0.01813472136569354,-0.21158096044725466,-0.13602146467304793,-0.17474177380323191,-0.9142588134957905
sample_3275.png,0.21661343071105812,0.29424396129281744,0.01904712626569018,0.08328784432613477,0.501726481559589,0.7794036133792661
sample_3276.png,0.06099960101418755,-0.22988787565497068,0.10657619087111324,-0.5420128669605883,0.06927192738663,0.7959243563101105
sample_3277.png,0.3245080412290291,-0.28888090565507096,-0.08439120749109821,0.6566607323556861,-0.06840711193976688,-0.606825862370708
sample_3278.png,-0.07625862990772271,-0.3169264358957387,-0.22996845639256386,0.4132695314786073,-0.5722442610601973,-0.5853217616786205
sample_3279.png,0.4712397360898086,0.17571289137487867,-0.20366975901030954,-0.3676185263402233,0.4980062436193144,0.5678231420143008
sample_3280.png,0.1160361179222911,0.17988668385206927,-0.09863384883006922,0.7832950450574998,0.575194385561449,-0.006932198940702698
sample_3281.png,-0.3131741525822484,0.027633847041552945,-0.062035505410271044,-0.34239801018324434,0.7180697459927592,-0.5142463993388928
sample_3282.png,-0.11942458989278483,-0.16377176343025232,-0.09493964057422653,0.13508643777445598,0.4114153647368759,0.8731506705416617
sample_3283.png,0.29330521133785015,-0.20862951192014775,0.10455373773236884,-0.15126535407642408,-0.2862598264143249,-0.8687280357635442
sample_3284.png,0.040226940091614614,-0.1974050796632393,-0.2858782868609022,0.39034473779722323,0.25528220369376253,-0.812495301565963
sample_3285.png,0.24309933835744646,-0.37209379019020006,-0.4055714203320759,-0.5678608265689791,-0.12406803332400443,-0.547815617482192
sample_3286.png,-0.38443019800274225,-0.20406189910236266,0.30281640025301526,-0.06350520737368918,-0.6129138547025742,0.5823899786965531
sample_3287.png,0.1135269331639874,0.3760889228739661,-0.05945800594852036,-0.04151313499115369,0.3868583781890635,-0.831114166594842
sample_3288.png,0.2629133188514801,0.35347470619339566,-0.25646813844923616,0.48599281427227065,0.7098988681549703,0.0033006484796465497
sample_3289.png,0.1776999600510324,0.3373563918374077,0.0206983884767939,-0.1833943531306214,-0.5547891400726718,0.7160729621316511
sample_3290.png,-0.3775144145271468,0.4476972458602392,0.24607533437617457,-0.18992339714752868,-0.6006769177167468,-0.44678106094964076
sample_3291.png,0.058001311522573235,-0.13903581096944595,0.0024146479902708903,0.20049159676500128,0.3608112566156979,0.898285821624072
sample_3292.png,0.18978734812859055,-0.13635898996326912,0.23125783529900903,0.16820804081341917,0.00288316533726731,-0.9293032574583389
sample_3293.png,-0.2396438776613984,0.35070807798274195,0.26389580726975864,0.24197036449997178,0.14845154528535937,0.8181357712804408
sample_3294.png,-0.3311572668054661,-0.5146462509089319,-0.32909220730461414,-0.2662811185551883,0.1076009203986666,0.6593093568189735
sample_3295.png,-0.10313164860330944,-0.3580086804809835,-0.09608938196565807,0.4327949171480641,0.7019366547311149,-0.41464921423509105
sample_3296.png,0.06259120195813128,0.03501367244121547,0.03235104345793649,-0.3743106021813811,0.48577291521579313,-0.7859554962618176
sample_3297.png,-0.027746215907154703,-0.1509585394525952,-0.12317849712274685,-0.43587827236977866,0.08353869840152173,0.8742426106413888
sample_3298.png,-0.19488935835545537,0.10094431408540275,0.18098604088961553,0.5110100212563345,0.4199819781962458,0.6939426003803899
sample_3299.png,0.15168425504387162,-0.2130832578343613,-0.40249224211896606,0.2376710095112858,-0.8398497745365707,-0.08804688799319461
sample_3300.png,0.28665526572542477,0.05192977548077197,0.05804728679338471,-0.14664106236896954,0.5513918800710037,0.7656539446547593
sample_3301.png,0.03529017527311527,0.32593147444264203,0.013439631125597394,-0.5399385110239825,-0.40079501146847807,-0.6634549094755673
sample_3302.png,0.07524313259004525,-0.1601753255100953,0.3451505864750972,0.8206353978843467,0.06549527521788283,0.4145133549296114
sample_3303.png,0.12494614177281768,0.16349607740616354,0.023584954691129117,0.5180764400650011,0.4207669560787916,0.7152993884820996
sample_3304.png,-0.20659039828435563,-0.31731005116536215,0.00414452947899805,0.5113940427678916,-0.6534045389412281,0.4100685347037217
sample_3305.png,0.13146714704969834,-0.2174083902872717,-0.05844609260765596,0.4220751622548841,-0.5162747386746784,0.6981024186694338
sample_3306.png,-0.07217523872321242,0.09399028496654914,-0.14076966545495348,0.5722047615186843,-0.5086349661269002,-0.6164516563878203
sample_3307.png,0.2745894477563795,-0.2000260535879994,0.18101831976449007,0.12898333134875606,0.48442318137929835,-0.774932295463955
sample_3308.png,-0.22118200474668515,-0.20177673321245,-0.0933585144192219,-0.4307683756371665,0.24470609944053065,0.8100656701424295
sample_3309.png,-0.15467329726864779,-0.08824402235377807,0.0187124497355193,0.6345934145416156,0.5832691957152837,0.47437037365947005
sample_3310.png,0.23177602406048564,-0.25022539916631764,-0.22292870527470812,-0.3113915079029482,-0.2533973781137222,0.8202408269638448
sample_3311.png,0.153367285304544,0.016155000344857357,-0.3238255812995692,0.6865090221451566,0.5919294923322883,-0.22288858938651065
sample_3312.png,0.3099198269878731,0.14989303887712593,-0.1077122830052609,0.31539765086635696,0.21974759317438516,-0.8497735927574064
sample_3313.png,-0.17759812863819258,-0.19885221148456675,0.15643596950912345,-0.4737053528380658,-0.27111640621090966,-0.7788091056937473
sample_3314.png,-0.029289077900706513,-0.22176524048835103,-0.04990947118298833,0.42235376529547847,-0.3902048577641552,0.7853845164192454
sample_3315.png,0.3818202756028717,0.2769638133754009,-0.49811893364435744,0.2748772151561993,0.6217086351762842,-0.25942771767744105
sample_3316.png,-0.3572102858934677,-0.08239112773619332,0.38154350173840956,-0.5173384392648586,0.24878448750568113,-0.6249034229694963
sample_3317.png,0.10519091983591203,-0.23297052018017142,0.02800785220625331,-0.724184687448764,0.10383980600961494,-0.6313865697640941
sample_3318.png,-0.25839803927164323,-0.22768228286598766,0.027205952057006523,-0.06379675611801164,-0.4879085616475615,-0.7990783922256948
sample_3319.png,-0.3794320549676981,0.3980878533306072,0.14349362220179004,0.019785297685473508,0.6661765472429747,0.48247726058328855
sample_3320.png,-0.3447057035333676,0.09109386397501769,0.3831330181400434,-0.15960359199030963,-0.42511913341019547,-0.7210335582626675
sample_3321.png,-0.03741252614417012,-0.13776187401389747,-0.22298894960194807,-0.19330324714213803,0.5335452006385735,-0.7796545843070253
sample_3322.png,0.18150528985360642,-0.30682552129188806,-0.05814145865024332,-0.6366256186155567,-0.681262947802567,0.011050687709755383
sample_3323.png,-0.2192084387557848,0.2248512108757118,0.23465915763145254,-0.2061694639805823,0.5375140723009083,-0.7175635493014733
sample_3324.png,-0.2892026584689771,-0.08596314153654684,0.016264951599621574,0.5688183518426103,0.32731809679710927,0.6913871260714074
sample_3325.png,0.14845963071616436,-0.20550420576744538,-0.06496108546218668,0.016435981036356493,0.5589624818073439,0.786637539972657
sample_3326.png,0.4268462853722565,0.032661668703877676,-0.3773725977033831,0.23261040047080295,-0.7767276381694943,0.13004600824491508
sample_3327.png,0.28313361879071763,-0.2759878369612303,-0.3364874703658156,-0.6403229202370954,-0.25547302161125607,0.505135964958546
sample_3328.png,0.24714789788400293,-0.25523705431368643,0.3104899287799611,0.5491433038681723,0.667960710695125,-0.17215715955898336
sample_3329.png,0.23168964849122867,0.07598057371320134,0.0005223471116606107,-0.3199394697931706,-0.5280494306289905,0.7478964639805316
sample_3330.png,-0.14955284528444523,-0.1128988676232226,-0.3417795235359003,0.11582160434246253,0.8951187793053405,0.18281760405045563
sample_3331.png,-0.20797226134673188,-0.07794748266267448,-0.0660392097123808,-0.7341219204933267,0.6179159311695052,-0.15986074907730205
sample_3332.png,0.06327961386693631,0.06452565448793646,0.19145596676121865,-0.5316760182531529,0.8113796003788877,-0.1189978944215038
sample_3333.png,-0.3177827959569171,-0.0569752531263669,-0.047465108584461936,-0.7711306687315137,0.4156115997362535,-0.3551611866440601
sample_3334.png,0.03144956574601895,-0.24530686604245908,-0.18684851196072708,0.6690959263796238,-0.470648081101851,0.48448335876706267
sample_3335.png,0.4421380581094089,-0.05972279684070526,-0.0054328835166220935,-0.8446938148640776,-0.28392331043621477,-0.08244708488947224
sample_3336.png,-0.25239568441505944,-0.2685107074245519,0.25997257139573005,-0.6271926528663365,-0.22781649747420615,-0.5927408373631639
sample_3337.png,0.05918988218522369,0.08116451602620489,-0.02800515817304449,0.058649042654641645,-0.15957953854409204,0.979907776770132
sample_3338.png,-0.03616600007394435,0.32688218193522334,-0.30194157990462656,0.722742362895399,0.3789747913854845,0.36700534909905724
sample_3339.png,0.09586733684816062,0.3584280247757825,0.17889715056504923,-0.5939620729188806,-0.6627023562342489,0.1958807220636054
sample_3340.png,0.5410921101073363,0.17051541272216836,-0.06564534725126926,0.48833468253770884,0.4744152395541117,0.45857816029293097
sample_3341.png,0.042285531235154904,-0.18616173272254385,0.2526535599263837,0.17338250266524102,0.24993780471510782,0.898438380367934
sample_3342.png,0.3628960486513657,-0.06868725906492726,-0.15131931086702827,-0.06008692426260437,0.9149152954429325,-0.0032477948414798307
sample_3343.png,0.1864269333089035,-0.04816671106806322,-0.18630201717829054,-0.2255913297091313,-0.5736094073703648,-0.7404710153770425
sample_3344.png,0.41053796037423895,-0.18533230912686144,-0.4245390124801797,-0.6705082237263976,-0.09211060932306248,0.39851160928287205
sample_3345.png,-0.3691223974241155,-0.36839335752002506,0.27149564585809055,0.5992124499409738,-0.5175458404046024,-0.16557731442055856
sample_3346.png,-0.14617130817125337,-0.2862297441546477,-0.1657426890462369,-0.6864525521306742,0.6182821340815714,0.12548282593731122
sample_3347.png,-0.27427354863919756,0.19071436595989913,0.019112973570540988,-0.24319941299346212,-0.5403659406042229,-0.7327314932014428
sample_3348.png,-0.24537905739367147,-0.22350398840535918,-0.13515546939064652,0.8646777622489074,0.32500272880902575,0.13518016937477637
sample_3349.png,0.24395220299114856,0.11716968883487205,0.19131568227552817,0.4192010946643846,-0.4857157655767851,-0.6917423896884541
sample_3350.png,-0.2785548318137261,0.23956296165742094,0.1278192416835066,0.413820188391351,0.6245527035529592,-0.5360651142305767
sample_3351.png,-0.3450003262367742,-0.34079074257926356,0.14459754099147126,0.8359559073314576,0.10957614433658673,0.18193071592774077
sample_3352.png,0.1774077105720543,-0.21025654010604355,-0.2666632875063167,-0.14337485475287354,0.5153496826038072,0.7530390018672931
sample_3353.png,-0.03747163094640287,-0.19503434724768223,0.21020972177776184,0.2716575772704896,0.27305739130843404,-0.8763624677616927
sample_3354.png,-0.17436448411034297,-0.07558731666521706,0.415814883987242,-0.7099105649293893,-0.1251902025762387,-0.5208991931991429
sample_3355.png,-0.23258011648027846,-0.16366291247763778,0.2927619204217917,-0.3211003000750444,-0.13777604522778805,0.8434001168492975
sample_3356.png,0.25459357767034146,-0.06722709648429513,-0.1831289470348315,0.42031197062922265,-0.3982100485305303,0.7495952381521064
sample_3357.png,-0.1120272672334328,0.31330143109630976,0.3574758406469457,0.6497598337508705,-0.06332469062854125,-0.5790554982243181
sample_3358.png,-0.18233999440044943,-0.21161030512917342,0.154753387277452,-0.34676424755556223,-0.11215781709168313,0.874756980545906
sample_3359.png,-0.19524273140917453,0.008656649259635564,-0.2935927869902878,0.6209906938793299,-0.4451135278410929,0.5402343187274213
sample_3360.png,-0.1105905179825136,0.3119900234709446,0.0819377386011158,0.06477711567379134,-0.6683397274512197,-0.657908886986114
sample_3361.png,0.3224980537737107,-0.28516354975576025,-0.49773673385145684,0.16853659428513504,0.5588485147823768,0.47562448726915446
sample_3362.png,0.236706982921909,0.039374903156499774,-0.20951329471535995,-0.17147881166041443,0.7892648118164041,0.4961649670773688
sample_3363.png,-0.0254974203628781,-0.03553373905150264,-0.02648084980384341,-0.4725836646723633,0.07648455210094773,-0.8764706456649198
sample_3364.png,0.2484488765587842,0.2596754099196785,-0.08799876926348194,0.08979872172987317,0.1700415160043083,0.9089115062746619
sample_3365.png,-0.04289098151946411,0.1317318474119574,-0.09991822714846625,-0.24087735097122362,-0.44052849403709526,0.8477830970806932
sample_3366.png,-0.0311571060843312,-0.1522840686695438,-0.24010338231283204,-0.5963667658510143,0.47530568932893486,-0.5801899217082153
sample_3367.png,-0.1586326527683632,0.23599397893355337,0.2676262385834457,-0.35034744013787816,0.39395832678191023,-0.7547000912630735
sample_3368.png,0.21009399122435218,-0.04512648798341236,-0.0271417863551023,0.23588340805783928,0.08769515650641252,0.943268792919332
sample_3369.png,0.1915035060941911,-0.3000957873440302,-0.21574761160748035,-0.3339934495034161,-0.03638117655813492,0.8448944782271461
sample_3370.png,0.028392946980866147,-0.1913230241390041,0.2612609087336366,0.4986122223962153,0.2010186560932136,0.7780163431081044
sample_3371.png,0.39120692979325244,-0.33453173965479654,-0.10762013145291542,-0.4466396786964886,-0.723845688465367,0.004896657566766565
sample_3372.png,0.4732255618006258,-0.04299041714410766,0.17075065190318622,0.05892596842104424,0.5514001201943233,-0.6614674929746908
sample_3373.png,0.11064664734840465,-0.04161314881407925,-0.3526076175536789,0.008737604547862847,0.8513793669345767,0.3698247708635783
sample_3374.png,-0.386633347692493,0.5010461340112923,0.5773324849320087,0.11064263352816897,0.005027913126245316,-0.5038725589097032
sample_3375.png,-0.0780058466831,-0.23042142792649514,-0.10933119786576061,-0.5717222126221457,0.5694301115914252,0.52702068480869
sample_3376.png,-0.2881040732260826,-0.28004845224291586,-0.004845272643735615,0.2132842822593479,0.23883255569050635,-0.8579127321606498
sample_3377.png,-0.2626436791178938,0.035234270375330175,0.3216151158134919,0.2098539231797019,-0.05601499326146102,-0.8827027884553302
sample_3378.png,-0.21423361261515148,0.31880289405798434,0.18935607903542825,0.20398146293364422,0.44663151345492536,0.7586335105087678
sample_3379.png,0.2617808050752418,0.1710426602475435,-0.08050461991099189,0.09445516960356562,0.11242834677453,-0.9349718243986266
sample_3380.png,-0.003404481659372211,-0.25639252257684886,-0.30771372165288857,-0.4022035505316431,-0.6861289259758481,-0.45499774752937955
sample_3381.png,0.08703599275624074,0.35729192978712604,0.06098265743765911,0.5990739357456191,-0.7060711775074806,0.06018504938289709
sample_3382.png,-0.365026221511196,0.16538393782921532,-0.08966406993535932,0.47433099172608784,0.7434250731033004,0.231718873313088
sample_3383.png,0.004152344776171035,0.27690774083280756,0.27565666132391603,-0.6602828171763669,0.5972603758166518,-0.2337197274268365
sample_3384.png,0.17731719217276157,0.309726961089504,-0.1608804316588397,0.474066931034323,0.6134945133576765,-0.49561107395136
sample_3385.png,0.32203846529772445,-0.2564535547523788,-0.021242419938733537,0.326116768856914,-0.5213797579449518,0.6722221074870203
sample_3386.png,0.17511573508016703,0.06851457943846737,0.41988492678624173,-0.4373460567465023,0.7709910949103598,-0.05136183609086411
sample_3387.png,-0.1929717799689261,0.14666493829906382,-0.22055060730227355,0.5389017118414674,-0.7740604013194449,-0.05499234229845411
sample_3388.png,-0.06336275937512836,0.07325129953773764,0.4918577528545826,0.24791614396866826,-0.8094841117660685,-0.17879713967300578
sample_3389.png,0.16001632071498104,-0.05825089901337212,-0.1835397020299808,0.6663529229457056,-0.5812955614127248,0.39418782326614277
sample_3390.png,-0.10833522852425731,-0.238406533944804,0.31354808621359026,0.37907514819723187,0.342848572235993,-0.7562210582890462
sample_3391.png,0.15285369928400133,0.0771249146700934,-0.24206066646229926,0.36027417680099355,0.5440008882623559,0.6973949232710894
sample_3392.png,0.11065663884659387,-0.1426384418036131,-0.21565368146511493,-0.4320715133250323,-0.0720815506949424,0.8538274593218371
sample_3393.png,-0.5864275476839744,-0.11227962926531042,0.32519018335544186,0.14652780655450956,0.6300506357795669,0.3454173693935298
sample_3394.png,0.32953375378996874,0.15798887252597132,-0.0380652619266257,0.6614105582397393,-0.23213242241326715,-0.6112680827747077
sample_3395.png,-0.04133610319037518,0.047461532594035426,0.33573612511517203,0.057844847404954186,0.4571635157265664,0.8191309280614014
sample_3396.png,0.41802370481633006,0.24854649264013315,-0.37498814182542456,0.3612228087015746,-0.5429187494281809,-0.4445469949187813
sample_3397.png,-0.2825452983959445,0.33918035751414155,-0.2175774753315081,0.3886525820791702,0.6433812068398047,0.43908390404095127
sample_3398.png,0.5249014665365406,0.5298837628044591,-0.2644350638015357,0.47203046614995847,-0.28196755122623773,0.2673149536744742
sample_3399.png,-0.37674220613213927,0.24928883917217873,0.143906654375227,-0.46487890805962845,-0.29608994226769036,-0.6866073161120617
sample_3400.png,0.18264938636443176,0.009700633300183186,0.05685220733663747,-0.32756049348196387,0.5843652372179463,-0.7173104756911678
sample_3401.png,-0.47707112157483633,-0.1790360701848543,0.05574638781612889,-0.0782010418938782,0.49918317137354545,0.6942206632200648
sample_3402.png,-0.2066982159376817,0.1195517801080958,-0.17488331228814508,0.5820268600982662,0.4966025430340343,0.5718651019782338
sample_3403.png,0.3492858849713655,-0.31014639573423297,-0.19274531740828807,0.5195838249897821,0.5859266835813488,0.362464338475335
sample_3404.png,0.07209767716303077,0.03595587214604377,-0.7655171588107031,0.5464636934580942,0.14165230005345703,-0.29800106945110955
sample_3405.png,-0.015071835861264715,-0.3761849337111673,0.498025678423137,0.46780041772826203,0.6092316950449607,0.1422240133366284
sample_3406.png,-0.11176625370340126,-0.26601036020216584,0.27806542965191083,-0.242829496668382,-0.6382137126934336,-0.6108547307736617
sample_3407.png,-0.05214424690445612,-0.07342481738354019,-0.32525948111579733,0.24764010409914555,0.0584070579579247,0.9062886063907608
sample_3408.png,-0.13959670641490649,0.28458286681925204,-0.263711042147154,0.06650929362566535,-0.2911253941298028,0.8606999224322552
sample_3409.png,0.28597028380281886,-0.0189675217745131,-0.28681730033920527,0.2692682368636561,-0.20073204903513617,-0.8501754684958232
sample_3410.png,-0.4741851092765751,-0.6008098519497318,0.3680133461937132,0.5031735475415061,0.1598704381517699,-7.087641803333293e-05
sample_3411.png,-0.2678158917407436,-0.1546888589947953,-0.15554919772942763,0.4421001241920869,-0.6176335463949728,0.5506602715619136
sample_3412.png,-0.08838656942447683,-0.26516628948114057,0.3394280328768336,0.7031997826163078,0.0355845248499815,-0.5575904151661124
sample_3413.png,0.2597238712851267,0.2041896299651963,-0.10976190150908605,-0.312361305719439,-0.5360889733006958,-0.7027385417572499
sample_3414.png,-0.27183317538329205,-0.29516463173177737,0.3635151822296,0.5654843314573677,0.43752643330197355,0.4423113928699205
sample_3415.png,-0.03208127364288728,-0.37418415008325573,-0.2532737186346542,0.1662121502390694,0.5065344912285946,-0.7145668390469778
sample_3416.png,0.026925309381223384,-0.10905052092263487,-0.2479877862449757,-0.3227966312079768,0.6832186271992579,-0.5957345984608302
sample_3417.png,0.1668030634959255,0.23230050716571748,-0.04090873558343485,-0.48284892013648767,0.45499263762987135,0.690201642824421
sample_3418.png,0.03913809261893081,-0.05347849325829529,-0.5220425703277211,-0.502742985817464,-0.31722005745943516,0.6080302135481218
sample_3419.png,-0.3096010758783997,0.22445083810515254,-0.18155156181622636,-0.4679403648202752,0.6112068552380806,0.4777719336385977
sample_3420.png,0.1633575827423854,-0.08119710545245998,0.3214553965193587,0.46716077243517784,0.7948622217711979,0.11551025657495273
sample_3421.png,-0.11520599889642452,0.054508388068293966,0.28574907959973267,-0.16719523093051938,0.22311172875830002,0.9079486704659862
sample_3422.png,-0.38201540403465506,-0.32549416169716544,0.3685130017489001,-0.4746402909828902,-0.5932063613437333,0.18745334448955436
sample_3423.png,-0.0832585622248262,-0.4609978776386106,0.48924697477154044,-0.12941574778291504,0.44377301347532544,0.5722791653054169
sample_3424.png,0.1257492052327289,-0.198958974855679,0.1761201069499286,-0.5002551698297308,-0.4256880706044114,-0.6943476098031739
sample_3425.png,0.049272472685072274,0.306609206064921,0.459868754305637,0.6102453135561267,-0.16611906720644246,0.5404524584071808
sample_3426.png,-0.20749100677881246,0.15151476314181997,0.22877913980473766,0.16535053972706595,0.4611437093278972,-0.8010346697899369
sample_3427.png,-0.2146950287068328,0.3437937197267734,-0.033477642536691596,-0.010376392809010242,-0.4197719190660422,0.8113415044302071
sample_3428.png,0.6815401450204579,-0.5649687004714778,-0.3086792608381751,0.3174909885899424,-0.024901557114891226,0.14003534110679114
sample_3429.png,-0.2653207062274337,-0.30039723217194797,0.25280493653797076,-0.5075112553012724,0.14753632541803477,0.7043588916433949
sample_3430.png,0.30333732083371995,-0.2992194381182667,0.06336147997986276,-0.6902613662451563,0.5638463350033532,0.14161948054214715
sample_3431.png,-0.07260425523401222,-0.20599264011998608,-0.23336737415066927,0.18224838239778846,0.42600090743703245,0.8265253033008417
sample_3432.png,-0.3104761051031666,-0.2440562244753544,-0.315215207476282,-0.7729818041531594,0.2544395967962235,0.2871239148186535
sample_3433.png,-0.22588551135243273,-0.20363181473848946,-0.16545214666566607,-0.5926438423691486,0.7158031005835117,-0.1285869520909695
sample_3434.png,-0.04396183247829563,-0.19175878836400886,-0.21960300228693153,0.12445209450568341,0.5448026655892216,-0.7750949474076777
sample_3435.png,0.36139010460998605,-0.34324165734090367,-0.18949785289833665,-0.2642848736083304,-0.8008504931548648,0.0668200112108042
sample_3436.png,-0.2892484705691697,-0.40021809712585293,0.07966055487595694,-0.07711532790223397,0.08761587134738219,0.8580161293902244
sample_3437.png,-0.1104142316859493,-0.0021691535026554746,0.09086838316974491,-0.13460249298892593,-0.18914674533680073,0.9621084173647279
sample_3438.png,-0.05853549867825423,-0.329930284297287,0.1701861385618937,0.5415716672190203,0.2885272694486763,-0.6944122876141327
sample_3439.png,0.028597199733175396,-0.07086802248416997,0.0260475497230902,-0.14437263897484698,0.5844093440782372,-0.7944203599980997
sample_3440.png,-0.22238029832442296,-0.08008270614296972,0.2022401273845622,-0.03536404063942706,-0.5037156998012027,0.8051413368923949
sample_3441.png,0.44150894053082873,-0.07029601974076811,-0.4649150197456906,0.40896147766597096,0.31743947938374323,0.5621076731095728
sample_3442.png,-0.04385390089428112,-0.45466665517126054,0.1795413826803269,0.1514057179743236,-0.44299201908735925,-0.7348158541747404
sample_3443.png,0.06912223263093123,0.13592933105873053,0.036093109044743305,-0.3459852155552935,-0.29328627815044134,-0.8773368857282501
sample_3444.png,-0.2880488154924798,-0.39663590878366134,-0.1501553744034298,0.11336003759359305,0.8401526708679996,-0.13584620276124776
sample_3445.png,-0.01958254965325322,0.3731077962049835,-0.06726142339626137,-0.08679896955799944,-0.6460468691222231,0.6564848656777169
sample_3446.png,-0.31693585976185573,-0.062386394474717666,0.21953172239512678,-0.3456233329551805,-0.3065093418736521,0.796280074160355
sample_3447.png,-0.07524189309701076,0.10849155360279045,0.6840241104189259,-0.25209723939864614,-0.5229401593196512,0.4214971273258544
sample_3448.png,0.43970844341792986,0.3763252627808805,-0.059883457809021205,-0.002274677097011677,-0.36694308114359653,-0.725808069606329
sample_3449.png,-0.10065719985236017,0.21579994548921122,0.1335242150459219,0.5147494878106442,0.0859614320846922,0.808154312389493
sample_3450.png,0.08698267649812201,0.11433015313744843,0.3633543547172775,0.6652726563104713,-0.6194940512559438,-0.1448297490327491
sample_3451.png,0.030373613436348697,0.30564209671264897,0.30721352651323014,-0.6416145299801281,-0.16422333791857247,-0.6104438480748915
sample_3452.png,0.16046588889369062,0.2335101546423122,0.06669053487019949,0.2558710521726459,0.562231118553655,0.7305492815198553
sample_3453.png,-0.11056613607933681,-9.024511491480781e-05,0.209583308939491,0.09481009047357034,0.2522742029668846,-0.933390985216857
sample_3454.png,0.1347787468073349,-0.15393936653171575,-0.33763589323404847,0.09694506017527295,-0.3323584844093428,-0.851045743535353
sample_3455.png,-0.19964181864924424,0.4685272470494345,-0.01745301528053372,-0.007213597209732035,0.09643128168096314,-0.8549676761170449
sample_3456.png,-0.16866246821627284,0.31829399890869947,0.015354020390882137,-0.30231732611381085,-0.8711464626094696,0.1404073756828448
sample_3457.png,-0.11791834882168038,-0.06676990395089703,0.2633516299429677,-0.5475149617164735,-0.28379384488039827,-0.7293636831160075
sample_3458.png,-0.16097160440346361,0.3769794389987977,0.024228787952021078,-0.4667452003248715,-0.033813723686706834,-0.7825555322444774
sample_3459.png,0.5531456925622164,0.1493756255807547,-0.21660573104446204,-0.6687772522520888,0.4180006241502816,0.05302063410635025
sample_3460.png,-0.22332366307769147,0.1056070123007658,0.34260557225539173,-0.4069731451865849,-0.5494944972805305,0.594998973845652
sample_3461.png,-0.00426919732450428,0.2592051994383911,-0.06048580705226408,-0.3748390172235728,-0.3901483733384873,-0.7977567697185296
sample_3462.png,-0.16511557840295202,-0.18888677309146396,0.28854287250450905,-0.252025538750046,-0.6327918688660372,0.6243870770294465
sample_3463.png,0.0037765733557306494,-0.20304045939243476,-0.041511765697171826,0.2530642577326622,0.5714358188346983,0.752633157031389
sample_3464.png,0.11257859109045143,-0.19563288122869543,-0.1613295732416582,-0.003870727607005425,-0.33189564110865627,-0.9015857731179985
sample_3465.png,0.2160351778545473,-0.10767529418025402,0.2099109293368912,-0.48517481960144854,-0.5520783666689542,-0.597902254702484
sample_3466.png,-0.33162050873030496,0.10812129631660226,0.2318971716695055,0.05944811626361507,-0.6492112312812883,-0.6321012766122976
sample_3467.png,0.23817662526481864,-0.27520097172386415,-0.048456340413929204,-0.1187076759713596,0.4012055007438567,-0.8307411975168576
sample_3468.png,0.2613287998054546,-0.2854443441295068,0.0018282170443267875,-0.423064834734088,-0.7801290696508896,0.25028028830934984
sample_3469.png,-0.15791640500210588,-0.14623400840142828,-0.023251724801878666,-0.27648261536190033,0.4216693528397787,0.8359962328803433
sample_3470.png,0.27806066798210927,0.06186001514407607,-0.5578905060567819,-0.56062583245632,-0.06462565559317193,-0.5377136666677131
sample_3471.png,0.03998236253489951,0.3709894822975331,0.044084232235514546,0.09291329165128909,-0.7216691156054604,0.5739212515621778
sample_3472.png,0.09022835590033186,0.22064939856893412,-0.18331629531638058,-0.08191405659501569,0.644730585393578,-0.6979830815745975
sample_3473.png,0.37823289387060255,0.07198047698373566,-0.36937624715833434,-0.3358861788770068,0.0960640537155981,-0.770241552622175
sample_3474.png,0.35641261760041276,-0.07181326808931227,-0.3103476520606596,-0.1354532700422006,0.3983390348201847,-0.7710224772180048
sample_3475.png,-0.021933499830897048,-0.23255955650740243,0.14582284648951466,0.4493110910483664,0.23474653291291164,-0.8168134918390106
sample_3476.png,0.08235436582546325,-0.40936118075643924,0.2541562527530145,0.7105538387943919,-0.2868003378007985,0.4170186922880396
sample_3477.png,-0.41713479529379577,0.2425912494258587,0.381057753338335,-0.5587145848758811,-0.52511903485061,-0.18447506271168565
sample_3478.png,0.32497434815080395,0.08294703178744937,-0.07738349008898036,0.34741111387149987,0.1529661260101211,0.8587375272312723
sample_3479.png,0.3020249177726193,0.11083975099897121,-0.25865684638775616,-0.4046164930837843,0.07996251522676864,-0.8120859709063186
sample_3480.png,-0.14086352531491353,-0.08114335026568686,-0.2532622119823341,-0.42876117886789517,-0.4432393239015876,0.7274161320512531
sample_3481.png,0.22342837611962263,0.2678462223339152,-0.0019187440815920868,0.437884178125511,0.8137565170404518,0.15618020959355677
sample_3482.png,0.3041400923131305,-0.013473736179552456,0.2956788026947686,0.27463422462740306,-0.3342575481716955,-0.7954490822621295
sample_3483.png,-0.3373087528562698,0.359788943364711,0.12050548800135093,0.2534965354724865,0.1583716889051415,0.8080291229265122
sample_3484.png,0.076764293091511,-0.3187288380778573,-0.16000686402756858,-0.7478711299172576,0.5234437364131674,-0.1833368549797601
sample_3485.png,-0.18569014503099504,0.02732116860408159,0.08613053012827138,-0.661624721962688,-0.5053469003298475,0.514034525279294
sample_3486.png,0.2795929160010692,0.14125022462131895,-0.06302593447741119,0.4612608193497412,0.1938119057316202,-0.8047231254780602
sample_3487.png,0.2567331252729946,0.10830856041881157,0.18603001887609094,0.5389767574163465,-0.530549160527548,-0.5619357912012737
sample_3488.png,-0.11250701410275556,-0.2874360723290116,-0.037169435498868385,-0.9059567850189313,-0.28685924276736835,0.01718102684774393
sample_3489.png,0.27687626786378566,0.17430707985342808,-0.25588211724709975,0.41207870788914974,0.3188451701878954,-0.7456606548774007
sample_3490.png,-0.4021604233711172,0.2033131412905601,-0.07787659874582284,0.7991055462854346,0.3797677529653653,0.08984862560888114
sample_3491.png,0.24780275953579844,-0.07050588740975594,0.0036719769514881,0.05701916546942875,0.4708642609436823,-0.8418104842109081
sample_3492.png,-0.14297557203700212,-0.25083450144555947,0.30751274813905427,0.6457382173489303,-0.06758532262276104,-0.6328746536544335
sample_3493.png,0.12624260040003443,-0.18281035956120115,0.2847542785460314,0.7264423617340989,-0.049860366822234325,-0.5825406578339467
sample_3494.png,0.2978549656942953,0.38081195385226974,-0.23862242436739253,0.6614804016178124,0.5144774983239199,0.08414627619445396
sample_3495.png,-0.2739191251467381,0.21022302342201038,0.057033524668460796,-0.3252834560386948,-0.5300298999681704,-0.7005574556974613
sample_3496.png,0.1796662823378249,0.1132573656292094,-0.2232953989386283,0.057489032123533595,-0.7474252435655885,-0.585732428162293
sample_3497.png,-0.2231845349087638,-0.05949549036805931,-0.034250531458175505,-0.6087962094670761,-0.6002710457211269,0.4631605532702891
sample_3498.png,-0.1744383098889233,-0.4509803237501103,0.4228402013640362,-0.36333959452361864,0.6534245006543272,0.16856734185428182
sample_3499.png,-0.0507478575299538,-0.43632164314859756,-0.12596734970994397,0.6043135876120562,-0.3566524148143899,-0.5466117894061473
sample_3500.png,0.15859449519684982,-0.08103957315668155,-0.2809064672733633,0.6618977152718772,0.6357944243447484,-0.21686123399500665
sample_3501.png,-0.04154824860437184,-0.22152057820286455,0.10518397054961313,-0.11782259192661396,-0.19091526669263786,0.9422355897467307
sample_3502.png,0.16068819385247785,-0.06255637102138786,0.0842269634477097,-0.4783208476083881,0.2920856000849818,-0.8056469402881329
sample_3503.png,-0.40796568575236225,0.2384901074426515,0.13898014476292542,-0.6474559549001071,-0.5013383650114768,-0.29467205075182046
sample_3504.png,-0.18650504633012677,0.6724854735631736,-0.5157099688426253,0.028566205214978744,-0.45413199576536706,0.1999262011794105
sample_3505.png,-0.0665704701977608,0.0860856691040385,0.2178122785782066,-0.6094618244586014,0.6989311901582802,0.2841952098904057
sample_3506.png,0.3180272455846679,-0.22898470658525602,-0.12424629229912397,-0.4913912667745924,-0.2436416610845565,-0.7281214857339631
sample_3507.png,0.3450678452832358,-0.21191019676032752,-0.27037159121223425,0.7430637250859937,-0.07260009834390434,-0.4533287763949369
sample_3508.png,0.20831362652922594,0.2180826265877711,0.2740497286049817,-0.41393004991476545,-0.40816304320337504,-0.7042776378495035
sample_3509.png,0.07650211715954275,0.0046964832528462765,0.11851738185737715,-0.2644534293177064,0.14505500500211546,-0.9429222812929903
sample_3510.png,0.2961462228740955,-0.31756493946335335,0.1167937423260921,0.6121785610010131,-0.08360380772003145,0.6450247735087007
sample_3511.png,-0.336791984425069,-0.3929930177005923,-0.26833497431089803,-0.19023433267727374,-0.6251764602982032,0.4827932072709982
sample_3512.png,0.23535228203628536,-0.3178336636324734,-0.1678710128533595,-0.6551279213672669,0.466260665149846,-0.41087563498568175
sample_3513.png,-0.2109457864811099,-0.07219140303197889,0.2959159558155049,-0.0716957547722936,0.4379662154044478,-0.8159468956371319
sample_3514.png,-0.1792870745092372,-0.22542254651033888,0.22445259297966108,-0.44181058723964706,0.31625001367853034,0.755943905190529
sample_3515.png,0.018233136602222023,0.37190976917657936,-0.018704477126551607,0.4483735361071928,0.8079470750789836,0.08475561837505406
sample_3516.png,0.07181375497900935,0.2656438455611574,0.2324444424812408,0.26464179907943197,0.12087087291834014,-0.8863411664426064
sample_3517.png,0.00018644103752169774,0.3116875735551894,-0.25687030301854447,0.5548724842222373,0.37761434761583135,-0.6216046974451623
sample_3518.png,-0.060870410193190304,0.12492221936231812,-0.015878666927359484,-0.7050937758492256,0.684646003439507,0.12058075071133136
sample_3519.png,-0.09344025090219814,-0.23195538274805366,0.19372359952672075,0.8896068766154436,-0.04903863843944785,0.32577845835854286
sample_3520.png,-0.24560262227853322,0.1496571177098315,-0.10863095701620598,-0.25354054096582923,0.4273178817690703,0.8115405327114514
sample_3521.png,-0.20350532148160266,-0.2622486790039165,0.07491095110032761,-0.49210401969071865,0.018805775198212877,-0.801049025040319
sample_3522.png,0.2722877287438525,-0.15803556657155715,0.27568778892566753,0.6452705332772104,0.627420138610142,0.12186182364371723
sample_3523.png,-0.28218515019375007,-0.27767010627723965,0.15433501837581018,0.20925404144820842,0.018726782759585833,0.8805189429751764
sample_3524.png,-0.3235757911032143,0.14469737482794873,0.14194250873544897,0.017471607787452596,0.46318675962880773,0.7996039456941185
sample_3525.png,0.3009208539094185,-0.09036341476479079,0.3694084397086894,0.3790126780568385,0.1846452507426037,-0.766207556003495
sample_3526.png,0.12044156865230182,0.11399591898527467,0.2204294431524676,0.4016051338522706,-0.11643139274472995,-0.8654863758799389
sample_3527.png,0.15311088094116618,0.24077267497188276,0.22697720423018727,0.2085582640175422,-0.5841171050252589,0.6945340769257127
sample_3528.png,-0.21513930689831434,0.27235786281961477,-0.049515938346961955,0.9174293044962679,0.0007211480586114733,0.18816853146643978
sample_3529.png,0.2894480703204871,0.4816408062785032,0.2873288369211806,0.06758532161770237,-0.43217765639130273,-0.6405769160737953
sample_3530.png,-0.13014359170865603,-0.13545523622266453,0.01658457999003346,0.013070679321486006,-0.49275793003619134,-0.8493869883345928
sample_3531.png,0.09266480972421849,0.331017008804568,-0.3717580665707221,-0.31831085436522194,-0.5105558945930174,-0.6177764898003608
sample_3532.png,0.02329139795051912,0.1375042775365105,-0.22689096523366756,-0.1951983477267675,-0.31316328764516166,0.8904476035410626
sample_3533.png,0.11981905108694194,0.2254327564609492,0.051698241292032154,0.6482719297094333,0.670201788243109,0.25044725461641726
sample_3534.png,-0.14687215063776274,-0.12301906223358859,0.2839898597818589,0.14859549999778882,0.5156644406902787,0.771138251692442
sample_3535.png,0.13519969217757155,0.007699223364721134,-0.1574873913342613,0.4706099003249421,-0.47228818947615525,-0.7157720828328543
sample_3536.png,-0.2981627019044074,0.18652740564154574,0.2455523197485861,0.11853783225744628,-0.1107242566825979,-0.8886503866592179
sample_3537.png,-0.3662997971132048,-0.02775941756500988,-0.19668998058735396,-0.8382682304152944,-0.03856319211929442,0.34955139678994857
sample_3538.png,-0.2388183879588022,0.14761045908370912,0.06355601151320452,0.6068910813850302,-0.3935888355430589,0.6276213884290089
sample_3539.png,-0.23797089141902286,-0.20834503879484192,0.4654687082611517,0.17751474214776256,0.301023821262854,0.7491156497023866
sample_3540.png,-0.35303571595261274,0.6200255913917155,0.5661283514305205,0.13718984206246393,0.16845650301180293,0.35104713759786027
sample_3541.png,-0.25057276409591633,0.28489047316880056,0.197308670134356,0.415345417122324,0.577150138830674,-0.5581271348035476
sample_3542.png,0.5522425521497777,-0.21950926164942838,-0.30345117365105256,0.48715671268498834,0.5571961574564595,0.08349857637549178
sample_3543.png,-0.04277067224358031,-0.05969283511025625,0.07150610300021797,-0.2761631996345828,0.3089323771387824,-0.9043168613871051
sample_3544.png,0.13855121917692828,0.29401100971462113,0.11020782578908418,-0.6051365164367213,0.5559971622681877,0.45485412275868276
sample_3545.png,0.269098200745624,-0.2637760047809404,-0.008753740185996053,-0.48403740007311047,-0.3076836268456575,0.7273034654060127
sample_3546.png,0.14182323515030992,0.11697609816895514,-0.2335369586312536,0.009868640383778358,-0.33679728816427557,-0.8933831473696471
sample_3547.png,0.18155481314096752,0.3085376034489298,-0.2240908546836206,-0.766221963904499,0.07227624635049605,-0.4788587810349923
sample_3548.png,0.3243328379551944,-0.1978105032052124,0.25847484258613895,0.6998380224593543,0.40878093300679497,-0.36331097138123347
sample_3549.png,-0.05233303897038318,0.11653642998870237,0.032104447533691696,-0.4856321125283147,-0.4209280175959122,0.7547389437747537
sample_3550.png,0.3462623685626307,0.17617668244273219,0.23544152334092572,-0.6454348479102638,0.5705285446143258,-0.22702967790817116
sample_3551.png,-0.5772894906877348,0.09655900977782533,-0.0010821310113520006,0.4837604002396174,0.6252591982444885,0.18010785861633122
sample_3552.png,-0.2990237481260624,-0.4669253118985608,0.42821846530025803,-0.7045190158917984,-0.07379481938797172,-0.0860335865770628
sample_3553.png,0.12717889996519946,0.2497689833840917,0.3263331674248561,-0.8227041194018911,0.31998815591000423,-0.1889792533000743
sample_3554.png,-0.3152740101459081,-0.007218668930885329,0.23495428417057534,0.34154363610927696,-0.6402376143899581,0.5646152809203677
sample_3555.png,0.0706415164885862,0.05129608775324087,0.05525081097588933,0.7662553914407244,-0.6240317496908301,-0.11297294314009143
sample_3556.png,-0.23908233686529315,-0.10674403043906318,-0.01436216345402944,8.272565668572147e-05,-0.5700464844065634,0.7786437408711111
sample_3557.png,0.08466216962061271,-0.3295698537967435,-0.09225094358779373,-0.6634369533511678,0.6512448298095408,-0.10694565201609675
sample_3558.png,0.10997575267072789,-0.14074273780904925,0.05093014622075288,0.6570093182913701,-0.4334347021154907,0.5881972887261704
sample_3559.png,-0.12756030114612893,0.13184734707930698,0.10879235333667192,-0.5026536851353477,0.31220256611920494,0.7774173274526137
sample_3560.png,0.12333818350012954,0.1740158843105345,0.14254233262440028,0.182700102406382,-0.7490418826816307,0.5828762977493265
sample_3561.png,-0.22456394670691363,-0.13315826390064178,0.09033410903153108,0.4105230137891537,0.07247783284432723,-0.8659662107931932
sample_3562.png,-0.06991394855738688,-0.09915448941440405,0.27923461649235526,0.18164592003627603,0.5121454140694562,0.7823172569745929
sample_3563.png,0.06048775836034637,0.08879451925323974,0.0827732081768124,-0.721171636245248,0.39504749419711327,0.5526792097149829
sample_3564.png,0.10331738819255368,-0.1350445855714105,0.11390798576461805,-0.476629286797346,-0.21393616659146078,-0.8277495319087571
sample_3565.png,-0.22886252813385147,-0.15538887595014925,-0.03690107647416412,0.563401229232857,0.6393925750525613,0.44257286503889887
sample_3566.png,0.11809781966685404,-0.18329424336314382,-0.17715428641304795,-0.47913400895022856,0.38390566361086614,0.7376445804451724
sample_3567.png,-0.16324679333799105,0.16512430213741963,0.2199484664368304,-0.5024758868297357,0.6158355456241486,-0.5157244276947311
sample_3568.png,-0.17994278408437644,0.06413506555215852,-0.1060536031906584,0.6471270591045466,0.3739679117434816,-0.6274029737208633
sample_3569.png,-0.11880110515011262,-0.10645520310392564,0.30937504158755275,-0.5255564999410243,-0.5593592971403558,0.5382826514595294
sample_3570.png,0.031931836235107945,-0.2145082666972171,0.25074223634362375,-0.6066882275187839,-0.5705115384578633,-0.44332930350154676
sample_3571.png,0.2572174020724614,-0.09652080108034147,-0.07959321229878373,-0.11379209954114115,-0.20473682480296543,-0.9291512547682872
sample_3572.png,-0.044016866043367076,-0.1968706424795965,0.05394973286333489,0.5613080088312448,-0.47949178112204965,0.6414162790385616
sample_3573.png,-0.37221256043762313,-0.5875403393329732,-0.48560146544383725,0.21600370170343108,-0.36267140730751374,0.3197768400615713
sample_3574.png,0.1240324601261088,0.1639431548821135,0.509773310449223,0.010238168524749158,-0.3472932349819029,-0.7597054373881157
sample_3575.png,0.18282899157041382,0.33604604240675073,0.27771048699078443,0.6927815841430227,0.5389736613383672,0.07800366462703007
sample_3576.png,-0.05799331529948225,-0.1701952953097593,-0.11074130175776424,0.5440269087825294,-0.517388107651071,-0.6259001274179162
sample_3577.png,0.09395251229494501,0.12839861125980664,-0.16520305898554122,-0.07026940926938464,0.7843808988265982,0.5720170338711519
sample_3578.png,-0.09279321473403536,-0.26712312425736995,0.3202447822231325,-0.5191698400220428,-0.6342592382654206,-0.3816488322157137
sample_3579.png,-0.27261207884617306,-0.23399939619333654,-0.11303885595031163,0.15508814938784293,0.21423105897471406,0.8878073402398705
sample_3580.png,-0.15080957217207785,0.14640161489580095,-0.04966760691156666,0.19603822862188722,0.22011942432347797,-0.9308451111087966
sample_3581.png,0.15609583262827909,-0.2147531215988382,-0.28702934539761277,-0.6207680509853021,-0.2824397683814048,0.6180648402820085
sample_3582.png,-0.2781828838228734,0.266903228623201,0.3616472414518046,0.7233683504056909,0.4355274443095098,0.08742023411875166
sample_3583.png,-0.2078944784819214,-0.2824697873290248,-0.014450312013483341,-0.4751965921687666,0.009976197050538788,0.8067654974212383
sample_3584.png,0.0833196540544914,-0.22858656679251102,0.5517327039740137,0.45747102086633085,-0.09003750690955788,-0.6473102444058834
sample_3585.png,-0.0016110288993039937,0.4021770955198678,-0.31044704951095864,0.6535527636173055,-0.5589162804437227,0.048528285547352557
sample_3586.png,0.09893247150102136,-0.1988097152600909,0.5272002158629047,-0.8069632547247952,0.1311947496443305,-0.06591842522947965
sample_3587.png,0.029544028698495674,0.1673071531169744,-0.4354242095522329,-0.7927857396591836,0.38438400944480794,0.07266999997346796
sample_3588.png,-0.1818007707330024,0.11641188335149241,-0.005702397426178191,-0.4891350648802668,-0.353329304139571,0.7676389300835794
sample_3589.png,0.2545788145286114,-0.45194698944063005,0.48960663178077984,0.6851424622766674,0.09440908550812305,0.1135148580760383
sample_3590.png,0.04279235271362802,0.31340682943076215,0.14962648421307345,0.4290427654592069,-0.12493992435370657,0.8233281300593529
sample_3591.png,-0.00572710967865912,0.14388116627097247,-0.4702681653616689,0.0674975892734579,0.7493594224816136,-0.43819835033338256
sample_3592.png,0.02467418006483065,-0.07945222121309993,-0.18033093031415168,-0.3462738605910153,-0.4636482885691022,0.7910018729009447
sample_3593.png,-0.0359292333189801,0.24191298583936935,0.21632884935159832,-0.3709230617618402,0.6742374811872865,0.5488250428224374
sample_3594.png,-0.15467544582167125,0.19398949357099962,-0.02042444391410867,-0.4731525310018289,-0.31484892958186106,-0.7842341862495241
sample_3595.png,0.2096970734793505,0.3901361444754258,-0.47152107862422926,-0.6888703650785285,0.2770685611013072,-0.1737222816074994
sample_3596.png,0.29760148481981213,0.02770909836690297,0.04660264975766226,-0.05354180815111797,-0.30579688461997606,-0.9011743978126138
sample_3597.png,-0.3059092818567932,0.21635530679908918,0.2922303176883363,0.06752008581339082,-0.4695287412910363,0.7410770088397796
sample_3598.png,0.28647758950386776,-0.2740094357441685,0.28474989111691446,-0.6313608111511181,-0.5179435922767408,0.3080338953852141
sample_3599.png,-0.3551133709077821,-0.05214763794138526,-0.1247019685691144,-0.10174753597531694,-0.7139153539743508,0.5793072094987793
sample_3600.png,-0.0979428382954939,-0.2168999048128968,0.169853521248455,0.4635970260202815,-0.18491731228686217,-0.8157173518566546
sample_3601.png,-0.02556962149997742,0.02042107689317931,0.1922830896597404,0.12992417611017076,0.9616149559459994,0.1427332213216038
sample_3602.png,0.07092527461492432,-0.2792507330728508,-0.3754668566328878,0.03142017197113595,0.33290368808465975,-0.8149853865697393
sample_3603.png,-0.09692756207976942,-0.20443563241940282,-0.44224051789482055,0.6751953147192079,-0.05648835228003954,-0.5423603942735753
sample_3604.png,0.11490256021995031,-0.39578915347907834,-0.3059317129494182,-0.05584193305176296,-0.3308000840721673,0.7899412114492695
sample_3605.png,0.16055719389495027,-0.4432203386415628,0.37136816876725137,0.2146150097407545,0.4988588589248452,-0.5873185154544963
sample_3606.png,-0.10779854124368952,0.2451719261120103,-0.35877834059032054,-0.23667280571724775,0.5446459518842044,0.6685021118931416
sample_3607.png,0.07822457063623048,0.11307325133091166,-0.03676658897947556,0.03452510434397753,0.013207054296937765,-0.9891294987027146
sample_3608.png,-0.44997420847689057,-0.18982853824555396,0.11205892759352644,0.03307194811915714,-0.5379146516972508,0.6771153581604615
sample_3609.png,-0.243610389604609,-0.0073223638276787425,-0.07231000014517014,0.2370368904497788,0.3172812670626126,0.8823365203145078
sample_3610.png,0.4268178980079276,0.24666887134074036,-0.10167650210102032,0.6697098726114901,0.43389993972752866,0.3314549254472308
sample_3611.png,-0.26198918072346356,-0.3732642959382039,-0.40243661042942597,0.38741229663825943,-0.4468711797723742,0.5294318372085265
sample_3612.png,0.2300175947077272,0.037845766045016986,-0.20829227849638166,-0.04003858310441203,-0.011906721899932743,0.948962102864341
sample_3613.png,0.12265074562300568,-0.23190098401364106,-0.030481793804091644,-0.518947131675617,-0.23298248775726388,0.7788855008165172
sample_3614.png,0.29418246404468784,0.166400799681108,-0.23161545881723666,-0.6825818942855513,0.2790076973931008,0.5369901240618052
sample_3615.png,-0.008986082736532468,-0.19553052963652004,0.18473622916084337,-0.45581774703078326,-0.36509264509071115,0.7658310061136173
sample_3616.png,-0.6354588625556871,0.10527592596892171,0.18516535525745256,0.17238451215145378,0.30946676218810976,-0.6521784324050536
sample_3617.png,-0.5426322640506059,0.04419845542904313,-0.05392927632698135,-0.38444523589243246,-0.7281930976253626,0.15041618554610148
sample_3618.png,-0.19211903573670647,-0.19782967622539907,0.10105276301951169,0.05425609173815236,0.5193554983321916,0.8006673324544322
sample_3619.png,-0.211898600020926,-0.10097120171344127,-0.17017468515411943,0.6611096364786722,-0.6879384311104562,-0.07496092197094285
sample_3620.png,0.08621080074908574,-0.3068131404590347,0.18890806404675095,0.38524771374219674,0.6047726365357391,-0.5904078210593046
sample_3621.png,-0.07695736041439646,0.06832192205021553,0.25199333147809494,0.3658417880268898,0.7017357378572965,-0.5473899714857294
sample_3622.png,0.30531004803668216,-0.2281196870275036,0.1449146307833941,0.44949285354014307,0.5357848700570299,-0.5870584982585095
sample_3623.png,0.40710387604666776,0.283228892508613,0.07377989281130717,0.5294671413660428,0.676997193679139,-0.09971811238244098
sample_3624.png,0.26279219916192476,-0.1887534465637822,-0.5462155212976773,0.2252814599722151,0.3163950034856067,-0.6679097740904602
sample_3625.png,-0.30260142150754377,-0.20828108964989628,-0.18383278720157728,0.738897159422866,-0.5103320802902704,-0.15763574901966274
sample_3626.png,-0.025859771564770626,0.020835423312036697,0.6256787325661439,-0.15163856364500566,0.5067159158434543,0.5724229272234461
sample_3627.png,0.29927492466970984,0.2304954502627212,-0.041635848956859095,0.13319495680210489,0.20833444139984658,0.8913072909849139
sample_3628.png,0.26242408233191916,-0.4440463532100431,-0.5460576589181398,-0.15233799157715372,-0.15104471241969508,0.624304494235179
sample_3629.png,0.20235383565438303,0.04684107144171261,-0.004176565434200513,-0.44816025038773777,-0.2880329165229697,-0.8203845589081972
sample_3630.png,-0.25621901324184276,0.3820790792991879,0.343112874273879,0.42769568965135385,0.48693802711157236,-0.500608334658065
sample_3631.png,0.15315200142452362,0.33140978967682927,-0.35542597303018386,0.05744601467723778,-0.23536077293024993,-0.8256449935807443
sample_3632.png,0.0477524338650795,0.31395324622363907,-0.1825064187731009,-0.5624765692251066,0.5348449061886885,-0.5132304616339376
sample_3633.png,0.25883195960654515,0.1861651580508932,-0.3163807383951561,0.37487159843934487,-0.7779382081546699,0.22920560194569756
sample_3634.png,0.6514520280114946,-0.19298365892693659,-0.09716062694198371,0.10840835584468446,-0.16401148245649189,0.7001965703747768
sample_3635.png,0.19897564232177697,0.10080919427050179,-0.13630695399159193,0.5035497511874791,-0.4774956334790411,-0.6708965512612056
sample_3636.png,0.08217808510903514,0.03762859242106508,-0.03036616486063974,-0.2733388254142087,-0.42483965057704143,0.8577330034519111
sample_3637.png,-0.011209760814231416,0.4308957476222066,-0.18934145798549187,0.055708893984045146,0.8592330545973478,-0.19227086427719903
sample_3638.png,0.14030409406060507,0.16354195876832436,-0.22330122013223197,-0.5347034683770888,-0.046898111737629464,-0.7846006130640386
sample_3639.png,0.05079273322918129,0.10012690378550317,0.20918073833843953,-0.06567340653976583,0.6347348846034676,-0.7324184255181654
sample_3640.png,-0.34169198394173306,-0.3928948357289845,-0.23454140589873157,0.7582284424544968,-0.3139389567773165,0.020063039577824026
sample_3641.png,-0.47830125436132337,-0.44055423637295416,0.35810462652420677,0.1628599085998956,-0.04984538699909069,0.6479915423197518
sample_3642.png,0.11686594072501343,0.36694984353730375,0.1291175083432108,0.06548289871681867,-0.6278071373181787,-0.6607488339555683
sample_3643.png,0.2442326769959433,0.023831622521605575,0.010294326148015653,0.6109947752375188,0.283104406137951,-0.697290298198873
sample_3644.png,0.10428825215490936,0.33588666400660727,-0.2523215951801265,-0.6465373947247799,0.6219148559280502,0.08859588708980615
sample_3645.png,0.23749717914270901,-0.00342938347384599,0.005591288826577064,-0.9176024005254071,0.3181783726494769,-0.017900403505060346
sample_3646.png,-0.3360406858884091,-0.09106129646419764,0.30188595173347604,0.5792382970863189,-0.4484859478480906,-0.500991736090748
sample_3647.png,0.26092417355252623,-0.22588341160328737,0.24031582948974756,-0.009765104901193325,-0.205361838481188,-0.8836711606343962
sample_3648.png,0.14489352839573363,0.2094966554365716,-0.2966135708840039,-0.3966661771439542,0.2521805085407893,0.7913269497366276
sample_3649.png,-0.33472697226761566,-0.048771752087513845,0.00014703406903969157,0.6591568686778121,-0.6631165594287062,-0.10661988417808656
sample_3650.png,0.21785114974218003,-0.37570656433104843,-0.4001772263077013,-0.7719106479406291,0.06473503492564195,0.22628956774075754
sample_3651.png,-0.08231900007067741,-0.47968963879341886,0.5826469708809391,-0.21063093218632473,-0.18034389070852083,0.5888587534165578
sample_3652.png,-0.036336104101212255,-0.14829402174706874,0.06408690895078203,0.2402720007956819,0.13615161800265757,-0.9467383700383429
sample_3653.png,-0.23214591203132298,0.19230595651571525,0.24750729714567052,-0.041310534801173096,0.5175849466825263,-0.7604380942308541
sample_3654.png,0.20414267044013065,-0.26189589857465345,-0.02524181390600753,0.23965417544205947,-0.20842683703465983,-0.8878194011413556
sample_3655.png,0.04594772718068047,-0.11814591973260133,0.25780609089359696,-0.3428991315168516,0.37851060992162056,-0.8103186233188656
sample_3656.png,0.1493976179415398,0.0659848897942137,0.04631328794053405,-0.3107793144344695,0.5470568788709063,-0.758502745171064
sample_3657.png,0.07020804859616987,-0.10327900723565252,-0.27344323654776115,0.5258374114651632,-0.1670957166919079,0.7779505839896613
sample_3658.png,0.15193747938474395,0.36998071163992446,0.3119718230635393,-0.34814970705599046,0.13657811756748486,0.7764283973848378
sample_3659.png,-0.07237849073252531,-0.0781668643558008,-0.16570098339216002,-0.47906583673642367,0.4093069439776053,-0.7511046725874353
sample_3660.png,0.25735214062542594,-0.1881068960260211,-0.04403194413871331,-0.49207815497827784,0.5166910521271547,0.6223634832822694
sample_3661.png,0.193571247439394,0.12647271223339476,-0.0017668545555571801,0.5186542948430077,-0.6656268123828174,0.48422140858088625
sample_3662.png,-0.22329885669976438,-0.17654453953500204,-0.3979770376720632,0.6560539463201349,0.5557461763316471,0.14602510281883993
sample_3663.png,-0.26775842050112475,-0.12209250674866719,-0.27524868046090206,-0.003267777389401182,0.8560801357768401,0.323655889349077
sample_3664.png,0.002473044292842204,-0.4911118166344312,0.49569965760061474,0.24645539703373473,0.6631969366691729,-0.1118681256397773
sample_3665.png,-0.05298993520664573,-0.23907220020463688,-0.37538420632924746,0.5875581343413879,-0.41869933965938955,-0.5278158288955811
sample_3666.png,0.053630811780321384,-0.049009487958785375,0.06411161195213905,0.666038669459494,-0.5397336042648003,0.5056596034316513
sample_3667.png,-0.04645810127229997,0.10266660203670211,0.21290518761292854,-0.5742222758237071,-0.32830530652899287,0.7102513628235149
sample_3668.png,-0.25029001054507843,0.18974799532924047,0.036696832386731604,-0.288108935741966,-0.34757739024122597,0.8343783016841878
sample_3669.png,-0.235059691101896,-0.06846736073916938,0.3309116822945461,-0.68134243424949,-0.241619722094653,-0.5549315433811356
sample_3670.png,-0.03777593869508892,0.31526205597420404,-0.27303690983955864,-0.10717802193618874,0.4221278543931757,-0.7968403896284043
sample_3671.png,0.07979440985985552,0.22140092960061952,0.09649869742787509,0.216004435451414,0.426494439246524,-0.8406824959988944
sample_3672.png,0.21182157403298882,-0.06320828440831681,-0.43815283180046977,-0.718811637571758,-0.4368190284901056,-0.22728263370073293
sample_3673.png,-0.2958220595613695,-0.3241271834998414,0.24550092714483465,-0.5641790401086862,0.6512258442262522,0.06904406765394724
sample_3674.png,7.889928020538864e-05,0.36363700110684216,-0.7284563856439569,0.46148914834036553,-0.34973775161128734,0.04278656889065199
sample_3675.png,-0.0928027922317993,-0.30179672355191756,-0.048474600786764264,-0.35576626717949156,0.3635323435158796,-0.7995193498852269
sample_3676.png,0.13757454521209447,0.3863767576161037,-0.014226629835880468,-0.5849361452056943,0.14927916096952976,-0.6834832015634335
sample_3677.png,0.19325873514444694,-0.2814455643951985,0.18164273380899051,0.08713939033903474,0.6257501836359147,-0.6717803265636717
sample_3678.png,0.5039481223642802,-0.14516546465118235,-0.46079890562766684,-0.520507691715558,0.21463770125112705,0.4423008551620051
sample_3679.png,-0.022648312949425032,0.19134926518580495,0.16658382816631181,-0.5050446509206827,0.5232678307106774,-0.6373719626298302
sample_3680.png,0.13769417410374338,-0.2825464532081725,-0.3444336182666754,-0.307822970598645,-0.6370669055168593,-0.5310028959168631
sample_3681.png,-0.06473128329396861,-0.017689809817282662,-0.025324142008588974,-0.5922264017204439,-0.4411032059512948,-0.6704859955495105
sample_3682.png,-0.3350308776235243,0.15828387246311107,-0.29089881223858177,0.490653403119565,0.730720810536438,0.05817854287652638
sample_3683.png,0.18958926807007648,0.33578781516743983,-0.033561378839021425,-0.7106879587988653,0.20199720487729947,0.5516301667858768
sample_3684.png,-0.5971871352813783,-0.054837868587384375,0.26409815861486513,-0.5891645813213491,-0.11568714821187405,-0.4583820198202528
sample_3685.png,0.0501470779264774,0.2627969732655253,0.11650383594049765,0.46960695714535494,0.3767297288676474,0.7432320598689576
sample_3686.png,-0.42804366502655816,0.3707631165833936,0.5003312837638144,-0.4090586124497202,-0.4412540871618995,0.25874276964367987
sample_3687.png,-0.05451651864435418,0.022571995876309932,0.2005142344433069,-0.00405472165697129,0.4473151331451464,-0.8696006134279682
sample_3688.png,0.4039674498650042,-0.25181375246725346,-0.24913082492205246,-0.2842152576128211,-0.588164278744633,-0.5334964237372799
sample_3689.png,-0.20408728122686912,0.23031538523654888,0.19094954367638162,-0.4464979206474403,-0.24274482729443678,0.7813808497869991
sample_3690.png,-0.03483587772137755,0.16219690352460805,-0.28530634355179935,-0.45345419337305676,0.21564183506963658,-0.7993477402981152
sample_3691.png,0.43013933153421136,-0.33993401017186864,-0.005522022997462944,0.009415707928279796,0.7879643466367308,-0.28003225587661995
sample_3692.png,-0.4150156236892459,0.24956566249450834,0.11925816462407984,-0.7783528648071301,0.3685110272606014,0.09809660035836697
sample_3693.png,-0.26912588248861163,0.15366872542367171,0.11482748058215438,0.32962459841892283,-0.24042303561453215,0.8510676941158104
sample_3694.png,0.12376572372639907,-0.016207781593772553,-0.3338148050466155,-0.5116306602554288,-0.15357067646919273,0.7665749436248015
sample_3695.png,0.1814679980987991,0.023991294555349388,-0.3127733225623099,-0.13065078377255984,-0.12581269295209135,0.9142035720432645
sample_3696.png,0.2062325273137664,0.2888331800566677,0.1303616404007857,-0.6560012375348078,-0.6224425303353265,0.1981843946195113
sample_3697.png,0.37075976615725614,0.31276027118171007,0.19696250374548815,0.49409878775098504,-0.6346955861063379,-0.280983774634422
sample_3698.png,-0.25049054028841844,0.20552968977892888,0.5259734069104199,0.2376190829434416,0.7274257868725618,0.18097764249318574
sample_3699.png,-0.5659580723813553,0.23676105169185876,0.5155500366396716,-0.43120907905442935,0.3252305138628071,-0.25715300391507057
sample_3700.png,-0.20923018634888432,0.24187398028057075,-0.03195762998441255,-0.6722019225121388,0.04489240883043099,0.6654529763024661
sample_3701.png,-0.4815518666404642,-0.37142368482271065,0.02178298237715489,-0.2954866948472267,0.02532605176014222,-0.7360189889106565
sample_3702.png,0.18592960482895576,-0.0984020912095085,0.27293727483754276,-0.36007725059150625,0.5671771802979189,-0.6556728408694104
sample_3703.png,-0.050079414974415086,0.22295659795414674,0.28306351450296074,-0.4834663415347968,0.1069091640289459,0.7889792022806156
sample_3704.png,0.2814909962663569,-0.20513788980598177,-0.3311553418039939,-0.5669429356872424,-0.03771357968898805,0.6679601772283857
sample_3705.png,-0.29502631501242993,0.2562867836685885,-0.00961308105752548,0.14265399598318687,0.15342498825449946,-0.8962671237129662
sample_3706.png,-0.06264844705054214,0.05866987462174428,0.2583792705814618,-0.4545908027805282,0.22338722797785188,-0.8181188904013537
sample_3707.png,0.15897773074632274,0.04088954075113635,-0.19078083249625977,-0.5885046039994902,-0.36298059874882366,0.6771736974656455
sample_3708.png,0.2780559345721823,-0.1151736652757964,0.18258930691908062,-0.11679097483825636,0.9060121606909668,0.2039188611957084
sample_3709.png,0.2835426432237998,-0.27491955678373686,0.08287492542362646,-0.42221803477572695,0.35976591274361186,-0.7276365663196167
sample_3710.png,0.14795968263888057,-0.1421201634080619,-0.042365124055391744,-0.25196878820730884,-0.792737075906339,-0.5139986828610036
sample_3711.png,0.15086698064789358,0.009217513648589906,-0.1131520568312064,-0.025464872984975028,-0.46350533730852034,-0.8653699475701521
sample_3712.png,0.22147807904035627,-0.003125138511459736,0.24785727414032066,0.3150292670059445,-0.45812449130511074,-0.7618287058556792
sample_3713.png,-0.17071159362579075,0.22836516306318053,-0.05409566801042427,0.08755245191900073,-0.24960412937949972,-0.9196808737616808
sample_3714.png,-0.047733758919194874,-0.2937082715707328,-0.03680044142274875,-0.5518156618307406,0.06989207156508596,0.7750595078264059
sample_3715.png,-0.4492383814844779,0.3681714311926741,0.14720565843367311,-0.25887998298147635,-0.2418169252012169,-0.7179630192966718
sample_3716.png,-0.3218152548178114,-0.01596229222773544,-0.02181183622982147,0.5392679989603815,-0.6503391059443396,-0.4265600348959685
sample_3717.png,-0.16637557557590696,0.3972383193380313,-0.3772673282930233,0.28443730642658055,0.7684330338391974,-0.02821949187006263
sample_3718.png,-0.1955136169700782,-0.09810309679924625,-0.2780474739047093,-0.6514301519823753,-0.6535246504903769,-0.1529186009697167
sample_3719.png,-0.16361472524541923,-0.34026960177014604,-0.4927133992182434,-0.5400135990632778,0.5618051226190149,-0.08625916212562806
sample_3720.png,-0.39174686578153367,-0.1627653344339214,0.027982477448984393,0.7479508794512213,0.05863704246805024,0.506349680745945
sample_3721.png,0.07465366062466623,0.21142455251075026,-0.23499400910329896,0.664123803633584,-0.25557554682876754,0.6229968046041343
sample_3722.png,0.23099381284186493,0.32140109395003014,0.09429701442792579,-0.8577459325410755,0.30037164599796523,-0.09219575801627151
sample_3723.png,0.3336811148914743,0.12434937222778307,-0.042759000204740855,0.3403752471530709,0.8612377062781855,-0.1173887537330793
sample_3724.png,-0.034966589544684644,-0.18099907471850032,-0.16675085511824872,0.13279659054750464,0.5247429540636385,0.803256324334591
sample_3725.png,-0.43645082449648953,0.38532272850071037,-0.03719474546577313,0.3388385081826789,0.0487775642793994,0.7365207656287394
sample_3726.png,0.24058059006290974,0.37426483901215385,0.015731029947125667,0.6368745197105874,-0.5154883198024166,-0.3611952144639816
sample_3727.png,-0.06461436363535096,-0.22298277658601104,0.1843636669743846,-0.16153038555381835,0.4538388207978238,0.8246526316804097
sample_3728.png,-0.2677825056052497,0.19045525401863048,-0.14008571195301914,0.6310517850847837,0.6041712067253538,-0.33037269366645156
sample_3729.png,-0.31482594263545516,-0.21556717659923927,0.12583623081329035,-0.4826436809687292,-0.7120749061277156,0.31398258951030134
sample_3730.png,-0.16137247045745537,-0.07540783726807858,0.620851202235128,0.20675129352649013,0.6040988717434846,-0.41849112813006784
sample_3731.png,0.2273706855237376,0.053622606761398246,-0.1379493111470633,-0.6012391876680739,0.12998510394466936,-0.7402786549181037
sample_3732.png,-0.22730564632989966,-0.24504589896404888,0.04956558286976162,0.24710904045093246,0.06209608947074438,-0.9060403420058564
sample_3733.png,-0.17643825188308535,0.08632773067228046,0.29509029672774445,0.06362037001999443,0.5754380107330809,-0.7342767375374357
sample_3734.png,-0.41445671459347955,0.2918342840468706,0.4620187184650549,0.3250582247486168,-0.5118187970572657,0.40246211706602764
sample_3735.png,0.006328386418119773,0.1484368864428292,0.2683788670943812,-0.5318492468017527,-0.3103436304964678,-0.725756457534012
sample_3736.png,0.0783726111509216,-0.19589837363602863,0.14633246535048908,0.6089003432453923,0.059744109549718455,-0.7481573256891547
sample_3737.png,0.34011004367753184,0.27976688738128047,-0.38369225263654977,0.6459349156864614,0.34341618987442296,0.351666471831771
sample_3738.png,0.2517888861410193,0.220092332791316,-0.36007415982122104,-0.32816899559565466,-0.7569428430876621,0.279017855915153
sample_3739.png,-0.06642959323696239,0.41159591512577115,0.03523135930860707,0.6620116288934028,0.17309650872699464,-0.5972544390725343
sample_3740.png,-0.2596371673409482,0.07793139917661199,0.20293435881599853,0.5701319573452289,0.2150975990456797,-0.7169487139732978
sample_3741.png,0.21583076968673115,0.17778577378730828,0.14064092971700276,0.6784888612601186,0.6137650606873385,0.2549014354785659
sample_3742.png,-0.12456797201041132,0.2752702357251387,-0.2751427836555463,-0.3692218760535439,0.5612148363681381,0.6178338611302416
sample_3743.png,-0.2765156553426112,-0.28920181122158645,0.20795163142793877,0.060267955663639634,-0.612770083037593,0.6461718986285969
sample_3744.png,0.0844461953171031,0.15950398021703865,0.3974198731570715,-0.29364821726686247,0.7906152785229291,-0.31334161975918545
sample_3745.png,-0.2071304956171939,0.1039670034500682,-0.09535973423175545,-0.5588464662104233,0.41754276631164033,0.6712250044293517
sample_3746.png,-0.12292785273459156,-0.3536426455859112,0.22616730370019417,0.5324674601201022,0.109897838690623,0.7162924276763099
sample_3747.png,-0.15788797929386833,-0.2640441513524129,-0.31261896868038386,-0.6509801720689107,0.37528420837804577,0.49295844760739344
sample_3748.png,0.08279707977715434,0.2951718668327586,0.22998976303810467,-0.6179142625702905,0.43676497136663966,-0.5296614441393943
sample_3749.png,-0.02406998045176966,0.3763939133154321,-0.01684916048477108,0.8620903878420333,-0.31811359419845864,-0.11431652648508746
sample_3750.png,0.11417825945905773,-0.09710934083054172,0.05399803695335937,0.6128948983764806,-0.09512411089977825,-0.7680680699424702
sample_3751.png,-0.24607045042778025,0.33549480811877364,0.6107991639622115,-0.14261041585729184,0.6242357063348786,-0.20930599771694483
sample_3752.png,0.2154425900608354,-0.294621231194208,-0.3916518010758002,-0.376543996512161,0.39663337923593156,-0.6436522884276145
sample_3753.png,0.2760514160207261,0.18585226140250974,-0.2379362644150477,0.3195470488590861,-0.1591518847360908,0.8397626139994185
sample_3754.png,0.00670017520245739,-0.3595763853608979,-0.020019102448336185,-0.7145852044515257,-0.599523250734107,-0.014107575567435218
sample_3755.png,0.10333370635204137,0.21688751980656162,0.024987417144307748,-0.46295016619104795,-0.47143297651943017,-0.7106937949228741
sample_3756.png,-0.1722710236426493,-0.13334194293475035,0.27064790706470043,0.5650842808668434,-0.10148263967912004,0.7413995956499821
sample_3757.png,-0.27266543923102216,-0.17572781627028478,0.26721461256212276,0.34561887798762775,-0.34613306550851086,-0.7642703290141256
sample_3758.png,-0.1512235346155281,-0.3051084259518014,-0.3020931387003576,-0.27397120725902097,-0.6521341556370102,0.540778001758952
sample_3759.png,0.023935545428348866,0.05384203939715218,-0.12849744907553606,0.5037035573593504,-0.1599918666738683,-0.8370793623913027
sample_3760.png,-0.22075501265512998,0.009695739621121092,0.2087150067943364,-0.6389965300907309,-0.12581158264264988,-0.6953172967535257
sample_3761.png,0.10472609164731239,-0.23962841452258413,0.4579202728042565,0.3880936808143357,-0.5010230398445333,-0.5659318871502738
sample_3762.png,0.39598351257245373,0.22720679988969011,0.07272788385741373,-0.05402740422646856,0.510694392675045,-0.7228810826457605
sample_3763.png,-0.09097000698883109,0.09234344905213575,-0.4625872770620158,-0.39356011992435175,0.02732073801562905,0.7833097507534097
sample_3764.png,0.29912748509536696,-0.025746893117131173,0.16847749917734242,0.44435476144203995,0.7218646443248439,0.4036526460756068
sample_3765.png,-0.1922635876849466,-0.007872137917535068,0.3264836365107514,0.4928745081762908,-0.6018056084446979,0.5012842569045253
sample_3766.png,0.14407742554516398,0.13532936160005424,-0.10541125450972615,-0.31396386578899216,0.29544143592391875,-0.8740464379413315
sample_3767.png,-0.26776218060632767,-0.2592614617445413,0.16978831574684974,-0.385436303193849,0.6278061622841061,0.5381051158512044
sample_3768.png,0.06662456153942711,-0.16953618886894434,0.2697703799597977,0.7019684917383,-0.2868532623901106,0.5647991085533207
sample_3769.png,-0.15687291072649556,0.0006928469994965455,0.027813584707214734,0.4978749160634924,0.3280277340703617,-0.7868514395897115
sample_3770.png,-0.14529255130099036,0.2349421620415116,-0.20151365198743754,-0.3594075674836761,0.40409090828971966,0.7685188620765605
sample_3771.png,0.036713800252317526,0.4000630849530871,0.11147292202622311,0.5400811166305755,-0.7161116957812663,0.14721358364002074
sample_3772.png,0.3580817142535995,-0.14864719435933485,-0.14321311930531347,0.07104677474936835,0.3393616763881048,-0.8419961451110756
sample_3773.png,0.31216469055410706,0.39414766329014017,-0.22849810951986813,-0.685247093192235,0.29721308382501654,0.37025699657784117
sample_3774.png,-0.48554729713563094,0.43066418469745466,0.2653308021977892,-0.019178721185504143,-0.49524416025882556,-0.5125789169010534
sample_3775.png,0.0931679450340663,-0.48560130965320264,-0.29952110071734794,-0.6481537466002928,0.3721285072127741,0.3274374859326396
sample_3776.png,0.28897153750294147,0.2238603297484099,-0.0748893944201864,0.3537373943317393,0.49213157359911064,0.7024599291061034
sample_3777.png,-0.181641839733656,0.06579000502551771,-0.2771712107660052,-0.5160691855943687,-0.3168885130192908,0.7204917093317659
sample_3778.png,-0.2868093161114353,-0.2902941440498211,-0.23421389785035124,0.6460703817008482,-0.5939590188681729,-0.0917568633394538
sample_3779.png,0.21095405629471725,-0.16095720662383567,0.10713371172982072,0.35380868223805356,-0.3825692653370567,-0.8040980693746786
sample_3780.png,0.03068122202194888,0.007674931985938093,0.22739336899856927,0.43544061997115974,0.5282582249355166,0.691828539478418
sample_3781.png,-0.055019377113375866,0.4931127719744643,0.2825387625417181,-0.7191219227652316,0.37920905278858946,-0.11423075067917492
sample_3782.png,0.07409914270805636,-0.2527183644547444,0.0767681248599523,0.6682538439827932,0.36813981598819023,0.585371058568101
sample_3783.png,-0.10033434708945486,0.3403664720306603,0.09956707267344442,0.46393218187376173,-0.7968572368740809,0.11813363709812469
sample_3784.png,-0.4122967583425574,-0.3361594246384113,-0.22188199477605228,0.22629689789291088,0.7591488999283867,0.2006471191489094
sample_3785.png,0.09039774101457204,0.3371349769297622,0.3922464772348684,0.3405786103576409,0.6361355342916175,-0.4512745827378756
sample_3786.png,0.18934788674459288,-0.2367230822176226,0.10805498653674171,0.6123929078629877,-0.3614318127786171,-0.625120509282784
sample_3787.png,-0.04980701171487094,-0.19651395972067914,0.25814749992181335,0.3361140603639822,0.19980077823508807,-0.8598653272142922
sample_3788.png,0.17691369932092638,0.0015826527531925855,-0.004207506839918188,0.5635089837836501,-0.3966330419126027,-0.7027241210797543
sample_3789.png,-0.053618227719211216,0.3298704086959365,-0.08461334053496199,0.23615797537292577,0.40715338236115045,-0.8121617545945984
sample_3790.png,-0.1701699735720548,0.31105357172138015,0.2700726804513421,0.44727717460151317,-0.503500242724439,-0.5897281047606634
sample_3791.png,-0.029071160862357875,-0.24733025352503446,-0.22738035653502728,0.7959804666531385,-0.14675675441061276,0.4807892870071834
sample_3792.png,-0.3612995065292299,-0.3953537432073015,-0.05342804245712202,0.08302422395346232,0.8356900084443792,-0.0709416423271192
sample_3793.png,-0.02840753420271429,-0.0008825503845630991,0.14517480948011363,0.48852390328877504,0.09386174574726863,0.8547811862684671
sample_3794.png,0.2790823954549323,0.3025231380985594,-0.053392741494359845,-0.6604105741688052,0.6257502616143875,0.006038727797130727
sample_3795.png,-0.24879927968583823,0.40038671456681335,0.3849493706404423,-0.36574081909005607,0.3592506680035652,-0.605620334912935
sample_3796.png,0.461358961974479,0.4793964277918268,-0.24297268390638668,0.22409715638246847,-0.33064684907689124,-0.5820175030000464
sample_3797.png,-0.4306614996621225,-0.19927394931649417,0.44232826727071556,0.34789490508706244,0.32683384923022213,0.5927183477990923
sample_3798.png,-0.3562739747161791,0.14402020580746946,0.06626366124017197,0.35513938927305433,-0.8332339659832275,-0.16593171660891398
sample_3799.png,-0.1504065671165069,0.25788589579316706,0.25525752882325276,-0.1582750033287708,0.05298671748898899,0.90435488299077
sample_3800.png,0.5141071435330706,0.1979851916789235,-0.4625829596561643,-0.47505144090689544,-0.48400186970770775,-0.1502698668782123
sample_3801.png,-0.004007661885916673,0.10608775434875661,-0.42117578130751154,0.273682567981689,0.08945903997659492,-0.8534841652970883
sample_3802.png,-0.32772166790738627,0.33159089677789894,-0.10566272142114208,0.4243326926124023,-0.7558130839650149,-0.14202014979399802
sample_3803.png,0.17518085635875477,0.20559218210988978,-0.15301207011242834,-0.13155026003806358,0.43779500981058045,0.8334631888028937
sample_3804.png,-0.4957440038889835,-0.04576667287764818,0.3104235842052745,-0.16838580001637435,0.7789055442696262,-0.1439891249013741
sample_3805.png,-0.2758885427149438,-0.20251719110297467,-0.428309445294401,0.7500259307283799,-0.3535396698634357,0.10906018267850469
sample_3806.png,-0.11492388686179514,-0.02761750948796398,-0.018396102543402303,-0.08129036290912263,-0.3827352908972513,-0.9124674957549841
sample_3807.png,-0.16033213334236643,-0.3068799120751304,0.06743264274341146,-0.47671801385368945,-0.6605434769313165,-0.4604274271002611
sample_3808.png,-0.04811187630072989,0.07461210620552436,-0.07680698564503788,0.06481180401081732,-0.6384461428466166,0.7578950591392339
sample_3809.png,0.17349393021922144,-0.31042961296056604,-0.1766233190337971,0.5975386957597262,0.05908058874630838,0.694114187904902
sample_3810.png,0.23146921352196714,-0.13988684232169876,-0.16893957171713503,-0.33300442694438526,-0.4771342674129699,0.7481738020945049
sample_3811.png,-0.19182849709615685,0.3710290821796548,-0.14942701789058727,0.2533742786224466,-0.3162622744700542,-0.7993687902855988
sample_3812.png,-0.01702085999713867,-0.43053950264087454,-0.2174452084778723,-0.7226302409071914,-0.27643982240454984,0.41042681176560164
sample_3813.png,0.26302428657673715,0.2552839281582053,0.19537475751733627,-0.8073523141434331,0.3048662915184008,0.2876035986614523
sample_3814.png,0.1739108911942587,-0.3485758611682498,0.2635774304924205,-0.07207490260029856,-0.6501048206620051,0.5924067349693324
sample_3815.png,0.000194029565032501,-0.017592601976359135,0.1422930870751733,0.12128217365273491,0.43401578237361244,-0.881115245063627
sample_3816.png,0.10749547127017194,-0.21180015918745498,-0.109306303176362,0.4020460504443952,-0.4702928128511139,-0.7408246700894481
sample_3817.png,0.18566743404168007,0.29560951130684093,-0.026325267605003644,-0.5743930409111768,-0.41529819498748405,0.6124129691962629
sample_3818.png,-0.38899804062719856,-0.0592651237918021,0.22163592512781347,0.23844123776376505,0.836017636403171,0.20066383316238154
sample_3819.png,-0.36564982491092357,0.03485441547210555,-0.01686722444259995,0.07976579545985507,-0.3140894802959455,-0.8716570932691313
sample_3820.png,0.4377084508778574,0.12916073271330544,-0.2645040870431247,0.34702369550828277,-0.7580855613704895,-0.16323982813613794
sample_3821.png,-0.2660847942475495,0.12038899477012661,0.15509611046489605,-0.3198057923938508,-0.11180860206447084,0.8808369090716333
sample_3822.png,0.4758790200645132,0.22941457263560336,-0.2636762800178327,-0.8009627180925826,-0.09747261731200935,0.018459268157438598
sample_3823.png,-0.13116531772875042,0.28204469031533475,0.3216092581387587,-0.7950638629371183,0.2352118738385639,0.33520555697413296
sample_3824.png,-0.04983378590655057,0.24769453232067137,0.004457448562286625,-0.10067622711460333,-0.7683369656081327,0.5793675415200911
sample_3825.png,-0.0371630900370499,0.41591590284334035,0.23274517690035224,-0.3322797452616648,0.7122369498019369,0.39213677123703583
sample_3826.png,-0.4421038144595115,-0.003914542904481481,0.2217138419761295,0.3698988522639602,-0.7688341357920043,-0.16565257802144004
sample_3827.png,0.001759751121430508,-0.16086975448761973,-0.1437609302448884,-0.27170353311712053,-0.36069486893544095,0.8657522866949453
sample_3828.png,-0.14688191004129128,0.15218291742988824,-0.2159334044050865,-0.4756534325182128,-0.6738605845406315,0.4778122578412777
sample_3829.png,0.29716903606271394,-0.34202637903541705,0.14517941296523593,0.1317759137287493,0.37863202588920486,-0.7828820828404095
sample_3830.png,-0.024203848805001843,-0.2514897385699765,-0.05954812642797714,-0.5099991675475781,0.45201912928085036,0.684251899230763
sample_3831.png,-0.0796284200547576,-0.20558598052319682,0.26674348058729197,-0.6081106825164808,-0.6507904413773153,-0.2948132190342467
sample_3832.png,-0.10280374675297416,-0.13681245281780074,0.05160572620526729,0.323458339201574,0.247071918688369,0.8957570882928931
sample_3833.png,-0.1828427084999803,-0.2637836754435037,-0.25122008523186784,-0.03583678199201963,-0.5072206421992514,0.7584972844232443
sample_3834.png,-0.27314295340172845,-0.3639546671332968,-0.014871624194885781,-0.219776615835313,0.38859923733617696,0.7703230711502785
sample_3835.png,-0.0627544455792816,0.4582401176481294,0.0016192806905473464,0.15097340818630967,0.7959275473415995,0.3602521637288337
sample_3836.png,0.24483796992660767,-0.13035984554433694,0.19190762678396228,-0.6257790098183462,0.0646145029845826,-0.7003268799702375
sample_3837.png,0.24753642823067257,0.2659830044079297,-0.18136854233080935,-0.6306884684859888,-0.18704851519485657,0.6342941893159096
sample_3838.png,0.1373617565193497,-0.3226762271703505,-0.17333068646605268,0.2631034711602953,0.1803944210642507,0.8632512320909433
sample_3839.png,0.10849016134167763,0.589872363465822,0.10931006243160793,-0.42024284991075805,-0.6502491112077043,0.170011265611943
sample_3840.png,0.2564325142730046,-0.13954000642165698,-0.1520433199332028,0.3743128823570403,0.10482359165711817,0.8605554379752794
sample_3841.png,-0.258886143776675,-0.28758803417573614,-0.11269022310652838,0.2976995262052373,-0.5850327275182958,-0.6377175711906171
sample_3842.png,0.09465671628205286,-0.28868719121231334,-0.006626281539151775,-0.5160546861251771,-0.3804346615622526,-0.7047076935126133
sample_3843.png,0.15651174805258178,-0.09805548385788,-0.07474572379104318,-0.3220726643163556,-0.40091556964041747,-0.834169153410709
sample_3844.png,0.13462484375868192,0.49249226388132833,0.006653989671774567,0.4329241407435427,-0.7260429674587667,0.1572308609865633
sample_3845.png,-0.16187881067003346,0.18882033770332843,-0.107869551465547,-0.3282522461887767,-0.7098686452854194,0.5611089554667117
sample_3846.png,0.04448849583420444,0.3058887643788995,0.3410212722923614,0.20440759557614935,-0.23467848691623977,0.8314450505347546
sample_3847.png,-0.011805880761461508,-0.37989557825148224,-0.3081601339821048,-0.35971287145851344,-0.31819512145616546,-0.7279669068145314
sample_3848.png,0.4538176775804655,-0.06164631803299308,-0.8338577673316422,-0.09920375747391678,-0.28616246361689157,0.05656968948919725
sample_3849.png,0.2656466908446195,0.07584245962345977,0.37279076776287495,-0.6542859946805241,-0.34593781488579317,-0.4867685957714334
sample_3850.png,-0.09429006624848148,0.2679276561542468,0.546059968398144,-0.4276883815914258,0.6415637952292969,0.16316007566268892
sample_3851.png,-0.20559974861748107,0.1574907145296498,-0.4023231553875837,-0.7687294502179916,-0.04376237376704286,0.4221390574848118
sample_3852.png,-0.4161984482951167,0.45354898381387826,-0.20066557445640013,-0.45954347076624175,-0.5897939645703328,-0.14754109928675424
sample_3853.png,-0.06882751813191267,0.31487895925585085,-0.12600880219761224,0.6704063905197956,0.11273210850063967,0.6465930240867865
sample_3854.png,-0.3244613271617623,0.24911490229607178,-0.3446902712112315,-0.4489444264807337,-0.4658354107893618,0.5434165083518954
sample_3855.png,-0.22508685989738053,-0.29427296622575116,0.03826816615617054,0.6365271416968805,0.4862789651582064,0.46865855399975553
sample_3856.png,-0.26803640712116655,0.056950742971486695,0.14132955367034405,0.08908605722508516,0.18733306818547035,0.9283905700534769
sample_3857.png,-0.30893575672191426,0.4544457214652109,0.4864336212065179,-0.5992833709975778,-0.11130880308980406,0.2998164575553367
sample_3858.png,-0.4105432668371162,0.21488187779399734,0.01996426504469544,-0.833141762796732,-0.3011100240714276,-0.009433411859841633
sample_3859.png,-0.042482594563191776,-0.0020960852689734925,-0.24082603419441512,-0.4693174111169716,0.5256563371718105,0.6660482262220164
sample_3860.png,-0.007737153867926977,-0.04969613151960779,-0.22137547005027894,-0.4236168856609877,-0.012242857259360664,0.8768478652828212
sample_3861.png,-0.33309843257266936,0.09699980840489822,-0.28335059489716985,0.5809937002831929,0.3795156914118242,0.5637047737618621
sample_3862.png,-0.22041318469871238,0.15834639526879885,0.12846108990371016,-0.47931085712160554,-0.4235179282325267,0.7076269230378955
sample_3863.png,-0.10545864447171668,0.36607004633807216,-0.07733968080735017,0.46174139228929345,-0.7228834807303817,-0.3363393066335238
sample_3864.png,0.3972605535175683,0.01594291688035993,-0.09247127513962816,-0.011225688866895013,-0.6073802310146718,0.6814265757778605
sample_3865.png,-0.37331725790325543,0.17195540158151426,0.058063097590839524,0.47927202188355766,0.7467367109064466,-0.20093992918521586
sample_3866.png,-0.06809614309920371,-0.23615365985751743,0.26370582373655,-0.06461368476536873,0.5137580887959721,-0.7758423169021472
sample_3867.png,0.1583623081772615,0.4294050622871522,-0.5453441087693165,0.3214151842534726,-0.23303535873151637,-0.5792402573835114
sample_3868.png,-0.018204685938304262,-0.18034206251011908,0.1648096342461746,-0.07897202418638036,-0.04726867250453568,0.9651488001104755
sample_3869.png,0.06722431754475068,0.09505200123291208,-0.16773152257062326,0.11833640336275346,0.4363277692470116,0.8682895357837129
sample_3870.png,0.13366086622940207,-0.19909954015468836,0.017278228959999205,-0.5380103167766198,-0.2879604077982048,-0.7548637700510047
sample_3871.png,0.20979924411758796,-0.280830823939932,0.17455687960428729,-0.1679140223714704,0.46270571352416767,-0.7774037078885373
sample_3872.png,0.32392072371136804,0.17641242034939555,0.09872160280519038,-0.5441321422438521,0.6952560347471728,-0.2733995716183558
sample_3873.png,-0.03898312108602101,-0.0901391011653279,0.17908309937908773,-0.40404050704618316,0.4053578415645436,0.7941793192826648
sample_3874.png,-0.28521989097039707,-0.17491055826272756,0.09239034773343753,-0.6220618342953917,0.7018112953771015,0.004462515312881122
sample_3875.png,0.3069761240064362,0.2829373560772214,-0.46714026131291814,-0.6680861276757198,0.38635526556394795,-0.10900744407969658
sample_3876.png,-0.15275435077450408,0.04841432808624167,0.18992160752930634,-0.5542163014198774,0.7909565864066961,-0.07405345237894032
sample_3877.png,-0.23044264003974804,-0.20704910954445652,-0.1294116690944486,0.33909665309440784,0.224114290825724,0.8497445029527412
sample_3878.png,0.2034715902916306,-0.2881186715514956,0.02901516205030785,-0.545443830143489,0.03625922913390208,0.7588948279437715
sample_3879.png,0.13293335605711037,0.5100072577110528,-0.4924584397790261,0.20816850053287145,0.5792012318018397,-0.317644161736022
sample_3880.png,-0.05680187557587134,0.23462636322324615,-0.2057127007509726,0.5890909098589799,0.09713568020820529,-0.7368465653807758
sample_3881.png,-0.1514720586651603,0.19876651030245096,0.05626287727136538,0.22176322940681922,0.41549411238858236,0.8441376020060674
sample_3882.png,-0.2190000367237478,-0.0618367057833797,0.19092885023609493,0.4650493178853167,-0.33447644369499835,0.7639476555549652
sample_3883.png,-0.23356998004541826,-0.27514444499475776,0.06496709407840257,-0.6472947915211804,0.23064247787622963,-0.6271629579031132
sample_3884.png,0.29435137939516254,-0.2897146344860292,0.3529637588815142,-0.07354567183333016,-0.6841944980367606,-0.4809451153092556
sample_3885.png,-0.00023699476239886542,-0.19603675297845685,-0.40512868760742377,0.4876230578306415,-0.08260835600072423,0.7435320401861545
sample_3886.png,0.3220140624913923,0.38254805449255813,-0.27228131406082534,-0.37365333962635167,-0.6402479307491318,0.3553766797815916
sample_3887.png,0.28240744478524393,0.304572841122256,-0.041723924350831686,-0.022640336754608106,-0.5540973535446518,-0.7198639257969548
sample_3888.png,0.27878841217933553,-0.5046102355664612,0.3617144220894465,-0.07311629409378292,0.20797752699584726,-0.6987185156064395
sample_3889.png,0.20304375356856896,0.25696197363674994,-0.34229001998849923,-0.7425418444628958,-0.3759334530698505,-0.28790097002682064
sample_3890.png,0.5003707727317513,-0.6645547310146613,0.04214605851203526,-0.11960583054842534,-0.05055883893701396,0.5379201224512088
sample_3891.png,-0.07614554726753882,-0.0421170481648084,0.10192825866279416,-0.6184668007196102,0.6621682760431026,-0.4013360569160665
sample_3892.png,-0.22983040748772746,0.27643958225700943,-0.19423288586493204,-0.3380994962647061,-0.7585112054751566,0.378658433153617
sample_3893.png,0.3534773837996236,0.043019927249045464,-0.25332401566170676,-0.3396066376847685,0.585593584860484,-0.5922646816258599
sample_3894.png,-0.34700959973622114,-0.003482074948057839,0.2728982882736085,0.1026932670486888,-0.657659209635517,-0.6016952667145986
sample_3895.png,0.2910014895024419,-0.214655702175263,0.13925944038378735,0.4023528445318114,0.562024307995446,-0.6099907676468551
sample_3896.png,0.1760932039923797,0.28919285333772327,-0.05583856021966258,0.39858376460672273,-0.6224045535472299,-0.5796415155889763
sample_3897.png,-0.1768392691567233,-0.009522869211480227,-0.21596876111703972,-0.4705000398212152,0.7462991821945102,-0.37902760486765086
sample_3898.png,0.06709954212850021,-0.05404205462324919,0.006188882539662158,0.3233511396272757,-0.3221730843313654,0.8855435335122213
sample_3899.png,0.21849957015028715,-0.19467676485120525,-0.010760706726508746,-0.20408301871046747,0.7919016582003896,0.4954644159528013
sample_3900.png,-0.1508661871560425,0.11677946642627243,0.3168522029653056,0.2979361952959067,0.32420612009644567,-0.8181265467486276
sample_3901.png,0.006267905941504713,-0.5294534140897675,-0.4418525410307013,0.04771430591775484,0.3752135916150728,0.617530754964167
sample_3902.png,-0.08268553425111082,0.12845698283194118,-0.15571478353224774,0.38914503441552906,0.49981741184560685,0.7424038720147705
sample_3903.png,-0.22483233707411915,0.1379769277567111,-0.0985487910201455,-0.06132206633094564,0.28653006234672795,0.9136963669368288
sample_3904.png,-0.14792111343643186,0.41939597367485665,-0.07973911123039347,0.45098523067973956,-0.5565572024414152,0.5317183819697789
sample_3905.png,-0.2882261435079853,-0.5198695748481323,0.4481451831756468,0.5940995793726705,-0.19100868968449974,0.2374627979209139
sample_3906.png,0.31186673181760666,0.15244915447509494,-0.044372318438185475,0.5276046802470651,0.598833246493781,0.4904707315597584
sample_3907.png,0.4915643047591009,-0.3951869152271167,-0.3525971422050452,-0.20357269604497735,-0.2276806625141716,-0.6201505986217378
sample_3908.png,-0.11026411054742799,-0.2781589393445267,0.20942569009601597,0.1790890278111381,-0.5008581510410193,0.7639885754179528
sample_3909.png,0.19172838384718882,0.38873713247706754,-0.03309881112183031,-0.7224556279418194,0.2612632413957465,0.469922889114536
sample_3910.png,0.2636251471368117,0.16704418946665184,0.16006173615658723,-0.664039669678046,-0.6535852827817221,0.094105559910511
sample_3911.png,-0.014591314041916074,-0.15732196846945196,-0.1239774421216731,-0.7056303057050013,0.588416741807943,0.3398795305210141
sample_3912.png,-0.04706892975404925,-0.03689616262451626,-0.03498143634728395,-0.3181020847018754,0.4981588714636381,0.8036468693629497
sample_3913.png,0.262403055657859,0.03954954286446898,0.11987373710656585,-0.6447171126894435,-0.703483950388007,0.06827102858905389
sample_3914.png,-0.05737605371486289,0.1787667257528488,0.24560510575545355,0.5358483596732885,-0.5356543151510565,-0.5747778426018753
sample_3915.png,-0.25774184504968534,-0.3192846150574739,0.0411111694316743,-0.6261003753032952,0.3463274239809406,0.5639077788874204
sample_3916.png,-0.09550453563878748,-0.06834601025575758,0.1138241362794656,-0.6208775963835735,0.07353829491902254,-0.7631218133719755
sample_3917.png,-0.28383933150109963,0.2525524842420351,0.12404888666150837,0.5187567892001064,-0.5863635155322201,-0.4767951044481456
sample_3918.png,0.12685637533667246,-0.21021214922888135,-0.23783193951418222,0.5300967485392719,0.24234880990671165,-0.7371694326441043
sample_3919.png,0.3276202755728589,0.4020777929307036,-0.16586802515726184,0.690945228730191,0.18312020292987682,0.438802784710709
sample_3920.png,-0.4374979421508656,0.3894027000403384,-0.22170914087741336,0.4958297887379668,-0.5089575781638944,0.320813261720986
sample_3921.png,-0.04925507287487794,-0.26264447243235384,0.4010971818790099,0.2490555779591251,-0.6600754452348713,0.519600418851804
sample_3922.png,-0.20685585026205713,-0.24513120406784816,0.3583168075409203,-0.44914814389176005,-0.4747807081906951,-0.5844481494596593
sample_3923.png,0.4139086287363029,-0.009401215018915585,-0.3461300040954191,0.2691761685407876,-0.37574247434121794,0.703666872706359
sample_3924.png,-0.3220966448233897,-0.32499726877581697,-0.025233466663701888,-0.17265226509998272,0.24904713734376258,0.8355600023808157
sample_3925.png,0.09059358684465164,-0.48972300424443516,-0.22556526060398743,-0.31687132246700356,-0.6457614795313649,-0.42856641363568804
sample_3926.png,0.0846917880470801,0.003782062758858855,0.1458835441326924,0.6386447035759661,0.21551826371304908,0.7191771751039102
sample_3927.png,-0.3855005495020903,0.27783011854660844,0.37629475288535097,-0.010045350458043724,0.7922576937227923,0.06948991426195425
sample_3928.png,0.2540802337770024,-0.0007375932565808483,0.04210000703361286,0.18275934047992276,0.7201099595536168,-0.6178276052320855
sample_3929.png,-0.3109142598037749,-0.36378336677333756,-0.22257752565723546,0.16679033243224442,-0.03792665131116563,0.8319830432824287
sample_3930.png,0.10716539411401749,0.27014756542295165,0.07058830529567298,-0.2853758588606643,-0.40553815031315793,-0.8152622830574495
sample_3931.png,0.07738332363963898,0.1535475078757919,-0.14332363088729005,-0.0762911090649377,-0.3087778582118454,-0.9212650117271619
sample_3932.png,-0.2357720212207378,0.2244474513363198,0.0813687109553866,0.2698623451656963,0.5296018098913955,0.7308284792596726
sample_3933.png,0.17605938013452146,0.14924380003597548,-0.09127560494349364,0.35005202299689153,0.1883008831036441,-0.8834050630247942
sample_3934.png,0.052174205390088546,0.14691026884046496,-0.059583287039317576,-0.1391657285165873,0.5779880807693633,0.7865797706537595
sample_3935.png,0.06902604883589596,0.09691882464094742,-0.03682162116745515,-0.506910960038421,-0.5304875675508394,0.6679150645807012
sample_3936.png,-0.12789454628402358,0.14104505324326141,-0.18555324989481073,0.1853328140494731,0.2094479709980984,0.9225522017323281
sample_3937.png,-0.2355340706544456,0.21700118560662818,0.26016392380319847,0.468049019848455,0.5644215580919848,-0.5404695546813945
sample_3938.png,0.07681298281828473,-0.18925201909428158,-0.17186769976137267,-0.6746049061102368,-0.5974696683768717,0.3415891519642566
sample_3939.png,-0.319879004553173,0.18829760939756734,0.08278953075919668,-0.043466797561445066,-0.8103994349210114,-0.4435433684853851
sample_3940.png,-0.2826150396999419,-0.20050548736604878,0.10402294617005522,0.2605437295556044,0.5156091944102992,-0.7316895784213575
sample_3941.png,0.01881008905323341,0.30682954189848066,-0.1628865303022198,0.15849260043016347,0.7577602662060862,0.5288187454907852
sample_3942.png,-0.2112322655496937,-0.07681911108302662,0.005316766772267349,0.09466974854035537,-0.012435695349250276,0.969708450178059
sample_3943.png,0.030746660368671536,-0.23334068213832107,0.0918104462238748,-0.9671563287176973,-0.02231302295135648,0.016981629122298666
sample_3944.png,0.10771072307663315,-0.07551730622291827,0.41877487084846243,-0.5389841151469198,-0.7111701298603759,-0.10514900928998092
sample_3945.png,-0.08953466776514785,0.16098335131265598,-0.01901871334323508,0.6055805712956555,-0.6254304960419765,0.4558673696383777
sample_3946.png,-0.40717339500603617,-0.4092613761333719,0.13853459360281242,0.02011659638203088,-0.7950711840745797,0.1223938461861101
sample_3947.png,-0.14187212931977272,0.5378416582366651,0.03177872731721994,0.7704350121457256,0.1690603104941134,-0.259686860571064
sample_3948.png,-0.09284233164656124,0.14822557145212567,-0.15229565289899194,0.49621527200251947,-0.7485354962234071,-0.3737385854514276
sample_3949.png,0.3076539665277183,-0.3769690843235319,-0.31166923289183324,-0.0970903281415793,-0.5943288942722497,0.5508650190628746
sample_3950.png,-0.021300701081558193,0.29473055967586126,0.10879798679495473,0.6404925185698536,0.544620386025281,0.44045560976978415
sample_3951.png,0.7253254711547696,-0.5554286483981674,-0.24873367792311532,0.28098937570906235,-0.027746751724200453,-0.15430043229661933
sample_3952.png,-0.36860943602828683,-0.2993920575848541,-0.273345540896082,0.21723526694344078,-0.7665347753369306,0.25496464812482805
sample_3953.png,0.10347556501846193,0.27123011997455454,-0.3334612822465204,0.7589007494576235,0.47258852771618776,0.07252819209734093
sample_3954.png,-0.23815527003428058,-0.16717972941951206,-0.12496825837861399,0.8067747576468729,-0.007323519665513933,0.4987752964085852
sample_3955.png,-0.09442443912748404,0.11615156234997628,0.03313138634361216,0.5600377591387896,0.09025541000433573,-0.8091395555785307
sample_3956.png,-0.09480567900151868,-0.3964105013329924,-0.26547249098687187,0.0039845789272865695,-0.5819212145598843,0.6517259986889684
sample_3957.png,-0.17607305573030896,0.2310668085405326,-9.570810038294994e-06,-0.2324035738818773,0.9119033894860514,0.1732835711654904
sample_3958.png,-0.11587986778011107,-0.33598793475714556,0.16304228804018545,-0.4934650924748419,-0.2608208101853636,0.7318236698375911
sample_3959.png,0.011348117555715855,-0.11197225059828059,-0.2115457723416895,0.2579304513915539,-0.03994460143863109,-0.9351246615233254
sample_3960.png,-0.38901089346319995,0.21764529553234974,-0.09765326910214407,-0.09965412724582812,-0.7238304246667252,-0.5078419639838005
sample_3961.png,-0.04034947188801665,-0.01828178049494848,0.24210282117636245,-0.4867474888745817,0.3486298131172705,0.7622060456850529
sample_3962.png,-0.07555430503744077,0.021526775833510464,0.13370436843081512,0.957306941126873,-0.24200583390367444,-0.030787718361985884
sample_3963.png,0.23926987580485531,0.15372276304559818,-0.2632035966615388,0.3862686338372863,0.6195699836616014,0.562825624165625
sample_3964.png,0.1624718034952618,0.10645774259909944,-0.10277272864792543,-0.6171659308704093,-0.5198831118702344,0.5482109011328975
sample_3965.png,0.4065362929085346,0.3278639792455922,0.2690551461672437,0.18157568143004132,-0.39042182497516903,-0.6851597277121809
sample_3966.png,-0.09955833516742817,-0.23821358672158635,-0.17617359575487243,0.6158044241630616,-0.12442766675376218,0.7124661087280859
sample_3967.png,-0.011417994567324825,-0.2318380502005386,-0.002864893716237595,0.5063851235213632,-0.2829814866670466,0.7807740551166064
sample_3968.png,0.15929345326583116,-0.47081938384966154,-0.07024001825735673,0.17999451149331333,-0.7658388250833158,-0.3593242452167228
sample_3969.png,-0.1714513409225558,0.23686588805436676,-0.059276900858874174,-0.5214759903585835,0.5305980380390543,-0.5979245364636592
sample_3970.png,-0.16282339386733186,0.16610983619151487,-0.3055358944435341,0.4029905245706653,-0.10856371459715773,0.8236239669385952
sample_3971.png,0.06840671212457324,-0.13884827108001047,-0.09435174300381656,0.5416469788629381,0.27418868885551556,-0.773678577407236
sample_3972.png,-0.2207884325443426,-0.046272337300706394,0.19865350763601264,0.5590536789791878,0.08618997255179767,-0.7679051994944468
sample_3973.png,0.041896573741469205,-0.16670822408513228,-0.2798315479072733,0.41398508269965595,0.09421518863022642,-0.8437340810115804
sample_3974.png,-0.19219472656957545,-0.2295841329597366,0.311767220070718,0.6179713161992146,-0.20012627532542565,-0.625471374037798
sample_3975.png,0.2869297033940415,0.15565211648684815,-0.1393504185503399,-0.7317964344371048,0.2611550874808416,0.5199011671666368
sample_3976.png,0.1508099150229431,-0.311828911221254,0.4449012944779794,-0.15651221131633572,0.6691665003360354,-0.45804154873335645
sample_3977.png,0.18937061630548166,0.005307362714598107,0.12110599220170566,0.06447906209629976,0.4951990360013776,-0.8366984555551815
sample_3978.png,-0.4566657648255233,-0.3443933880110914,0.3280261981688129,-0.19805172716909059,-0.6000813903232173,0.4073404291235661
sample_3979.png,-0.031936154438281295,0.4075736344214563,-0.3168975939507266,-0.0748520978720392,-0.7210430782093733,-0.4548997387589115
sample_3980.png,0.05465869299671567,0.2538251719096374,0.08838048228084383,0.3092334602026881,-0.05740507103890383,-0.9087647796029675
sample_3981.png,-0.21666342014323484,-0.09636288530970662,0.06923307290143042,0.2327503970099892,-0.71685561445139,-0.6090346616116871
sample_3982.png,0.10561059596408659,0.08736658856690604,-0.1691356966226297,0.6458271813804415,0.378308583004277,-0.6264155690639878
sample_3983.png,-0.22972354065134373,0.09073452750178039,-0.13395763368706823,0.4860053109194032,0.32596111450797544,0.7606562182441243
sample_3984.png,-0.4682873764218646,-0.4060828567170594,-0.15947076766437523,-0.3333327764268486,0.6896304490849264,0.06059558300293329
sample_3985.png,-0.10476601110236107,-0.27605900418429075,0.21126868897818857,0.7421829106231785,-0.28410262321341406,0.48644760955942523
sample_3986.png,0.10308120481043384,0.3248421306080827,-0.22569295678195028,0.2510965343903032,-0.42960729352969806,0.7650507489174289
sample_3987.png,-0.3977673573401776,-0.23322703918002494,0.2223539290071338,-0.06861585167920069,-0.08946856186102892,-0.8516056888148869
sample_3988.png,-0.23983294594791518,-0.12297188967491378,0.08986418679656176,0.5194354918623706,0.6085596280317302,0.5283222967495288
sample_3989.png,0.2414895339274574,0.2867101939592568,-0.26333039854873835,0.4653665789864365,0.5799922012362447,0.4870114624432402
sample_3990.png,-0.3301509985611685,-0.3753369332244622,-0.3872715285763841,-0.13364226662362733,-0.11485518833365138,0.7543814009805454
sample_3991.png,-0.4486216280661953,0.4150650885530808,-0.1509130295308117,-0.4445119935939514,0.11050103798294734,0.6276013645374857
sample_3992.png,0.2857866112979766,-0.6462050792524121,-0.44425938292252826,-0.4147909245753879,-0.34888835211500974,-0.09800008002479074
sample_3993.png,0.5012350115568389,0.3348329581913437,-0.35070856434968334,-0.6641382519922933,0.2693812786537462,-0.0028222582672828927
sample_3994.png,0.12853973713207073,0.24050712274264968,-0.06120516133883043,0.7549187758002274,-0.4086514500899126,-0.4301039669629374
sample_3995.png,0.052880867591349544,-0.21003463388691454,-0.25085919088060743,0.5586610607059048,0.038931493865741025,-0.7593028979253523
sample_3996.png,0.09817199835964427,-0.12064080043657387,-0.05550397027258038,-0.1324608515030559,-0.648374117013328,-0.7312950789512739
sample_3997.png,-0.03697052341572156,0.01876146445273079,-0.25184386501984907,0.04301982053780471,-0.2979564285247774,0.9188183265714038
sample_3998.png,-0.18066562634646055,-0.29965522129099,-0.09173751220597792,0.780125292734531,-0.11630298128299034,0.4970201734786003
sample_3999.png,0.39003631485804835,0.24281912098741354,0.09598959255403243,-0.6684472187947983,0.5618796626345105,-0.1310194874795046
sample_4000.png,0.003591342495307828,0.27750472623663375,-0.2433877596507133,-0.10991981753809694,0.2799729481689632,-0.8793596588618273
sample_4001.png,0.3197720405802592,-0.3836721175131735,-0.17916267197382993,-0.24022294453719564,0.5996994233889971,0.548721991341769
sample_4002.png,-0.3905961793393266,-0.028969135640739378,0.22780712019083882,-0.4249830256299254,-0.521068642433058,-0.5853001175939654
sample_4003.png,0.5430701112511439,-0.41551784192767477,-0.5118112062449672,0.34401243405551957,-0.0779919190161974,0.3821541210701222
sample_4004.png,0.017818422528931677,0.11779272516337318,0.16024292787954042,-0.6854724255189288,-0.012295475308860474,0.7000756794246495
sample_4005.png,0.05183153138929703,-0.1772034374849252,-0.08427982324720873,0.20518733627795135,-0.5528860850298017,-0.7816805482435671
sample_4006.png,-0.14195537017405363,0.3666894308829815,-0.37734323104909206,-0.7315263632161934,-0.06630193492327172,-0.40431776300827305
sample_4007.png,-0.011623814276928907,0.12665350863072034,-0.039549391079103116,0.15265489109612768,-0.3609830191748045,0.910300700565658
sample_4008.png,-0.2442456955873412,0.24646574867486623,0.05441820302435847,-0.4477144831890451,-0.17566052292740528,-0.8033258718131951
sample_4009.png,-0.15973101893329691,-0.39523177404251814,0.35516808305952824,0.5165136663570188,0.10864677141580231,0.643073083467896
sample_4010.png,-0.2489747226901567,-0.05344534840087129,0.28486389838243137,0.2039187840915104,-0.5842831759827812,-0.6863221119504653
sample_4011.png,0.48756246061862113,0.10271251530034277,-0.4859973262380425,-0.26020925864535877,-0.6591409562583102,0.11560245059590708
sample_4012.png,0.14888134092243055,0.2678957978908822,-0.21027084044058947,0.09987497443692056,-0.5574034569673141,-0.7356485146454568
sample_4013.png,-0.19519888384411369,-0.07835677250726607,-0.2673574241635433,0.6435993574464984,-0.6499595467796278,-0.2181973288960415
sample_4014.png,0.3427027134265316,-0.20423868841300127,-0.30096047050134894,-0.6756586973563861,0.499389286536719,-0.21061782626371983
sample_4015.png,0.24104570456319102,0.3627904571997196,0.16207428163135534,0.6418645979152638,-0.3724140989403725,-0.4830419821957926
sample_4016.png,0.2530596024194844,0.2898426126311653,-0.2796833226692768,-0.2839430951247448,-0.5485554923518032,0.6262527661326188
sample_4017.png,-0.17275266656293284,0.10872842389955374,0.38820879192600394,0.10181534689919208,-0.5794651457437275,0.6793249295492293
sample_4018.png,-0.36298496664831853,-0.15342657891665393,-0.18977742721514076,0.5204113658666557,0.06303771326603169,0.7306743350986432
sample_4019.png,-0.09460548458178558,0.35066647934888956,0.12133263771453785,0.6067095624953535,0.6892040712855791,0.10130384234278705
sample_4020.png,0.20139671659984046,0.16163458654469967,-0.2495648358780179,0.3598942360730417,0.38472987276500337,-0.7703830732253477
sample_4021.png,0.371638135953606,0.010466641763161078,-0.12104962995103781,0.13907009665910208,-0.3599983756952458,0.8355735815090496
sample_4022.png,-0.41742664823291586,-0.43862012214922985,0.3017748958208533,0.39006672193154474,0.20620080944354555,0.5896002651538981
sample_4023.png,0.07333431351800261,-0.013576609506186447,-0.31060262394826327,0.5271934851839805,0.5147382379202977,-0.5958819847368176
sample_4024.png,-0.36548615914362265,-0.17458747627940763,0.357830909499486,0.23182155917541844,0.2825954500481103,0.7578223387583559
sample_4025.png,0.2706945274295835,-0.24499808756761707,-0.19996533911510359,0.5049172242374405,0.7215088822733269,-0.22626931415797252
sample_4026.png,-0.40043206935408127,0.2348285966636324,-0.051929395243558496,0.12333322885216488,-0.6247663116760149,-0.6134076918225622
sample_4027.png,0.18021389340828314,-0.20180057992798195,-0.6311893991818959,-0.11462568503755477,0.435211198583195,-0.5708341141533199
sample_4028.png,-0.23746777118862247,0.024610636631728574,0.18228390308351394,0.06218276650172497,-0.7840925306755379,0.5395444001905236
sample_4029.png,-0.15851622554987524,-0.14943697764922473,0.2950270614578024,-0.5464321887710796,-0.4637463280008267,0.5931706628759191
sample_4030.png,-0.1652577194302523,0.25878463003385804,-0.2742044658052125,0.6838205345171823,-0.5923966949865607,-0.10948947301482666
sample_4031.png,-0.030965499729582836,0.20410846635024044,-0.037817510564600886,0.24942631661880277,-0.5563011165960062,-0.7643731339714653
sample_4032.png,-0.09895380673492205,0.12243819491509478,-0.1391505284777506,0.18100360709718458,0.28848463362454935,0.9164433825192264
sample_4033.png,-0.15248414989724784,0.2271284468872363,-0.14899697996164615,0.5603179290953437,0.4270867477095745,-0.6376534175178379
sample_4034.png,0.23597910250633056,0.24957672877221476,0.06428634990441821,0.6166117709038758,0.038995646637658025,0.7043875697211949
sample_4035.png,-0.22940951414786764,-0.11897775176023441,0.18717537953767285,0.4395664515192873,0.3552232711519367,0.7607750712466249
sample_4036.png,0.04849087528220976,-0.2637938397483564,0.014112118651513454,-0.040974682443304655,0.1377215732881008,-0.9524789430124269
sample_4037.png,-0.025773519410312543,0.5195987846123201,0.10549963448994157,0.10500248724121354,0.7837342173902536,-0.30488983258537866
sample_4038.png,0.1272104849308914,0.062193000659495706,-0.40178104306201534,0.590976153138669,-0.5106810367549459,-0.45658907318170494
sample_4039.png,0.0986837324471707,-0.36681231733055114,0.13743966476637826,-0.6140809857087666,0.6680536900022995,-0.11588526057723182
sample_4040.png,0.021666832965893567,0.030239621909321855,0.12043310746533008,-0.31466770335270217,0.27041864920783387,0.9010937636392785
sample_4041.png,-0.3132554733937804,0.053511525490511615,0.29872941953240095,-0.35515331792789706,0.7951454556050194,-0.22666734244227574
sample_4042.png,0.033019925255952966,-0.35390441385436705,0.1366311650555376,-0.6479335164509732,-0.18474947631499808,0.6332796099566643
sample_4043.png,-0.24861979028746753,0.33064471699852865,-0.12173013202160629,-0.07509087935188337,0.6937205488986125,-0.5719765780434979
sample_4044.png,-0.20789964930635962,-0.20757258427475409,0.3173030735671805,0.2141247158149347,0.09460959055872856,-0.8707524039772134
sample_4045.png,0.3701099361039051,-0.3018766326404651,-0.275139160936173,-0.654894087299506,-0.362970313965356,-0.3681764000885903
sample_4046.png,0.1731011394708985,0.10199238121819769,0.2855487038353493,0.21003100716129605,-0.0985768247778772,-0.9078904521321908
sample_4047.png,-0.17511099021786233,-0.13804610953748528,-0.26380664728681197,-0.4211132438376489,-0.4531439521501288,0.7056979949582332
sample_4048.png,0.11792215066763323,0.14086342892272222,0.17626418705493874,-0.5574005390015897,-0.21728794223830264,-0.7597850922560248
sample_4049.png,0.019463450330309842,-0.11454576474358771,-0.2407442429309006,-0.48730850659182834,-0.4717171978616807,-0.6845114725268963
sample_4050.png,-0.282122145333381,0.4729576316589355,-0.41382354396775056,-0.48047338670912726,0.42297396113446833,0.3401567301884697
sample_4051.png,0.13135729071707508,0.12225934158191018,-0.09744647041700437,0.044143759220335796,-0.43645186533420843,0.8751361029822062
sample_4052.png,0.0005750236162501368,-0.0764931237937189,0.07488910055256093,-0.7141578302509135,-0.6905531964270926,0.04068132709463259
sample_4053.png,-0.08973740179880771,-0.05917823727944127,-0.027147095088101883,0.42873774848017054,-0.11507349572542397,-0.8891851347097859
sample_4054.png,0.06311371568627079,0.5184719585329611,-0.3946960303896973,-0.5863585424289532,0.4310274277861666,-0.20449339089202226
sample_4055.png,0.21562883775185612,-0.0034675286398025817,0.3303845628049564,0.7203055543517799,-0.4829159565898575,-0.30379320018060246
sample_4056.png,0.2294036737219875,-0.16545007973796155,-0.06518992897343306,0.20150420166256547,0.4692037855088697,-0.8093172203372886
sample_4057.png,0.0490751380068176,-0.3305624617241834,0.10288691447007021,-0.020087277477669824,0.1010224977176199,0.9311956447480394
sample_4058.png,0.3012720278404148,0.29617271281567303,-0.29623634402993126,-0.6812489882105043,-0.020780609576493022,0.5188727206434184
sample_4059.png,-0.3052301476568834,0.04141647998053445,-0.1092998969584767,0.5901796278083253,0.037773007888586195,0.7371797416284044
sample_4060.png,-0.5059904040297278,0.3251535080039057,0.5240691228094504,0.24657363377937816,-0.5487302900945767,0.041194339876672495
sample_4061.png,-0.32135178302189427,-0.3292885714927536,-0.07933317180818514,-0.347118376614407,0.11922658482474252,0.8045509121064814
sample_4062.png,0.050900336105416756,0.4472299714513227,0.002208583277959898,-0.8855923141981784,-0.05832139384045435,-0.09856215619359562
sample_4063.png,-0.3252151705395874,0.0045949488923375005,0.21209918008419532,0.17260731825318923,0.5175683886358944,0.7426692358469428
sample_4064.png,-0.038461112457683244,-0.2970458257595553,-0.2187331394141474,0.4954839660558722,0.4683324702331389,0.630555842615261
sample_4065.png,-0.07909463285180347,0.2682443830316929,0.008295532010761098,0.7048331032789861,0.2551807346906746,-0.5998443659312681
sample_4066.png,-0.03598632335906407,-0.1928209889375302,-0.2009701823907488,0.857479815119195,-0.3547839504779281,-0.24493417828572894
sample_4067.png,0.2757201252526113,0.2747142257788121,0.12126091871294371,0.6567770874046789,0.62148064371402,-0.1273262079359905
sample_4068.png,-0.148867877173357,-0.06522109278454866,-0.027699483877652784,-0.22292782483977167,0.4212588334214266,-0.863516926858661
sample_4069.png,-0.11357426533515894,-0.053500219776220326,0.11530801065183988,-0.044885833531501676,-0.2095958714368375,-0.9617679075753178
sample_4070.png,-0.11493849028671242,0.1540837053297663,0.09013625145189413,-0.37451875389933775,0.4533188627636257,0.7804873624966918
sample_4071.png,-0.2537211219607149,-0.060636806814521355,0.3324947855902819,0.7535780842940438,0.28127760724472445,-0.41761102238806913
sample_4072.png,0.4079219002884669,-0.4194452411429747,0.022968339802812196,0.7665188054342055,-0.08920840945903616,0.24825118108836475
sample_4073.png,-0.2957545257726931,0.16268454530675122,0.09158865666501914,0.9124886854494808,-0.19453996767891507,-0.08481224602477724
sample_4074.png,0.20330626654562634,-0.1007982116639631,0.160879897076738,0.4651543250269605,0.43997114445928004,-0.7160173092719951
sample_4075.png,0.17437539929607793,0.2674431852972906,0.05542514057637548,0.4227385894282065,-0.0667285063781187,0.8437030330603638
sample_4076.png,0.4716145722098667,0.29027582018629494,0.09441635151331523,0.05430085972872172,0.02729235204961123,-0.825052568151699
sample_4077.png,0.19859920530778868,0.06654859303880095,-0.1743673821758919,0.7566478149070935,-0.5498292059111174,0.22560493117897104
sample_4078.png,-0.24515027550814078,-0.32512502761829937,0.09194234315572576,-0.24168734042815207,-0.03246064501801201,0.875371464220361
sample_4079.png,-0.48053307521255234,-0.33474135476330225,0.3852428973418263,-0.5679300666830002,0.13876167074352788,0.4084418406279888
sample_4080.png,-0.07627863834629485,-0.27846950281331184,-0.03068482651293838,0.21426669900274412,0.6626660769944501,-0.6562455324465575
sample_4081.png,0.0401411984387202,0.24106870287075344,0.23855436984577372,-0.5320302097110734,-0.5662413341101914,0.528848735284016
sample_4082.png,0.2502929845190293,0.3009620971850465,0.29097987182622337,0.30499185977042254,0.579221142261981,-0.5775714553031817
sample_4083.png,0.10498778828237951,0.21205983987048188,0.11157224874007292,0.5411116596819793,-0.3695133133545534,0.7086733414957251
sample_4084.png,0.0746208572184326,-0.16238885957727234,-0.05764494925780076,0.19741473426000108,0.1409801047958568,0.9517828946388179
sample_4085.png,0.22844436453252842,-0.13480702668485595,-0.27328331824597624,0.201916565270655,-0.37071115263440113,0.8226538809365463
sample_4086.png,-0.26081743886272657,0.13404990631301456,0.03179345992426633,0.45618335345390487,-0.3696451910206639,-0.753825737750742
sample_4087.png,-0.29123246707520545,-0.4278078944850185,-0.17466696325938316,0.1371640128026032,-0.6197632736616977,0.5465665793801819
sample_4088.png,-0.29669134157245414,-0.2713859817718864,0.13733440916162024,-0.344550685319494,0.6558722446432915,-0.5201726451345867
sample_4089.png,-0.1789600568347604,-0.2715985852598175,0.09756123972560876,-0.45189881362348305,0.49493668779661804,-0.6599351849722583
sample_4090.png,-0.24392348448685774,0.18239605825934044,-0.3597976547161874,0.770103973271733,-0.4188048359501884,0.09654552834700335
sample_4091.png,-0.05985702026333683,-0.24483869418701867,-0.2000818777946038,-0.3447150491255041,0.09452226732432531,0.8767413923264062
sample_4092.png,-0.05231303823707708,-0.26315902034304445,0.257694291763795,0.03597587659425794,0.6745485040726336,-0.6366273478193488
sample_4093.png,0.2800613297987232,-0.3329460692158106,-0.31566126817970236,0.1260377381372071,0.09207502448090629,0.8286779885748088
sample_4094.png,-0.30979789702157234,-0.2542628393724321,-0.11636897275837531,0.034001023959206615,0.6039796596744373,0.6781492717416402
sample_4095.png,0.04512229355744447,-0.2464964196041873,0.22585190083651926,0.4587443930636608,-0.1951363727092601,0.7985422909987232
sample_4096.png,-0.009353727387875292,-0.25543383395709657,0.20209387268621296,0.2498622426049896,-0.4707717890547669,0.7808757348177748
sample_4097.png,0.304081602707353,0.4193473469113162,-0.08604262668570963,-0.3886110599973483,0.6404597694987478,0.4038212174065885
sample_4098.png,-0.15034333396183255,-0.18993224247187987,0.029084149994758023,-0.8961114223505514,0.26106258546118916,-0.26326295338903516
sample_4099.png,-0.1668852158331723,-0.36627087890484017,0.08676374914441265,0.0768234765265133,-0.7464664924831862,0.5170618424243142
sample_4100.png,-0.27191344488318153,0.03275662177176665,0.15271544703819465,0.01709733347408045,0.02448947392783112,-0.9490922090674863
sample_4101.png,0.4032352494662762,-0.08313250180981471,-0.30412962277109495,0.5271994438372127,0.6223199362070769,-0.2697668191249173
sample_4102.png,-0.22391461084980607,-0.3115516734866163,-0.015607995878501181,0.07022386890877653,-0.5721911984577465,0.7212628043253695
sample_4103.png,-0.13435094177921686,0.1576357631195708,0.1989811262504471,0.395005806262884,0.7464648646835489,-0.4519600876586691
sample_4104.png,-0.04061614542869067,0.20484330080500165,-0.3019338411507257,0.1529942659952648,0.2180401160538185,-0.8912220647950784
sample_4105.png,0.5445145456158351,0.46882565626642064,-0.10583370101161492,-0.6333588708889849,0.20306041048609688,-0.17357606899792577
sample_4106.png,0.2766505027435074,0.1961711938986387,-0.29692141124615024,-0.03637246378478337,-0.8579528403619949,0.2437478310729173
sample_4107.png,-0.03453432121366698,-0.18030383601688105,-0.13942365683555402,-0.47935113935010415,0.24998051374178626,-0.8090680930821955
sample_4108.png,-0.20864459268512514,0.25598951671070164,-0.041769399829970334,-0.6298544278868874,0.48715280260276916,0.5051313345090291
sample_4109.png,-0.026752113449499498,-0.319478569584392,0.21649732432677493,0.6201081946069503,0.08128231899458056,-0.6776471708505946
sample_4110.png,0.07315952214678464,0.156807380922588,-0.15669354191720833,-0.19790276059093498,-0.5152329975465623,0.8005471373495527
sample_4111.png,9.650551446084736e-05,-0.1153016268583286,-0.24666191703335122,0.07703045398015954,0.45194965394827696,0.8459735478557138
sample_4112.png,0.15332022890536345,-0.02261737657328704,0.22357532194586346,-0.3237236154346429,0.7449537210409123,-0.5159868326027076
sample_4113.png,0.019427247649833137,0.23113548504642356,0.29171666997666984,0.5642184524878763,0.47001616654550443,0.5673118147164607
sample_4114.png,-0.20387327272279446,-0.31763023170245996,0.141771586420668,-0.12429974352259532,-0.011222751013228775,0.9065711033788899
sample_4115.png,-0.12657888473562315,0.3181690783155497,-0.024070697936860674,-0.883440780029137,-0.2650956890889955,0.1772667167059074
sample_4116.png,-0.26299902361450894,-0.026204952471034874,-0.21739836611662847,0.4208955705854431,-0.32189998820637267,0.7759575250668799
sample_4117.png,-0.058165114045403865,-0.09297490788134634,-0.11586724716034105,0.15217117205575895,-0.7106949457752345,-0.6680597993389049
sample_4118.png,0.3086629735807818,-0.3508815263679003,0.28210955443412133,-0.4126707944426862,0.4093107822569085,-0.6034824118673745
sample_4119.png,0.31542265320640167,-0.6369944154555462,-0.0906152726495319,0.3207101183542972,0.016682648999845225,-0.6191948369397574
sample_4120.png,0.07148314489333031,-0.1451651681818839,0.2914574903365667,0.6809426932109957,0.5861344170230066,0.2857153461283639
sample_4121.png,-0.05776688806531865,0.2379605160141156,0.10824909331866803,0.34400564023061725,-0.22120593999674643,-0.8723806307208511
sample_4122.png,0.5296147785037483,0.537360788900939,-0.05811475461602857,-0.47976473788503443,-0.410016984694415,-0.17054651207898913
sample_4123.png,-0.2558429746427343,0.014224667815740888,0.2755291782707726,-0.17343607589780663,-0.01434195550140859,-0.9100219442202961
sample_4124.png,-0.3351547383339107,0.04408517118387475,0.30227781297792344,-0.4127531436786118,-0.009580589324152615,-0.7898727603398695
sample_4125.png,-0.3744373717604014,-0.43567715976291527,-0.37285582323212535,0.4721182558975297,0.26803916276684864,0.4860246514771629
sample_4126.png,0.05667543445140859,-0.25440778169928063,0.23482547104800772,-0.22849070687947104,-0.4734033148106337,0.7749857239225121
sample_4127.png,0.14164949010144487,-0.1952372937220774,0.272571580053283,-0.646454890030601,-0.394482074724115,0.5422199947606304
sample_4128.png,0.22692019724521362,0.28545503727514165,0.1727880415203029,-0.39115407710915817,-0.07889770683698902,-0.823371470419498
sample_4129.png,-0.15898086856989854,-0.007605467062798733,-0.12958836744560082,-0.13515418624418213,0.4942804955656669,0.8338430505594762
sample_4130.png,0.13476144326133147,0.5174914325549892,0.31267105486122215,-0.4507196480369786,-0.5505807331253494,0.3316495699964851
sample_4131.png,0.2111843718201597,0.2808165807418257,0.1780773322887538,-0.47636406090470973,0.41805722309819965,-0.6656854456108463
sample_4132.png,0.22169803482069267,-0.5424570372465024,0.06296828989590578,0.7099183131030058,0.38307779735700503,0.043505499181859746
sample_4133.png,0.2741537477677552,0.4696097160097465,0.4716383458107731,-0.01767502756086117,-0.36310155535347605,-0.5913616168433882
sample_4134.png,-0.21136094253933876,-0.23572340658963606,-0.26826655546999195,0.06293576821988077,-0.4327295131051797,0.7978585967057399
sample_4135.png,-0.20462168223258229,-0.308461596687297,-0.009553291485139458,0.5757695980940327,0.4844401652466733,-0.5446992209996664
sample_4136.png,-0.1566924502653673,0.21359245356807566,0.2267746843809113,-0.2722838176861103,-0.5497383722970944,-0.7085536161667381
sample_4137.png,0.15118608769225042,-0.010538843045850035,0.016941660435753295,0.5347881255765381,0.4681369834711049,-0.6867270966447685
sample_4138.png,-0.31810330651775237,-0.09262876308783739,0.11785849625471655,-0.5259993754675186,0.41225993010285455,-0.6555196263509102
sample_4139.png,-0.0744186707459385,-0.58229385289256,-0.3487690342006676,0.5944271624433509,-0.37242008927954995,-0.2042437679862893
sample_4140.png,0.4801977563280087,-0.5106674735560698,-0.4933651450667637,-0.2930263095990868,0.1621524710272067,-0.3912311821994372
sample_4141.png,-0.2134037646730199,0.007562219775874737,-0.20952907833639084,-0.039454452126592814,0.528884754562455,0.7932360770828244
sample_4142.png,0.17844175965630285,0.25532785380025796,-0.2925162923437617,0.39461544304094737,-0.1817283584280445,0.7928769766203457
sample_4143.png,-0.40036321786105916,-0.38481332551456676,-0.25392448297490033,0.4157924103482046,-0.2686613120207534,0.6181327738895627
sample_4144.png,-0.06356262415160702,0.2735355682240599,0.4323709112437173,0.5784360130300674,0.5747718367592036,-0.26313987788989857
sample_4145.png,-0.12303450961753315,-0.2968762826818853,0.20905970011395042,0.31694108311934566,0.2871895885705563,-0.8185911763879662
sample_4146.png,-0.3641946113337542,0.20609036860542232,0.09135501380243194,0.14530778940878,0.7405402269455658,0.4970202461763884
sample_4147.png,0.09924386376883672,0.2949836473831583,0.005553999892870749,-0.43977941349169475,0.5498811250134955,-0.6382235283885613
sample_4148.png,-0.3825190836448204,-0.2802148425507823,0.13134353286378256,0.7390844194666419,0.4359663600914405,-0.146953131327321
sample_4149.png,-0.19498462466873503,-0.3345476092875258,-0.06271036230888064,-0.5104779929109259,-0.19625455417239362,0.7396098109423037
sample_4150.png,-0.2982123419491219,0.26423206097991897,-0.22400334285317003,-0.8792502675247945,-0.1255801250807658,-0.04713723254929246
sample_4151.png,0.27935466272673704,0.019183723489550036,-0.186306658864741,0.24373918484868226,0.6682831118955426,-0.6171480196460766
sample_4152.png,-0.21550695078860727,-0.1739494973096625,-0.017495566352265693,-0.14999109588019083,-0.4570178613863464,0.8316426980597111
sample_4153.png,0.6230797119497852,0.3031638140531708,-0.2671988329154332,-0.09635597771066803,0.06957890988584055,0.6590466288150308
sample_4154.png,0.1402997443580989,-0.14293988529075893,0.31410596144040587,-0.49982807079348635,-0.15469231402903824,-0.76646187350769
sample_4155.png,-0.2995078972533325,0.13945028999716594,-0.047174775689209504,-0.07269611499895508,0.5338697269916418,0.7735124860706484
sample_4156.png,0.1660443587069714,0.1523666598159946,0.20669244301928325,0.4494975987622214,-0.004114597438400433,-0.8393014266112889
sample_4157.png,-0.0007201017983753271,-0.07650461696930509,-0.26733551572804504,-0.2849907746670146,0.02933063046582302,-0.9168414364203727
sample_4158.png,-0.2328413313433528,0.0554821331163261,0.4230836866200121,-0.08451351465546025,-0.8604688005657937,0.1271131406762584
sample_4159.png,-0.213667298867855,-0.23317679703131475,0.25136225604879486,0.13586981414184365,-0.0840787982425411,0.9007008561370099
sample_4160.png,0.2797417439990743,-0.4245026715526271,-0.15791424014137417,0.07487671261149158,0.5243900742304969,0.6603133038388983
sample_4161.png,0.047464265091820945,-0.3119937193773499,-0.08241481697501432,-0.1565214718754218,0.7186395455046621,0.5938628570892102
sample_4162.png,-0.10566359667577402,-0.3396899787978025,0.02550369765394267,0.30840237948964316,0.4972298570123821,-0.728317187541552
sample_4163.png,-0.21671109124080665,-0.03138649879918333,-0.163486606127015,-0.3474336963868188,0.1070695727101477,0.890589273154621
sample_4164.png,0.2896491808911413,0.19103849885203594,0.07570653509896559,0.46190518045158935,-0.5002128043668871,0.6405520424822324
sample_4165.png,0.159963585943289,-0.17541050271756814,-0.27393805619151074,0.3154462464466439,0.7925607416226883,-0.3754222749381932
sample_4166.png,0.003144899270692088,-0.3847482527602756,0.42390955385031637,0.6076155370826524,0.4696321241545938,-0.2872431179658132
sample_4167.png,-0.08400531005689958,-0.05688636441949284,0.04140248605634958,-0.06784739709898666,0.40272127185446854,-0.9062037251504445
sample_4168.png,-0.13056723053726552,0.09100126487433961,-0.00903884952417077,-0.544098191953667,0.33011164832341033,0.754700420335334
sample_4169.png,-0.1696287205088221,0.05220311808278057,0.2533405388627007,-0.7739269175108132,0.4412198254993474,-0.332688585539492
sample_4170.png,0.22163021842729363,-0.16430728456873242,0.04626941845695924,0.412034369181061,-0.502699406618041,-0.7065856555525375
sample_4171.png,-0.14892676591764745,-0.10359726432149727,0.0032208962176533155,-0.013383802636417749,0.6718154161503469,0.7180271384116987
sample_4172.png,0.34014111282792553,-0.3524917851073661,0.29979053617621326,0.10472392454819283,-0.6672731082322475,-0.4625566969275023
sample_4173.png,0.11988720579174131,-0.11259764982502925,-0.08419632997596835,-0.7665363215388726,-0.06995661589581026,-0.6110547805344186
sample_4174.png,0.03850618473310706,-0.2680537610942611,-0.3586765312880898,-0.6916445974038031,0.26011017988248114,-0.5019821172186305
sample_4175.png,-0.268516149023901,0.3133403973780282,-0.024804573001070338,0.8915248670762157,-0.13427900245908847,-0.12749183160468006
sample_4176.png,0.26243745355402887,0.1566612887240594,-0.3879856226507972,0.06554704313833654,-0.2986557431468164,0.8139774643225148
sample_4177.png,-0.10158419863408143,-0.30538645818338533,-0.24593507678968302,-0.8261789857548488,-0.11795080620131283,-0.3734321766587357
sample_4178.png,-0.021694357230727643,-0.3810061767103125,0.5320724902973306,-0.4465434885207439,0.5960576837121773,0.1287503933552471
sample_4179.png,-0.10586702559036709,-0.04396332053940905,-0.07465736404411441,-0.46044242896060833,0.23773566367269394,0.8442512666053521
sample_4180.png,0.18740672275669928,-0.44115805181231893,0.15539954854816734,-0.7138743936287796,0.26987796434225386,0.4045472881894059
sample_4181.png,0.3116347616038889,-0.15438187010347662,0.07061448492185479,-0.287888475080202,-0.09381738025832492,-0.8845236758505237
sample_4182.png,-0.3034285201448971,0.38985678457062073,0.23089067690190979,-0.647517482963543,0.5165897044074091,-0.1284075642769373
sample_4183.png,-0.33537536402164114,-0.10642069925439557,0.06218248965397066,-0.8771389695693104,0.3196874581507032,-0.02754079014883644
sample_4184.png,0.24113124611099926,0.10344668514565022,-0.15795512930651182,-0.49682913728059863,0.29190401599894383,-0.7577318367336832
sample_4185.png,-0.16218640504490206,0.02398627977083506,0.16295561831196131,-0.5913830794709847,0.6679221441449246,0.388216122202819
sample_4186.png,0.18120293818760322,0.24805357289331828,-0.17892993638078475,0.4329600445776462,0.46319767729031647,-0.6867404965385293
sample_4187.png,-0.5704458643359127,-0.3819421616652131,0.08517778971340853,-0.1276354411595524,-0.6774024730947619,-0.2151546623924355
sample_4188.png,0.1730689222382465,0.25801368626540855,-0.30135040227669996,-0.207776378685413,-0.2253882089925248,-0.8477577204662993
sample_4189.png,0.31316993733527865,0.2719278234541199,-0.28588888244687766,0.6633014370195807,-0.54022004716704,-0.12017029733173885
sample_4190.png,-0.022366959763441302,0.24313325068833833,0.0009701723533484673,0.2346311152232773,-0.46533150747004276,-0.8178018269794987
sample_4191.png,0.007288675543815222,-0.29235080424526105,-0.24683252838663916,-0.7109629016505383,-0.5331398831168724,0.2526760829659181
sample_4192.png,0.017375737662072798,-0.1520413787341521,-0.19933110379603133,-0.49459244818935,0.5125539152621581,0.6553742504067963
sample_4193.png,0.30987078079110786,-0.008744752288279065,-0.13381443872483972,-0.06713539233326107,-0.22022732007568396,0.912682908296536
sample_4194.png,0.18323739106113227,0.062023047970329745,0.07984968631124192,0.46830040897861586,0.07631354802268672,-0.8550276001230758
sample_4195.png,-0.06683622681822485,-0.10939248456334874,-0.06127379652264072,-0.31118254531853584,0.2826710524259416,-0.8961440869497218
sample_4196.png,0.23251084601874614,-0.04942949129610149,0.18012542183113409,-0.3206138443719293,-0.09149207368128419,-0.8943635879968294
sample_4197.png,0.07852343860205058,-0.29971103430057083,-0.16226835153333838,0.11110127521265613,-0.8240854435508072,0.4315275610816021
sample_4198.png,0.13382100554857576,-0.2882372405835192,-0.07917332952600091,-0.5644661089480917,0.21352688755316718,-0.7269986902652519
sample_4199.png,-0.7384754730417669,0.3096077799281009,0.17215724374370503,-0.023657607846018593,-0.39231919713063423,-0.4179531635292168
sample_4200.png,0.26007660254104914,0.23301752886294705,-0.21395580880204293,0.0928095186856763,0.24737792434321138,0.8731989806007288
sample_4201.png,-0.04749959745000139,0.03171252650506423,-0.04318415967350971,-0.13549816283259308,-0.46781064230928604,-0.8704405109306503
sample_4202.png,0.12159516986862401,0.1614203165296101,0.2612332689301069,-0.6841249329522194,-0.3316601513387708,0.5593656187211156
sample_4203.png,-0.4521130843453433,-0.04757053416841552,0.0437467040057183,-0.6154925370145404,-0.17793120730741205,-0.6171923942149962
sample_4204.png,-0.03448424629686347,-0.1753807810143651,0.10346461858168073,-0.47412946192888145,0.10403844142384225,-0.8495438465123523
sample_4205.png,-0.15766271019198838,-0.0004347088347533277,0.35908730743872763,-0.5060058778082466,-0.012188632554752781,-0.7681198313671519
sample_4206.png,0.07703579975932953,0.028155685868313747,0.28518446826185756,-0.5010941089108232,-0.8015601190243237,0.13545712080030006
sample_4207.png,-0.17913291033254053,-0.09316855005886936,-0.014152017955742727,-0.40175414673090787,0.08650797692158006,-0.8888985980509575
sample_4208.png,0.19071941589811559,0.3044589711212891,0.09813036573029549,0.17575957069564185,0.3236878638698744,-0.8518427147761066
sample_4209.png,0.32571580410819306,-0.2777868616494333,0.047656994811486324,0.01584895597022798,0.5177256968955901,-0.7390408640009557
sample_4210.png,-0.0892080190020324,0.18483093400251496,0.22142033536706385,0.5014192867455939,0.24394653693983517,0.7732536946319942
sample_4211.png,-0.04713482230117131,-0.16415992466652954,0.27795892883630025,-0.46082133770166117,0.415571677857445,-0.7131006498537864
sample_4212.png,-0.09133234478255726,0.2732081655666093,-0.07338698576361609,-0.4856426163921192,0.24313991855939876,-0.7852797466709076
sample_4213.png,0.2523553390678098,-0.02847678191694473,-0.01180209528747087,-0.5020369363281945,0.30908108589073985,-0.7666774831630654
sample_4214.png,0.11636243167815521,-0.23508508643101042,0.2196762360054864,-0.2703614501110219,-0.40531997099411404,-0.8034659578185804
sample_4215.png,0.24281644193072674,0.07222367120035857,-0.20874652288028758,0.31796460675084,-0.3640695826445912,0.8115421454728098
sample_4216.png,-0.12244500549333684,0.09655411483757381,-0.2716875596391629,-0.9239522231984876,0.06735098133633066,-0.20891751490622126
sample_4217.png,-0.18814326399492617,-0.3170489109923376,0.20999901582714192,0.4241883276495366,0.28476608666311826,-0.7476329662180521
sample_4218.png,0.07674744797761493,0.4123463421742313,0.3770440553735771,0.539867521116567,-0.1137128204731916,0.6144351534013878
sample_4219.png,0.29547068547471617,0.0029954024360349363,-0.02617865139387569,0.45949017677527965,0.5604864456541411,0.6218733805892925
sample_4220.png,-0.561199549361838,-0.006002298435719096,0.3376497554937747,-0.08879302658546982,0.5692254497877667,-0.48898861599045357
sample_4221.png,0.13470706677910538,-0.24693485917704633,0.15027012181262417,-0.3575623302988858,-0.23247548515451535,-0.8464043955030032
sample_4222.png,0.21851958907875207,-0.32426755831823517,-0.29346050605130775,-0.07555891917537905,-0.21965743678963917,-0.8408460806802562
sample_4223.png,-0.25541457312792576,-0.05664551196694166,0.0679167650901499,-0.12050191593196144,0.20332858935560535,-0.9333160064174182
sample_4224.png,0.3278037338936413,-0.06184314536046659,0.176009712585029,-0.6096848796288732,-0.1507106621249747,-0.6806697895211925
sample_4225.png,-0.2672528378895781,-0.2525650971582287,-0.04899672353310641,-0.5402848642449144,-0.7192024724180288,-0.23070800280027282
sample_4226.png,0.20218918381807105,-0.1474930751901998,0.09454115156306264,0.42392123923416114,0.57797139013531,-0.6439465447459758
sample_4227.png,-0.16204146393718902,0.03475628593399039,0.2369947869509513,-0.08805017956699217,-0.24431304864797812,-0.9213719854921745
sample_4228.png,-0.4701210337944553,0.3104547929032032,0.18403229883444452,0.7273321718170223,-0.3335051377536544,0.09218667509472891
sample_4229.png,-0.038890113435566434,-0.008139649782094568,0.16469553662997952,-0.26463954879129953,-0.2700900277575836,-0.9101175591724411
sample_4230.png,0.04493020416262133,0.305712699448064,-0.23243680869378103,-0.27264831097153663,0.3933959607754194,0.7882871739945325
sample_4231.png,0.04008262189197537,-0.2885903963385878,0.33568022138176146,0.596420795195311,0.5248798523938495,0.41377666819928016
sample_4232.png,0.2661402802451326,-0.058153991349432,0.12510568377875445,-0.2936024161518306,-0.5508242159869559,-0.7214751116425192
sample_4233.png,0.2688089562305466,0.012534242563545453,-0.009189913093524,-0.6461657810392043,0.5669156968538672,-0.4342540263320824
sample_4234.png,-0.367890905907028,0.4033706406418286,-0.12345986512537775,0.3558163719457222,0.7483481604230855,0.00870686907551237
sample_4235.png,-0.37161784281689764,0.05520614891223244,0.2233884679783794,-0.638561004613224,-0.18666330722044114,0.6052658139376005
sample_4236.png,-0.1403003329027589,0.13401377235021977,-0.1331065946116476,-0.41681177334223907,-0.4744991417758381,0.7387538628907602
sample_4237.png,-0.31544231830997355,0.14613634727098124,-0.04167609255162354,0.5383281200584353,0.6258616609097005,0.4426097962007338
sample_4238.png,0.33991987465352397,0.2890468545423206,-0.2531295655650626,0.5133553076610399,-0.38821541273877475,0.5679673750664449
sample_4239.png,0.19662958951141407,-0.24850605215738877,0.3489403546177088,0.3236856231498476,0.6258065719811783,-0.5304865006013355
sample_4240.png,0.08632335729529826,-0.24790395413651886,-0.25344386527929896,-0.16040632425046397,-0.3874536323466035,0.8312686741258289
sample_4241.png,0.20192046536312755,-0.19537313078917112,-0.19941610169161444,0.229421960844423,0.19771203460210665,0.8885753761359192
sample_4242.png,0.13660748221110736,-0.26681155272444723,0.11109723351818793,-0.6721003231036565,-0.0982437206854452,0.6606335768572146
sample_4243.png,0.3368396696949047,-0.33105957710012257,-0.19081260663579913,-0.34793676534424445,0.162003854134752,0.7702102966373778
sample_4244.png,-0.1574080331502849,0.10208330431997935,-0.01563226575082742,0.5842433231598996,0.25786828128180284,0.7461374077193925
sample_4245.png,-0.29431771899117093,-0.27648458496551404,0.09407708122397015,0.5450760033409697,0.6786100494160554,-0.2654494467239178
sample_4246.png,-0.1120777010381257,0.20844488683396126,-0.16708092423509024,0.5373400966777699,0.08681729457569543,-0.7872748317483644
sample_4247.png,-0.46877587320952013,-0.3173330573385118,0.2705613204685993,-0.3194445568456985,0.6811447435577516,0.20085441670133203
sample_4248.png,-0.14904176148208229,0.11727484028444603,-0.2141516395668938,0.3833714285779287,-0.005924361867178188,0.8781591485192031
sample_4249.png,-0.22456572094026672,-0.27492417394239566,-0.19250387966363738,-0.4698040659080839,0.36238849634555964,0.6963389327387592
sample_4250.png,-0.0006794745421716616,-0.20304492613062375,0.21049487792053867,-0.6325332064006152,0.5453093492166402,-0.46583651543610755
sample_4251.png,0.05697482070043648,-0.1784587501028938,0.2521440322308922,0.2469538925365511,-0.25303341072851,-0.8810888714223757
sample_4252.png,0.22821070580134764,-0.2793384806833896,-0.0812226073150005,-0.8819771752921179,0.2922058740805678,0.004976388715495778
sample_4253.png,-0.024730756094131816,0.11421934518957866,0.24483998898427353,-0.4247431630419046,-0.8111340228184096,0.29673313457927003
sample_4254.png,0.0076262375135547926,0.17100063810564542,0.30567885985267806,0.3566409791947293,0.09660891629241189,0.8606596227079821
sample_4255.png,0.33890577981571235,0.2679057282126581,-0.2843177869904354,0.7812507650990849,0.3494315859404746,0.008808971474011832
sample_4256.png,0.17323222889253945,0.2516540925082962,-0.14938094890062237,0.12396015429412796,0.14055270613523624,0.9215340263103347
sample_4257.png,-0.21439344517111977,-0.24227957821406904,0.08158036537992054,-0.33609363583705293,0.5163079649781921,0.7135459718073237
sample_4258.png,-0.2698961591709401,-0.04606979375356634,0.19577801991832988,-0.6059291292596235,0.6876096005869441,-0.21621177530484792
sample_4259.png,-0.06172944037645257,0.0008332963159296071,0.4375605268611467,0.1646771634117101,-0.7737580968713166,-0.4229768392214955
sample_4260.png,-0.11650796566893276,-0.333408750799484,0.15414834796645988,-0.20863006117816305,-0.16175383056665846,0.884201324085773
sample_4261.png,0.03240378171956418,-0.19943796700917985,0.3009152663703656,0.5052615352682521,-0.5771362726005742,-0.5293854914311995
sample_4262.png,-0.404815895730315,0.47784198621517776,-0.016331960940705277,0.5116978954696737,0.5816191911383236,0.08607423596719867
sample_4263.png,-0.03843615266722163,-0.2953839575471588,-0.07312630434648643,0.07998815973310276,0.6469358376580676,-0.6935412314064041
sample_4264.png,0.25696224563747183,0.0889819489032045,-0.05425087798766302,0.5280052294154038,0.44424441862395586,0.6685557819324824
sample_4265.png,0.37241076250695954,-0.4978334794454974,0.03451428053207532,0.521861944853066,-0.0045875500335118315,0.5830264831466861
sample_4266.png,-0.25764733219834024,0.23721700881602692,-0.30447068795972176,0.4925486180759431,0.3463912249797471,0.6496556943499363
sample_4267.png,-0.1632714367302262,-0.04044501901957498,0.1983665964515598,0.3226737849885151,-0.7570699042244429,-0.5050585316530714
sample_4268.png,-0.24463839061493164,-0.026883225338017926,0.23592610236540965,-0.4342921150140788,-0.4404522606630187,-0.7079268247275718
sample_4269.png,-0.1367946364813793,-0.13212197184491098,0.21216363563452967,0.8764577807724132,0.22307415609447806,-0.3176118434603966
sample_4270.png,0.10336020128384422,0.07242319875647116,-0.25292816819123354,0.10027126785978173,0.41799227583889037,-0.8575121112781369
sample_4271.png,0.07048806719656409,0.26039676724112565,0.1154074304172722,0.3283158606069443,-0.41950337147199646,-0.793808350923128
sample_4272.png,-0.2187230455257706,-0.16629180230832036,-0.24263428050278402,0.4753680116502609,0.3834941989742485,0.7018499302690394
sample_4273.png,-0.25748729885563043,-0.11797722701852936,0.030724004400985903,0.5574055222508623,0.1618270924606008,0.7628556719960923
sample_4274.png,0.43909489563666526,0.20687312355511905,-0.04241654408891883,-0.36725330989784893,-0.2212880398808258,0.7607605601887522
sample_4275.png,0.07063975400871855,-0.08770683597626555,-0.3833363930909872,-0.47583665105502043,0.08886614505329848,0.7784940819201653
sample_4276.png,0.2342328294691153,0.29989794786553753,0.023350948653329245,-0.5064702069373287,-0.6271727228421281,0.452540872043147
sample_4277.png,-0.3857358646894888,-0.2810009421452312,0.5135902665034789,-0.5930115567276864,-0.38147310286247255,0.10623990181901413
sample_4278.png,-0.12246544906721428,0.058731924921956474,0.1904280916357739,0.53345318472865,0.04618535708578649,-0.8115322108144593
sample_4279.png,0.26443857294172646,-0.007453117292588301,0.09011899716227695,-0.6828488380427433,0.35085269999405233,-0.576641227995528
sample_4280.png,-0.15750223883646347,-0.024361211336932774,0.02590283170593608,-0.366576783269171,-0.36100824155836925,0.8421538641770127
sample_4281.png,-0.12063397810087276,-0.01966335220395277,0.32775544231359005,-0.8395753729830634,-0.226368057757614,0.3485797777394439
sample_4282.png,0.3068010756671922,0.28699266624853065,-0.13592471608712495,-0.4993999609011263,0.3269700754874119,0.6698679196926491
sample_4283.png,-0.23734381074244432,0.13443630219808286,0.09330148392443706,0.8619562724030693,-0.18409715610483668,-0.37420482470189464
sample_4284.png,0.40826154793534547,-0.11140593126217008,0.12219576771093611,-0.050549173383550194,-0.8951053436371909,0.04701729652973868
sample_4285.png,-0.35073411180774156,-0.314758550791026,-0.14336024775888287,0.6125692993422013,0.5536380611260715,0.27496222950952476
sample_4286.png,-0.46553180226986546,-0.5576455072485128,0.17800161226770064,-0.2741115889833391,-0.48895062494174224,-0.35555193503217997
sample_4287.png,-0.09251559935472084,-0.12589330004887994,0.09051910907666179,0.15285578068731573,-0.3202033331015382,0.9173347085725818
sample_4288.png,-0.21316721496764793,-0.09768192216403726,0.08970874578994222,-0.3409606907658787,-0.00027686821555357173,-0.9059338012076364
sample_4289.png,0.39242460782301275,0.09976409598609019,-0.096896878315199,-0.06611202287635366,-0.7896950618656167,-0.445726325222169
sample_4290.png,-0.0822334830685359,-0.11868050757697454,0.13760810978051605,-0.02593464726806669,0.07704643174835309,-0.9765284639641842
sample_4291.png,0.2827546626248971,-0.24277712161176798,0.3751398896311672,-0.07970097566331658,-0.12459603092956607,-0.835764749644429
sample_4292.png,0.4719456645752113,-0.21553670028257818,-0.4818140393558007,0.6430836911680989,0.28049609261870984,0.0801982554601818
sample_4293.png,0.13895354877091803,0.018588897856123523,-0.31977140982956,-0.3000053432319287,-0.13892143622819172,-0.8768068420151998
sample_4294.png,-0.14341694200740743,-0.17878317355959805,-0.17247072581733183,0.47644257090922076,0.5773051475402781,0.59786557818807
sample_4295.png,-0.004496169516150019,-0.2867288367097428,-0.4005126975133776,0.5349865095151486,-0.0009790951264657427,0.6863996021260853
sample_4296.png,-0.015998235572879847,-0.28057313826035335,0.3659993568385016,0.6799688324837807,0.5341408265658787,0.19850240700117053
sample_4297.png,0.2856210785411871,-0.21584787612238893,0.017612324772026344,0.1084726506453355,-0.32874559313053353,-0.8669948782673265
sample_4298.png,0.030194852336718193,-0.06220146072401704,-0.1575748880044606,-0.6739820661692487,0.4414383853358374,0.5668066074781267
sample_4299.png,-0.4013629536981228,0.22071138069341636,0.12511972696701348,0.6172143792018239,0.5317340776647097,-0.3329333274266665
sample_4300.png,-0.2130393514242125,0.1861737904858712,-0.0006545976264261727,-0.31347121616400725,0.5067633349111034,0.751584888757921
sample_4301.png,-0.3077018577503557,-0.49625696382780554,-0.09429088228560412,0.4743592550671846,0.47943176796261455,-0.4419120943214134
sample_4302.png,-0.10287363678569045,-0.14814069846161304,0.02501102043513192,-0.49279255382814174,-0.34552186790584366,0.777570533688732
sample_4303.png,0.08638623458017028,0.06345934002413522,0.268521607939195,-0.8666014331542804,-0.13300961589268498,0.3843395306802799
sample_4304.png,0.19365243010474967,0.29466367896238665,0.0927339868858865,0.415317378185307,0.26729052121334035,0.7893919894057123
sample_4305.png,0.019813190572569677,0.04902235911437957,-0.28084020312921665,0.2975283672586939,-0.44514215374416594,0.7947693751830888
sample_4306.png,0.0031944901948163062,-0.204204155578148,0.22471293349437116,-0.584497925580366,-0.49715023449569684,-0.5647994112341901
sample_4307.png,0.08201365289523053,-0.19438558177165302,0.2998767458112233,-0.6555144782517272,-0.5317911529326215,0.39122996066853905
sample_4308.png,0.4371370259259788,0.0073140380220069025,0.048741437486989794,0.17114791525305925,0.7710554325255397,-0.4273919849055303
sample_4309.png,-0.27994474161116856,-0.3399126565249317,0.06733302956047207,0.5803849141168792,-0.1660920533695859,0.6611530624459406
sample_4310.png,-0.2527872959373602,-0.20257259964995847,-0.25666081269614066,0.6894617702482231,-0.33712039654746107,0.49008209282502935
sample_4311.png,0.09561686903474241,-0.3640161474011312,-0.35790447114323864,-0.7229359489078835,-0.027488841247089408,0.454820872109515
sample_4312.png,0.3548816076652203,0.31287554790873207,0.34649981289479886,0.27822015152918744,0.18201898118707507,-0.738626057959184
sample_4313.png,-0.028816144828310068,-0.4391104803658098,-0.26574793662678514,0.5023050944393532,0.3498708589590804,0.600840764396238
sample_4314.png,0.14009953523590596,-0.0702187278906419,-0.2720526222700815,0.18699707327052198,-0.036923181784861585,0.9301062274983524
sample_4315.png,0.34700315192306086,-0.05236765402429131,0.008522703061551862,0.34538217058933207,-0.40836158757904867,-0.7685868688241416
sample_4316.png,0.23354710609085338,-0.3277608462652826,0.2021778758277538,0.3812083839487643,-0.47483832135192355,-0.6529635671311913
sample_4317.png,0.10215688017252204,0.3229275258497883,0.37970752495457183,-0.6351857436027893,0.43552186221993466,0.38466057638790646
sample_4318.png,0.06704644350801481,-0.048414855942260866,0.32653971933471426,0.2658799198443432,0.86208224392581,-0.26954528518456494
sample_4319.png,0.22569752308720842,0.3049402131790503,0.016069486713120505,0.6656816836861944,-0.13158081095256804,0.6287831520080426
sample_4320.png,0.3749864348226845,-0.36101937937854617,0.00481698542156691,-0.22630314348121522,0.7379245269308763,0.3650770574384443
sample_4321.png,-0.054418009251628846,0.2737573374827114,-0.3357826140629786,0.610012956837035,0.6610649134808789,0.014933492289309916
sample_4322.png,-0.26753517727910486,0.35826166740342524,-0.18681144585548232,-0.4445622291387862,-0.44028640851179257,-0.6112996754357717
sample_4323.png,0.002988587076873244,0.27405779889464255,-0.08808748907041568,-0.5834905467552063,-0.19287116831777476,-0.734481776329831
sample_4324.png,0.18009079395782296,0.35007677115052277,-0.05300176298905826,-0.5282751286233842,0.04528978338591249,-0.7490517988439258
sample_4325.png,-0.15927640173927546,-0.11419211268896279,0.26369177075632877,-0.13736899604332767,-0.6550455156983153,0.6664105120521345
sample_4326.png,-0.02280018769023945,-0.04494399094039082,0.2748399919866825,0.05543959265679797,0.03444447922426808,0.9579473875643785
sample_4327.png,-0.2425227972453824,-0.008155752962565556,0.2889828625973863,-0.16042120342790386,-0.371418415731613,-0.8330176946386378
sample_4328.png,-0.18069241504434533,0.39535667248779266,0.5238095510280719,0.37037174398697753,-0.07783259671424723,0.6272429872556201
sample_4329.png,-0.18614572420160105,-0.1388118449163218,0.179770545347643,-0.5263639657567108,0.6292977628100892,-0.4906005435921208
sample_4330.png,-0.14299442918655808,0.11352027970856178,-0.4038118784100242,0.8350147448118921,-0.3227349934953166,0.04684235361056244
sample_4331.png,-0.03497541851514176,-0.16957949601732392,0.24074425243199984,-0.5363413769096805,0.5913213720210961,0.5241552078887275
sample_4332.png,-0.05100547599589412,0.0657463277583638,0.31839222111885157,-0.1490885240994966,0.692478117262947,0.6244589053168547
sample_4333.png,-0.18061569313951326,0.11253723117433125,0.11799914051067945,0.4850520977104637,0.0861441007619785,0.8355197198395009
sample_4334.png,0.12257388634158642,0.09660009572941411,0.09346000238790843,0.3052930929478244,0.5142021283345508,-0.7805777286474481
sample_4335.png,0.27198473021634767,0.11954158032683251,-0.0007212990699176341,-0.8527231389050711,-0.18717439537877542,0.38673322965608786
sample_4336.png,-0.25381231414870126,0.21362113121688744,0.003945290691125416,-0.26796928526426134,0.3840557496372929,-0.818915990496558
sample_4337.png,0.4776669245574363,0.07135426291153371,0.15376134581636655,-0.7673449778962147,0.39270078603401637,0.008252540618210898
sample_4338.png,0.3221929482376248,-0.1844424607359065,0.23959755761798945,-0.7246764581170884,-0.19183617521665272,-0.49275613247958944
sample_4339.png,0.15632937543946251,-0.012265924662184615,-0.3024108248945069,-0.0754066945645203,0.36346273009764807,-0.8638096090564926
sample_4340.png,0.3141282168480296,0.12342663743425211,-0.3295992032289273,0.2936277146508649,-0.527158051666936,0.6429158946036702
sample_4341.png,-0.29033043367632067,-0.24502227665889387,-0.11850576338731765,0.5884473018916087,0.6897519006954327,-0.14000284157732248
sample_4342.png,-0.004717957255441917,0.008916455315612932,-0.18266711862967522,-0.2217841551318172,-0.413503057797995,0.863920118529281
sample_4343.png,0.0351593714699658,0.21311820432504386,0.49977202654035485,0.48563759448975397,0.6406914059901792,0.23925513616093036
sample_4344.png,-0.24269828760102502,0.14039822288818865,0.25757979025484184,0.393615463146264,0.147244651021752,-0.8236652304032719
sample_4345.png,-0.03764550543233675,-0.18706759004522422,0.04856432211470992,0.6575389805294956,-0.3197588110170242,0.6531667713181415
sample_4346.png,-0.16742344428521236,0.2017939196740129,-0.06352300763074145,-0.11459302271837374,-0.4789560618941661,-0.8274557158585087
sample_4347.png,0.4190109396894165,0.06240338154725685,-0.11668096197301972,-0.03425411310517048,-0.37534004731915177,-0.8153942041239597
sample_4348.png,0.06424129048460553,0.21466448022166973,0.2898007474178966,-0.36786988165947687,0.10635843349268043,-0.8480373683493476
sample_4349.png,-0.30294376266509443,-0.04026605845920817,0.01922239960093251,0.6228851770793682,0.4624510035948266,0.5517131011685317
sample_4350.png,-0.007982228347549712,-0.1153534043392321,-0.4009276769456849,0.021494827933622066,0.5532466501498906,0.7206545569597977
sample_4351.png,0.3775026214832338,-0.10293573642819158,-0.022151127500323685,-0.6942657977189118,0.6006474851419089,-0.060190806608319054
sample_4352.png,-0.34330054519297426,-0.27033864986504175,-0.04731299393445983,-0.5825471005978264,0.03939559442782591,-0.6825760715034294
sample_4353.png,-0.1127355629446478,-0.3374075813974343,0.3418372549327319,-0.3752511111327097,-0.3859498686879194,-0.6832447661391823
sample_4354.png,-0.03220983810357593,-0.25404384745216485,-0.07312289204208444,0.5697856259192494,0.6739641884225462,0.38754858505765694
sample_4355.png,-0.03572856409909477,-0.13230551831374868,-0.29712815604427817,0.33647006740623203,-0.4073647827752859,-0.7834381953357674
sample_4356.png,-0.05200306871391892,0.399237108526396,0.3195801028332922,0.6184007108479465,-0.5935510991523464,-0.032428743587697005
sample_4357.png,-0.1756089942929906,0.24689576519018455,0.0321335388002037,-0.2475813382678499,-0.08553518526190847,-0.9157284591856065
sample_4358.png,0.21723969331714127,-0.2634520005814508,-0.12114654038475142,0.3710271739013062,-0.8072861371889011,0.2816938120004487
sample_4359.png,0.14668742618160394,0.4631727170355627,-0.17408085606163673,-0.6394641972145674,-0.5697037927165772,-0.013146018105675587
sample_4360.png,0.2724108149439875,-0.25856704287212506,0.4238362317988177,-0.7775296311110494,0.09150846690857008,-0.25762793731436523
sample_4361.png,0.06252085789415075,-0.13742288245656015,0.3040697003473807,0.6768118688342695,0.5293398966199926,-0.38271749252884063
sample_4362.png,0.47537393897365177,-0.24737454196934097,-0.013609782509916448,-0.4759639464538408,0.6963624673479046,-0.03432001887222535
sample_4363.png,0.23298310673286302,-0.19371731824172714,-0.02336493327864926,0.5269170833929465,0.3548233973277044,0.7100037298639477
sample_4364.png,0.14033749381585361,-0.11521412061799054,-0.2477425580128908,-0.3968613988523097,-0.4461893408059827,-0.7409931318447212
sample_4365.png,0.04942998965508065,0.2759280068673346,-0.04291388063700477,0.5171025757505395,0.22895980122455353,-0.774442474024354
sample_4366.png,-0.4539119529807245,0.24684112932108737,-0.24335796988424632,-0.046780225366655444,0.2182886578104504,0.7899189621071836
sample_4367.png,0.2245134645710723,0.10323611649591971,-0.5824441217178412,0.03445007346535615,0.018686567154283976,0.7734073042063201
sample_4368.png,-0.1300944821046482,-0.08788476647692835,-0.2285348589709328,0.5370343888786371,-0.5534026224175596,-0.5731170163635625
sample_4369.png,0.1287242393303243,0.29005972817812486,-0.2921098893768508,0.5327190274310994,-0.6771013396012768,-0.2677899373563644
sample_4370.png,0.03695534450506755,-0.09986795072799594,-0.30888925521971,-0.6270653940979006,-0.48124597329656943,0.5181114046712322
sample_4371.png,0.17236178743199457,0.21597076215863048,-0.0920449223512501,-0.38123495494748055,0.6987319457370426,-0.530668779492387
sample_4372.png,0.11397836957964282,-0.5748414332664515,0.09625390474100166,-0.44311451558967785,0.6563562126345752,-0.14194186098529746
sample_4373.png,0.2735310085784137,0.209815582602636,0.07657920242662707,-0.292723984199827,0.019799058322930736,-0.8883774539927263
sample_4374.png,0.09385946400094676,0.23949382256793153,-0.24730319614241567,0.3617900196399643,-0.577302618235732,-0.639143104331169
sample_4375.png,0.25889360901415953,0.2038299895032158,0.1270009954215778,0.5774455842337195,0.5511227474564396,-0.4879738683963665
sample_4376.png,-0.024532373519058036,0.019773469661710095,-0.1928524997787876,0.6129143426184773,0.5909623404066708,0.48673874584807963
sample_4377.png,0.018928518313291426,-0.3279307895811206,0.3285911554342554,0.6188676248809011,0.5126682664997327,0.37189389939602185
sample_4378.png,0.17112731069808065,0.23317283784874215,0.04944161974790238,0.34224574158625887,-0.3596774323284453,-0.8169463841031424
sample_4379.png,-0.09735874376531643,0.12651784404154928,-0.30027863627130824,0.38818450336852256,-0.489403001668469,0.702954297271869
sample_4380.png,-0.2650726163588183,-0.18474735427245903,0.08761782705340425,0.3501686390720248,-0.38014118583467815,0.7879103010946791
sample_4381.png,0.3900508770764226,0.1228841191610971,-0.004418211711859959,-0.1886548088915684,-0.3506801980394436,-0.8210804149048292
sample_4382.png,-0.05273366289620757,-0.34710107070658436,0.1539438300433951,0.14967433160675606,-0.09364136305843311,-0.9065705677365065
sample_4383.png,0.39813730942424536,-0.2045974882720455,-0.3027509619833036,-0.21828010677954693,0.0019514943887019205,0.8125997737566371
sample_4384.png,-0.024323140643746022,0.03854507394140357,0.29805008333670885,0.47372553555633184,0.1208703466121642,0.818573934473105
sample_4385.png,0.19603782549994045,-0.3661939640075612,0.160936473407308,0.09828245176665495,-0.7440589476067704,-0.4881469506060064
sample_4386.png,-0.11299590919113706,0.15413610154646654,0.3947843839416936,0.8418339976376421,0.11144844079396787,-0.2941326951699235
sample_4387.png,0.04497413420048399,-0.1940865169245898,0.16033065377059744,0.4169499909799499,-0.4910311893029641,-0.7208626143836473
sample_4388.png,0.13646867560547035,-0.14361017953819624,-0.15361250559633033,0.5721655426915884,0.2862410012424966,0.7265316896048284
sample_4389.png,-0.22813170235507524,0.18317845227414625,-0.18753144113561285,0.8076390760172227,0.47340591209508864,0.05328700472054869
sample_4390.png,-0.18165578866634596,-0.02685739578768851,-0.1832439772089478,0.37506003549966405,0.6316530631948075,0.6269337102754686
sample_4391.png,0.25412466406556294,0.05886961769967416,-0.21809744589668023,-0.010336028075866135,0.3045039439813923,0.8896960390730059
sample_4392.png,0.29076310634610336,-0.16049243640655209,-0.2963837692934211,-0.547968667867541,-0.4533813090198905,-0.5440876609615043
sample_4393.png,0.0030255717381803245,-0.17443717018110497,-0.23143843356467883,0.5403433846853604,0.6437321694547737,0.4578609960236974
sample_4394.png,-0.3635880996064754,-0.14101691306749628,-0.19676472365132788,-0.7430477307250309,-0.04449902806601632,0.5050757111022509
sample_4395.png,-0.1692226971819253,0.2880388555148363,0.3136694159412119,0.6167504423614454,-0.6359722895100239,-0.07188138004807809
sample_4396.png,-0.2167350118820398,0.2936943245500567,0.18703372626196763,0.015436387223521076,0.3618361442602208,0.8370330257812553
sample_4397.png,0.17850360300162985,-0.09636333200228737,0.09585165690981719,-0.5786068447248858,0.48849662656292314,-0.6133907375422717
sample_4398.png,0.3219538928735801,0.44846591140692454,0.14544150690027674,0.5483731481507129,0.20121160185013853,-0.5769502291430847
sample_4399.png,-0.16116233311412886,0.12033744338697837,-0.12563926106148032,0.5012087979743431,0.6079020182737397,-0.5683355128760208
sample_4400.png,-0.2928215859924212,0.24555994611459328,0.13046920853447422,-0.6939978047870877,-0.231420648693226,-0.5493133418865582
sample_4401.png,-0.022370048137883094,0.10892548127604358,-0.2191621184191064,0.4967651140774599,0.39666703716438506,0.7317666768772526
sample_4402.png,-0.17936226181043258,0.29860397979945463,0.2028845481514815,0.43054344717190174,-0.42077865050296953,-0.6892607415091748
sample_4403.png,-0.061202992691160044,-0.06337201051826714,-0.34392639701781025,-0.10597226445927214,-0.7615740952618382,0.5317213480709166
sample_4404.png,-0.22924312293669935,-0.08803268822461453,0.089530895433179,0.5068932911619436,0.34170373610064403,0.7469804570823689
sample_4405.png,0.09527995972348591,-0.4824382609321403,0.08484491156013581,-0.32423792935079665,-0.5904654383762277,0.5451575239320218
sample_4406.png,0.4209424713814257,-0.26868586488518004,0.306404830075997,0.2542943848622676,0.40809540087669954,-0.6523219538809856
sample_4407.png,-0.17559758177064902,0.24403688074796687,0.022807457045323627,0.3929117028918586,-0.5095691933146042,-0.7035985652128294
sample_4408.png,0.22742284216363678,-0.2898638180370009,-0.23126320095666414,-0.5144826512845245,-0.6639924888593508,-0.3243404476843968
sample_4409.png,-0.19453983223629676,-0.5982061494396702,0.19343549086188608,0.7079512300486088,0.08770012607732987,0.24083212219249284
sample_4410.png,0.25116250438484344,-0.139761120512805,-0.08991195380413616,0.5716748860445201,0.28951012081805216,0.7061669637962142
sample_4411.png,0.15626802909881032,-0.3198432629191947,0.07274662451848611,-0.5375429680114577,0.6077887838242113,-0.45785245512813577
sample_4412.png,-0.026126327931590414,0.08097142953927246,0.5101755632947977,0.1129825181269267,-0.3322425719651478,0.7805970542960663
sample_4413.png,0.05732471249855443,0.07301601834626456,-0.21639576016199347,-0.19518449990151213,-0.01471886136460802,-0.9519673206072019
sample_4414.png,0.24001046274690108,-0.15980512624863127,0.01184637409614014,-0.5239277482897767,0.2018507348504426,0.7755468768745011
sample_4415.png,-0.23383655224670147,0.28154864207708946,0.09398387368661366,-0.08032971590659121,0.5641248126102055,-0.7297452932391193
sample_4416.png,0.28498492382379803,0.23235144547393005,-0.4440238232241792,-0.15891457601022552,0.2855476265878575,-0.7488978260552196
sample_4417.png,0.045869861638459145,0.31194438268196,0.22754748022457152,0.1289504162062484,-0.24435215894328602,0.8789042124884134
sample_4418.png,0.2206012649356317,0.21217653282037988,-0.2010474364500238,0.48286768388241647,0.5553270857254262,-0.5695144922192332
sample_4419.png,0.13154174586855566,0.03672856545311699,0.02753383818317393,-0.4866209736471881,0.46711034400760215,-0.7249811196550386
sample_4420.png,0.10493695380367894,0.15336239072006805,0.2976822450245103,0.45741430828840624,0.13801931182409707,-0.8053423582383078
sample_4421.png,0.08056261373210238,-0.11295137904051561,0.20184573910103448,-0.24145360642365069,0.8511596046121898,0.3965317544279253
sample_4422.png,-0.06342534181337095,-0.16343468569933428,-0.020434657430516055,0.26630838604982715,0.438592905125976,-0.83997908390305
sample_4423.png,0.16891351137493385,0.054070756712093465,-0.15085307833873152,0.13864744491587777,0.1103512779414529,-0.9562360635189866
sample_4424.png,0.05157755929023413,0.024936598281708532,-0.2637543536912018,0.1751222682203389,0.5412528568534073,0.776871352589426
sample_4425.png,0.07969837324761435,-0.3528196999513015,0.3818741741614543,-0.7554235751427145,-0.16714053527646416,-0.35318239950847097
sample_4426.png,0.05445618086371717,0.27188854856064826,0.1775613840390976,-0.45346573856195516,-0.8196918867523444,0.11856277311316853
sample_4427.png,-0.1279166676035176,0.1391733222398804,0.034890381845920825,0.5450091378902534,-0.1593789831007798,0.800383753672234
sample_4428.png,0.12372695046593768,-0.11657219762705055,0.27225357621655166,0.4705551385034697,-0.014131218118194061,-0.8218021203480642
sample_4429.png,0.1257107205569029,-0.2305631353097629,0.24782820530236505,-0.8994496500690301,-0.244320012155616,0.030276966175360704
sample_4430.png,0.2468230443772421,-0.07080162549046873,-0.35321931567537224,0.5832670994159067,-0.5417989036948225,0.4189929215632674
sample_4431.png,0.06995482006370494,-0.23651692034874644,0.10262736862491889,-0.0692982124070577,0.07696544027675203,-0.9580750343829634
sample_4432.png,0.22890141596441013,0.20772331209605555,0.10190748644011322,-0.3225257509077506,0.46790890592546075,0.7557171609443714
sample_4433.png,-0.27579796845835436,-0.056203586997458546,0.14351122504365546,0.42436180210425795,0.2434592312738958,-0.8129119443775465
sample_4434.png,-0.05129919740421089,0.23292993635275996,-0.1020240343484321,-0.5125870968055052,0.0942009187567189,-0.8130705926335956
sample_4435.png,0.02096948668095682,0.09472221859588394,0.20576942236754645,-0.8434710616563047,-0.28613434697692974,0.3936122843352443
sample_4436.png,0.15885427414630052,0.06335585312827148,0.1112181618939034,-0.4513045315150243,0.4741594221358427,-0.7279278385654655
sample_4437.png,0.3970513521036071,0.06855418623434476,-0.007732811159602253,0.7323414339734241,-0.3300231683520895,-0.4385789363508143
sample_4438.png,0.11572563693276965,-0.05585197339894335,-0.19765127643358368,0.5360053270007457,-0.5101840642076682,-0.6299465191613437
sample_4439.png,0.2761349381482457,0.19283115632249748,0.23660916984942226,-0.3551360013735752,0.25483311623347804,-0.7997000970535659
sample_4440.png,-0.16566697833933938,0.06550264858792494,-0.2584609085061421,0.10728358742860512,0.4881413649823039,0.8072608337778574
sample_4441.png,-0.013772959957794624,0.36178513285417085,0.14794432019689666,-0.7442224735626035,-0.5411511682071458,0.01796174639533856
sample_4442.png,0.019610858910157486,0.23735051442779098,-0.05844590742125735,-0.3421144747396723,0.6290773475168107,-0.6535163352466309
sample_4443.png,-0.014682664996997781,-0.29155916542057664,-0.08019324847340614,-0.935218500558135,-0.177950579223504,-0.04524005829945699
sample_4444.png,-0.49936736690628397,-0.01565119261086786,0.7170032886199513,0.2007435989690889,0.2522843304005983,-0.36379689560849243
sample_4445.png,0.31795946402756625,0.43045902669502817,0.3591176366378596,0.6304761293318093,0.3757515039189351,-0.2143641440939886
sample_4446.png,-0.05836865481158358,0.46832803775654686,-0.1469566419640636,-0.25171203684709453,0.21995426207466187,0.8024505390805793
sample_4447.png,-0.2585777868586856,-0.14101062523584834,0.14995498278069963,0.22429281116508532,-0.29119647563913237,0.8692895848266623
sample_4448.png,0.11168140856812192,0.10573630199967275,0.14073613759128636,-0.48790146650813465,0.4952553701561877,-0.6879060359571139
sample_4449.png,-0.2607396655977839,0.534783142884951,0.4794599424936517,0.1537202538054129,-0.22417630088122692,-0.585025683288557
sample_4450.png,-0.08675692529945292,0.23724736975238953,-0.015019878548236972,-0.4357579347125357,-0.35417903498776043,-0.7878029945467068
sample_4451.png,-0.332706952912692,0.3322801273756656,0.24245373138656257,0.6600216074566878,0.47973952653045576,0.23309580207742858
sample_4452.png,-0.07848909281298652,-0.16711046695003648,-0.18448752329579732,-0.35661323862857697,0.5312022043272014,0.722861759983247
sample_4453.png,0.11603337666508612,-0.23366776999826538,0.35001755448181504,-0.015311380981499579,0.8849466434148267,0.1614259590015702
sample_4454.png,-0.11873047077863999,0.2434855021335276,0.32450693348425785,0.3022666111395656,-0.6729759948083921,-0.526356667937215
sample_4455.png,0.06248140438758421,-0.3270685207010512,0.25052675339789704,-0.7215969640371707,-0.06679474507885429,-0.5488122504338614
sample_4456.png,-0.14421015345878765,-0.12649338658853565,0.18364119149633085,0.8017077139543682,0.5103369018571762,-0.16217199377032995
sample_4457.png,0.28280351562681333,0.3078360681920145,-0.2517846141207234,-0.0783358296234829,0.3419183004716067,-0.7992615393981393
sample_4458.png,-0.013353874354089712,0.15695866715134604,-0.31592605829045445,0.06587059221590963,-0.6366725051386395,0.6824115787561631
sample_4459.png,0.21736729671905142,0.3489999077745196,-0.04983447304044079,-0.19131438221957237,-0.6467622227484555,-0.6111992165968726
sample_4460.png,-0.3499857991904107,0.3448264937637828,-0.2035521144984909,-0.6973665163132483,-0.4065568618305194,0.25605199915341953
sample_4461.png,0.08070110185921853,0.0862783959828046,0.10459478178522777,0.5578219238622119,-0.5546065417823036,0.596950238495285
sample_4462.png,-0.15092291377326097,-0.10709479171274384,-0.03621372281855116,-0.22632838402861816,0.4049318474647751,0.8655906696918425
sample_4463.png,-0.007874117411797946,-0.0237704650930361,-0.27663240643256515,0.42290941766688883,0.25942585799854334,0.8226137147081531
sample_4464.png,-0.06114755013842371,0.011890102602216443,0.05870057902609916,-0.3216428475761894,0.48555994936590957,-0.8083633210191034
sample_4465.png,0.10856892971270321,-0.2546823572867964,-0.23260623663582594,-0.03737746409171811,-0.4275868336533244,-0.8276572043608353
sample_4466.png,-0.17242390093034332,-0.06550283202320019,0.31270239380524073,-0.09944626040173778,-0.42347279101305235,-0.8240011085290487
sample_4467.png,-0.25919574279602375,-0.13491105102655165,0.06427412171846392,0.5209972805022836,0.5361430098209665,-0.5929569286499556
sample_4468.png,-0.3400258387137576,-0.31887583916156875,0.3406056636805628,-0.39709813178858155,0.4914127757617409,-0.5172184911842322
sample_4469.png,-0.3167711519243526,-0.0706301442589081,-0.1396422477787343,0.7963628780270255,-0.43337749382917573,0.2305592700557551
sample_4470.png,0.23646117176491535,0.1520047568178662,-0.298217220175561,0.4201310383360316,-0.17154259909160058,-0.7912712588402614
sample_4471.png,-0.28118326072662536,0.7295570929325434,0.43636584889500135,-0.08718850749997717,0.436335258260134,-0.01664255136967794
sample_4472.png,-0.043997456408744993,-0.07622482564857504,-0.07738952852327065,-0.40867248546549445,-0.002786314813940106,-0.9051209293418
sample_4473.png,-0.27772991655401263,0.2113286833981068,-0.2749182280393137,-0.3766746132957809,-0.016714029638165664,0.8126888247217234
sample_4474.png,0.2555670167219747,0.08851517879103606,-0.24460911052285747,-0.3552199515933864,0.3042663764045237,0.805144523869032
sample_4475.png,0.17164475631045487,-0.33774044179543883,-0.04225219279256462,-0.10188474038482319,0.3328962592056394,0.8564366900680839
sample_4476.png,0.24878467724167097,0.26494526146724057,-0.22243670799270265,0.38665183869322484,-0.37697624500987126,-0.7258246138473042
sample_4477.png,0.17340793555784634,0.17068891484316173,-0.21752353381014178,-0.375561962615217,0.1288768828298009,0.8578009418173065
sample_4478.png,-0.29133245018927484,-0.023667003318707434,0.21023159802724356,-0.3288581877382678,0.8015829771938079,-0.3459551627626781
sample_4479.png,0.15875720690708514,0.18250796066251035,0.2794395305271433,-0.1957520028433989,-0.4559089456162878,-0.78563905772211
sample_4480.png,-0.04995676971258928,-0.000504561897511473,0.48698179095880006,0.5341550658660904,-0.5018048387406069,0.4724648889365649
sample_4481.png,0.2714076250185309,0.08153697975028562,-0.2313237318857925,0.09502275109431002,0.5091340876385344,0.7732607003206473
sample_4482.png,0.23349060174248598,-0.08937790616467009,0.126401881099643,-0.3649791770574902,-0.4217842470893928,-0.7812839064409903
sample_4483.png,0.00890486907913187,-0.20111007935519912,-0.19017030414170272,-0.37926026601337676,-0.40871006046711694,0.7825780675482221
sample_4484.png,-0.12397120044650627,0.1218760394204482,-0.051572454267817515,-0.15621948280248965,0.5320432303489171,0.8121841716437492
sample_4485.png,0.3674628379401432,-0.4199143628732167,0.03503721846380153,-0.3546919136652091,0.6989702384060614,0.2702769618579466
sample_4486.png,-0.41143830165136613,0.5324851905107923,0.05937669819291673,0.008017234407061152,-0.7240418801185255,0.13910978872647592
sample_4487.png,-0.3231341172176639,0.30816969813972317,0.23160457078806387,0.4515999854413547,0.4562245369950499,-0.5786983041460639
sample_4488.png,0.4338748527996929,0.5570566851037868,-0.35587480455244735,0.13400230057040244,-0.1685347815919508,0.5730907397695199
sample_4489.png,0.07062217100898013,-0.23526691945338093,0.18939881764839733,0.8935909895655809,-0.28191543589031126,-0.160651498033058
sample_4490.png,-0.08348926590097817,-0.3998683744685004,0.3768674372109013,0.016270368814330454,-0.6178181117305661,0.5560052304301152
sample_4491.png,0.13480877287655185,0.17650906754977042,-0.09641610105331608,0.526278156090459,0.21963002047327052,-0.784964353212834
sample_4492.png,0.019832782325440067,0.35261581208406334,0.2550387548010908,-0.7001639103109708,-0.5378303706122183,-0.17530822715495117
sample_4493.png,0.0024396616373422177,0.10606331415901765,-0.14631088735281617,-0.44356708141701434,0.4064282453895349,-0.7780758776080313
sample_4494.png,0.02557445827109275,-0.004780175121086109,0.1507434738050371,0.7471919454818342,-0.5242820741022203,0.3787241812946297
sample_4495.png,0.007723560877859445,-0.2116615848863883,0.04885929246329001,-0.37072201971586893,-0.45179117834515975,-0.7817943494922523
sample_4496.png,0.28182470516283487,-0.12436650174861176,-0.29774821228085196,-0.69946388246197,-0.4132265552808037,0.3955349567715079
sample_4497.png,-0.13950988115844448,0.18232444939812642,0.41712027867199164,-0.1458178553317355,-0.27674719979673096,0.8218598431621708
sample_4498.png,-0.41980470276209986,0.1769399261758988,0.3128867378307026,-0.11880467845735036,0.7284339071713113,-0.38707577373575935
sample_4499.png,-0.08918142636498266,-0.1852523704652308,-0.18877597648333572,0.46976046942920663,0.24069281835965553,0.8021745020150045
sample_4500.png,-0.15540664671062326,0.2939168086601472,-0.18743839312381758,0.19692640889642946,0.43886347526281444,-0.7892701515246578
sample_4501.png,0.11448250383398814,0.17424246988485687,-0.21197878773748802,-0.20301721622360497,-0.5858753362231969,0.7260388501146786
sample_4502.png,-0.14721764743947077,-0.16929107389144432,0.03104959787645118,-0.6209219637519071,0.08508539385379268,0.745600301594628
sample_4503.png,0.2424534072044332,0.23953136057016922,-0.004151923581140926,0.5120344985389661,-0.5395270688182708,-0.5749391693799054
sample_4504.png,0.21675705395050202,0.10553685917064934,0.42436996119938136,0.016373892242914963,-0.4282214114642138,-0.7603596552731762
sample_4505.png,0.178500079033304,-0.009396237007985085,-0.09800598447326596,0.4511955474819798,0.5913214717528128,0.63655773854313
sample_4506.png,-0.20341472126011256,-0.3515306367045355,0.2762350791907615,0.4177397544178707,0.7626669511026128,0.050749019024904994
sample_4507.png,0.11251463187449698,-0.22007544468911822,-0.13812393960474095,-0.1492795234446201,-0.8677880039020324,0.3801166107012064
sample_4508.png,0.34353564778218937,0.17321762426420176,-0.3283699372215405,-0.845624035248499,0.11778727983884371,-0.12328116398894814
sample_4509.png,0.3399859579378444,0.12689364930264732,-0.3481441232588647,0.12797620666998344,0.33578333750697575,-0.7861137706408007
sample_4510.png,0.041589621840467356,-0.4182744886268586,-0.2040979777817777,-0.37540387650777135,-0.021883785969509743,0.8001586095263079
sample_4511.png,0.22372070094213367,-0.24089362436723694,-0.07436220448022841,0.35525805156245654,0.527529008542083,-0.6941861668174264
sample_4512.png,-0.007827721874399004,-0.2974436916381542,0.2559306812208256,0.4646393119587364,-0.39699085380360816,0.6873674674172193
sample_4513.png,-0.2115298134266998,-0.2997620496668176,0.22987645493709274,-0.3051252629799218,0.7458910257573652,-0.4038561856191236
sample_4514.png,-0.2757295061968812,0.05178901272477613,0.17556862301842666,-0.6420865705016342,-0.329188239902067,-0.6081338132980764
sample_4515.png,0.19793238183880493,-0.24795748944666768,0.037228723260037316,-0.3422056778136873,-0.5318879603215896,0.7056517197232391
sample_4516.png,-0.33967428400334504,0.20442735082700178,0.003969260721995911,-0.15008285512958885,0.21503262731995326,-0.8798017900493376
sample_4517.png,-0.25756894627663995,-0.4686278258704029,-0.4250524887776967,0.21786484088023608,-0.6690696264954104,-0.1955948018924028
sample_4518.png,0.24638843646015107,-0.4208413678812102,-0.01025025688214094,-0.7281971520804794,0.4785607245162378,0.052808657858505366
sample_4519.png,0.2884366030909543,-0.12233834838097073,0.2692449626790352,0.4525480689366882,-0.5446210225480066,-0.5726543387464824
sample_4520.png,-0.02923866212640451,-0.29101547808255795,-0.39932656230055047,0.30614105284613874,0.7888768987794719,0.19734305949032885
sample_4521.png,0.2757612190190658,-0.21083342120532303,-0.1096307382726434,0.3383039826281666,0.3490781710032218,0.7944689834604869
sample_4522.png,-0.12663104723890037,0.26450813721706734,0.07591085336804154,0.09329723785344271,0.6855256608781218,-0.6554294464308149
sample_4523.png,-0.15529627609165567,-0.15420980065554044,0.18945439283539103,0.03907889040315979,0.008339648938377011,-0.9563538715505148
sample_4524.png,0.0687816086619105,0.25493111871235813,0.2059471585793292,-0.5135068095195561,-0.7898459633801427,0.017863191321446675
sample_4525.png,-0.10625112832423426,0.3470700558472365,-0.12684484677668093,0.2349071526812535,-0.7268068197349563,-0.5183955394447067
sample_4526.png,-0.20396895837393647,-0.10920328576974254,0.15214800725840452,0.3098901465608656,-0.4399211145024243,0.7960903217372198
sample_4527.png,-0.22205555260998927,-0.29822015367738075,0.06487409509594064,0.5767533287016007,0.5852585164062443,-0.4270544345710273
sample_4528.png,0.15149274246543123,-0.32302011249883533,-0.11935114471007541,-0.2847591697733158,0.2902439338972204,0.83254665588411
sample_4529.png,0.1934150785008938,0.12843087964261182,-0.014996135860080138,0.75376045474908,-0.5906997661452049,0.1696767385484655
sample_4530.png,-0.056693548128110866,-0.38329926768571754,-0.4974070147787876,-0.7511661935003231,0.18231067617602265,0.0704694383088833
sample_4531.png,-0.2734231605488188,-0.29723641647624366,-0.1785192589936677,-0.029479250896659176,-0.5188787812425457,0.7313801653770972
sample_4532.png,0.06027416924692582,-0.13924568125824985,-0.2924545739308449,-0.6651707757684816,-0.45819513944131235,-0.4889305065296697
sample_4533.png,-0.40982790134136793,-0.11724687327846423,0.39089310202103733,-0.15404009956385664,-0.4124665245957404,-0.6867604084360085
sample_4534.png,-0.04509071448774171,-0.22240220045371642,0.300496280348839,-0.04957969986316343,0.060627261673883895,-0.9230776038341776
sample_4535.png,-0.12932533267210952,0.10191010173855515,-0.33354693816219855,0.595485594334029,0.5142038541123597,0.49257185556236505
sample_4536.png,-0.3069969110554666,0.05130319305207597,0.21841670185837428,0.6440330325943762,0.030107348717737327,-0.6631214246386957
sample_4537.png,0.2477761797509425,-0.22734401457075912,0.13934763057343333,0.681187016111624,-0.1318922830173197,-0.6213634817092734
sample_4538.png,0.11061385963728852,-0.0042006820976081514,0.28412284453288833,0.6480890341328954,-0.6763614267254199,0.17186320669428368
sample_4539.png,0.02088872554400869,-0.23749056815830194,-0.34093176731358166,0.33915159677952994,-0.4517616554978712,-0.7126114104062253
sample_4540.png,-0.35500479662921136,0.3176986451115346,0.33203041231185404,0.5258288684012113,0.2203593115237345,0.5811546657691522
sample_4541.png,0.5576011127518515,0.2638474631750299,0.05450379505056708,-0.6843921337797336,-0.20505422274219828,-0.32566090418578036
sample_4542.png,0.2156356242516669,0.30121229419945617,-0.07331881847376429,-0.4684258728861112,-0.08658285596884267,-0.7940260656284962
sample_4543.png,-0.39484397867899074,-0.3968196356381573,0.2924750349399719,-0.5915147566072567,-0.4569519663803359,-0.20590278372768367
sample_4544.png,0.16281729057261646,-0.06786849415618093,0.014535417917702746,0.3395445694236323,0.47128439903143343,-0.7945272931888641
sample_4545.png,0.159064853334097,-0.22087828726716494,0.17928053602775174,0.03396385433756545,-0.5120449707647493,-0.7939937333269022
sample_4546.png,0.29391021039739984,0.2097098098590753,0.10257834315449964,-0.1342474957433301,0.36829241085677444,-0.8399134344565837
sample_4547.png,-0.24830213910989707,0.20879015061796447,0.3128195398246873,0.6061859946323296,0.4771939758266225,0.4491337279348347
sample_4548.png,-0.02069900478385133,-0.7301169282651021,-0.06419471484214044,0.5468293540339524,-0.3231300631229089,-0.2427848445043916
sample_4549.png,0.02564825504936653,-0.010336492348291162,0.40225162489035843,-0.4610570005466553,-0.17025371752345272,-0.7719255586701923
sample_4550.png,0.05665505858308616,-0.2904246697198286,0.05286294942896272,-0.2060713444262265,0.5277786598980049,-0.7672245507642337
sample_4551.png,-0.346880533353661,-0.3036345506688432,0.16391886700968272,-0.5798212853944653,0.15485701556063042,0.6328010287553553
sample_4552.png,0.19279155579728763,-0.3020743301714118,0.010876752190492781,-0.05218619226152257,0.22259338635923456,-0.9050928112701552
sample_4553.png,0.423211506365628,0.12414470426825341,-0.40429297179416085,0.31739933564450556,0.6230687210598056,-0.39124204376454014
sample_4554.png,-0.0851096125341648,-0.30852286821121877,-0.0920025341808624,0.4053002239169142,-0.03462519047225182,0.8506693552885082
sample_4555.png,-0.2796248115506965,0.08112827588740618,-0.2618642718932809,-0.7650162339027898,-0.20793975694728192,0.46708295844365083
sample_4556.png,-0.17563059646441406,-0.4149619359643893,-0.1346807996690057,-0.034842816732344725,0.6720027702109277,-0.5709814554236876
sample_4557.png,-0.049491979207618525,0.287394949410983,-0.24365225742879842,0.22121277383484425,0.4765702555419595,-0.7612712819501253
sample_4558.png,0.08440252011359492,-0.030440081568901652,-0.4226023606927883,-0.05144923806559802,0.6597115171017055,0.6127728379059165
sample_4559.png,-0.15441476284487585,0.4870154281657293,0.3382253105881694,-0.7293678661231644,0.2589891872848888,0.159758598385511
sample_4560.png,-0.38600706320246897,-0.1280607728649661,0.410631827622626,-0.46476547910534766,0.6591857696859209,-0.12428860860871987
sample_4561.png,-0.31553323274096273,-0.3337895915168295,-0.0315289489390754,-0.7545794391091117,0.20492479667656835,0.42029145933590895
sample_4562.png,0.22809606917655637,0.3949748825802102,-0.17385097143101935,0.6209471821561189,0.2319111515271743,-0.56778929177923
sample_4563.png,0.20384132157240567,-0.21741446315268229,-0.09379357430937711,-0.3307600496171659,-0.22104953545139958,-0.8626223534687052
sample_4564.png,-0.08469231882868729,0.35559177616574644,0.23050418238936574,-0.5951219557485911,0.3748581848208809,-0.5644118361750452
sample_4565.png,-0.3010533265904991,-0.050238054814717804,0.05007878726495561,0.2842520721106409,0.10056590962962969,0.9018993318461164
sample_4566.png,0.13625686233745157,0.29863401769379305,-0.03295299751308568,0.13692060539134315,0.39411388951126536,-0.8468133683465848
sample_4567.png,-0.00825030937651271,-0.2782115923121905,-0.16418833567960675,0.4427420525958155,-0.5180547924921374,0.6566362307733564
sample_4568.png,-0.35638743832695624,0.3258075657076154,-0.05611416470537961,0.013459597673883938,0.13620871541436705,0.8631075538572645
sample_4569.png,0.18406529176158776,0.20084964421630275,-0.010653412970974468,-0.25754591175119473,0.574539540013436,0.7274890472580128
sample_4570.png,-0.012420620755328004,-0.21456500528052214,0.4086275345471987,0.6217561753764487,0.5071816091332373,-0.37817614736676713
sample_4571.png,-0.029983579349263528,0.009196385051363347,-0.04535603262059228,0.33476846336320554,0.4497874655223658,-0.8261843338945116
sample_4572.png,0.0058411717092214585,0.4006915147529376,-0.3719503871635631,-0.11129125032590835,0.3174703051453729,-0.7667411317770394
sample_4573.png,-0.21070598173392882,-0.31032751773341083,-0.19520999800209712,0.38436414026366916,-0.8086589444843415,-0.139741893732063
sample_4574.png,0.03801476421170906,-0.3477989399959377,0.27830827581943446,0.2384426377810744,-0.112099700222717,-0.8548181352475065
sample_4575.png,-0.10412808779729833,-0.3608983357877429,0.18882498959386973,-0.1105049901135228,-0.8229147347952163,0.36586178029294075
sample_4576.png,0.15854213167635933,-0.06630203611646907,-0.2623611351746445,-0.6080963931222719,-0.3130575203090988,-0.658672022246125
sample_4577.png,0.13888323251807924,0.3451530276651639,-0.31992083186285514,0.4701417982674514,0.4960778308931022,0.5404673642111245
sample_4578.png,0.33765171063753524,0.20457233453507623,-0.36844080298932674,0.2025349543211826,0.6714062516441388,-0.4653881116555073
sample_4579.png,-0.11276056233649863,0.4104800983218747,0.07253168795309739,0.32667324696308975,-0.766935525244377,-0.34441949500952895
sample_4580.png,0.1154102775222127,-0.10669417821467288,-0.34728446268393814,-0.20915808497219285,-0.24486027143370404,0.8665948679284037
sample_4581.png,0.07963180042893374,-0.30704465922902346,-0.03271548651644766,0.6376435305369625,0.551325958398424,-0.43331566565471463
sample_4582.png,0.03932224655668434,0.28643054269670687,0.10458079880098357,-0.4845442645175083,-0.45778230538305936,-0.6790628676784733
sample_4583.png,0.1687301194472248,0.22598003239197859,-0.2842515460453954,0.5536721960185472,0.32457698122424944,0.6540344891040538
sample_4584.png,0.0650011249115422,-0.3920987614256627,0.37797349373063494,-0.6087768808174173,0.5292914610866927,0.22002434340018642
sample_4585.png,-0.18229507756891428,0.11095094256884057,0.008998810648604732,0.5187356725684461,-0.23532334350718703,0.7936709900517344
sample_4586.png,-0.3249496038465051,-0.0755937934019757,-0.3338724231348388,-0.006151477176893195,0.4646870053877767,0.7491666602175062
sample_4587.png,-0.11621015794579796,-0.5964878148423898,0.44995728963282255,0.11713281339325617,-0.6404237827953593,-0.066130219247414
sample_4588.png,0.08875212138974033,-0.029399283855255517,0.20024002071556854,-0.4268410375808871,-0.8763568685699081,-0.031113416859359526
sample_4589.png,0.1311710358886048,0.20502191001908768,0.26536954972018345,-0.6653431230824546,-0.21805520162320702,-0.6165303199756609
sample_4590.png,-0.2715322349010066,-0.17404936514083133,-0.062152996500529176,0.22295094766923518,-0.5187754888057362,-0.7571518580030712
sample_4591.png,-0.06780485685501747,-0.2781151612649334,0.027779506411517964,-0.6432295726694843,-0.5829595845895903,0.4045943611366178
sample_4592.png,0.029552933065111482,0.2230695420869564,0.12397880461110407,0.38522678224115736,-0.5188224542152318,0.7186232996457699
sample_4593.png,0.25361346193387957,-0.2510390714841101,-0.37270319571023797,0.16034388118017415,-0.7276026867554299,0.42265363409775913
sample_4594.png,-0.36061432881477645,-0.366777227688434,-0.01389649678267718,-0.601096107247791,-0.24350551690617675,-0.5609163855403332
sample_4595.png,-0.07645572406047862,-0.03248182056219248,0.17000158821208433,-0.6185280179102285,0.7485865656731642,0.1457400368821963
sample_4596.png,0.36345021194208,-0.028485748901479275,0.08095721353578701,0.3168606866979068,-0.8644033156934234,0.11377454974134836
sample_4597.png,0.07463264205524522,-0.20648183277832474,-0.2023626020603159,0.2362299482835776,-0.307389810910165,-0.8720960465695777
sample_4598.png,0.35674930123955256,0.4733762885100985,-0.11683280377725659,0.5186299589950653,-0.12462644941882958,-0.5920186950097716
sample_4599.png,0.34060464650026556,-0.16510436933470946,-0.30049055411959524,0.18670530317874612,-0.3613094342816091,-0.7752619372560164
sample_4600.png,-0.2717926461815852,-0.0451062752392787,0.31721509169076045,0.1398989678615041,0.39448566027477594,-0.8051571956134604
sample_4601.png,-0.14286493140679737,-0.22294735050769404,0.3374146874271265,0.3164558460418156,0.38526614468436654,-0.753300148845192
sample_4602.png,0.32730977810694123,-0.0029485527633495877,-0.08222136032536907,0.21807318546285986,0.575277283566105,0.7124601012641458
sample_4603.png,-0.22727435653228412,-0.24570508565352972,-0.058466434686561986,0.18451325310913255,-0.31205078997156266,-0.8678342109337928
sample_4604.png,0.10560605362324278,-0.08141092363084426,-0.1434947816408118,0.5580675597924193,-0.6247932412751257,-0.5097282363748454
sample_4605.png,0.15739753354790398,0.28249146859029145,0.14027209957653902,-0.5075569110660105,0.598914656537302,-0.509348152937715
sample_4606.png,0.2898735226386547,0.39735596056624445,0.05223555100008434,0.11898265785564956,-0.7461611134771565,0.42946449044290896
sample_4607.png,0.1470305741791293,-0.3913108252274232,-0.1663745950459873,0.21529798029083178,-0.1135626829445529,-0.8592599369019808
sample_4608.png,-0.3354410194682216,-0.17545811594566518,-0.1272747512262547,0.26947677786338525,0.5119270087307239,0.7112017390527063
sample_4609.png,0.398168786615037,-0.3866309506253818,0.32409645675309645,-0.5058455170504639,-0.5747065354367452,-0.027790701868668742
sample_4610.png,-0.14923627092254174,0.30843622076193095,-0.041377208495152584,-0.7528140290393451,-0.4284463003781787,-0.3613701221105297
sample_4611.png,-0.07685586737393378,-0.29749296103984324,0.15787274214083702,-0.6389383494243881,-0.6069920333602964,0.3224682436191986
sample_4612.png,0.3505708450206334,0.2076572934507045,0.0256334252482513,0.351242968395322,-0.7169406332655817,-0.44265784092669025
sample_4613.png,0.20304763591399486,0.3292497004987186,0.2008837537377919,-0.7813283702615555,-0.19059594922298762,0.4039940243613339
sample_4614.png,0.10871602811676115,0.2834625038792382,0.22542590445881772,0.544756665277139,-0.01835234087788711,0.7482755929097149
sample_4615.png,0.28223982507791334,0.3615951088517559,0.1443430856165072,-0.5581305209656777,0.20132044326618412,-0.6455347649188771
sample_4616.png,0.07136493406417556,0.18279847877879982,-0.057207581674789496,0.40064443464856847,0.50201294292748,0.7387056904204234
sample_4617.png,0.2617357079557753,-0.013380427823046197,-0.04788660841436596,-0.4077362342749462,-0.445001156730779,-0.7514967663498529
sample_4618.png,-0.49721319492388844,0.4326596760364575,-0.09052118946782267,-0.37946259174590385,-0.5963570703512352,0.24032674401845242
sample_4619.png,-0.11700228144862777,-0.13333277176541236,-0.12465076193295604,0.7732867145032004,0.5836188401388808,-0.12004887449074844
sample_4620.png,-0.4133283081108443,-0.16446862661028738,0.07578782366885477,0.3231387215286994,-0.09195119459700224,-0.8267359498773919
sample_4621.png,-0.33430536901866836,-0.4113806928773509,0.0885962146524719,-0.6709886407600024,-0.44378969013955827,0.2529456689077219
sample_4622.png,0.22437703928258948,-0.2460683826946414,-0.2862260763194512,0.5751109912951128,0.006940569730128604,-0.6902022201492607
sample_4623.png,-0.5597761625017245,0.325410542431526,-0.15000937755475668,0.35007691313992134,-0.6486019363433344,0.12254589537393099
sample_4624.png,0.07485766120489758,-0.22196336012771148,-0.050583438487558995,-0.47012649042585813,0.6784942893850311,-0.5110738648593678
sample_4625.png,0.22823919993797967,0.030018886620499327,-0.3186621788365814,0.1432077787120913,0.5677391279723132,-0.7089597763783535
sample_4626.png,-0.15934620793412782,-0.34222563298235753,0.22224931617361066,-0.38299777707876553,-0.36341480658085057,0.7275562003843608
sample_4627.png,-0.12372309614442281,-0.28213577847605326,-0.0923874963514962,0.010072286396946422,0.42414700627542773,0.8464953718812535
sample_4628.png,-0.010735987395491281,0.2684569485936573,-0.33452008149641604,0.4488015921664121,-0.008477317635699226,-0.7838476805838328
sample_4629.png,0.04622623695841445,0.10648735337726022,-0.04002203379796499,-0.5497312494853106,-0.26774513512083886,0.7816840227076978
sample_4630.png,-0.31103144605861377,0.25396076792216143,0.06957434184820925,-0.1502539056864441,-0.6544273824502047,0.6189275755698762
sample_4631.png,-0.16221612788306947,-0.3307477424808528,-0.09566288673337202,0.6827555075198941,0.542593007302406,0.30753571528858903
sample_4632.png,-0.2522241318984133,-0.16369347043900498,-0.06088801977662188,0.7286487249930724,0.43330273423060794,0.43266599143641654
sample_4633.png,0.4386733265374963,0.4057516809346075,0.06547442245563749,0.3628749791077429,-0.07218382265809385,-0.7083471121501015
sample_4634.png,-0.16262644816736932,-0.22551843094168378,-0.02169764944589018,0.2059186725695023,0.10520802826102946,0.9320686985127389
sample_4635.png,0.1927659864981727,-0.26800066870928857,-0.1107089926945972,-0.37235124525594415,0.7139221766976344,0.4800313643221321
sample_4636.png,-0.31203909461261325,0.24023125516192115,0.30913510390541005,-0.4431208678660232,0.7005557591525733,0.24944249796272513
sample_4637.png,0.35592578684086945,-0.4522020316742374,0.045618262283098926,0.07337715563556131,-0.8059437429819333,-0.10871801661535413
sample_4638.png,-0.15531417934469502,-0.038592816145419054,0.1690910392296008,-0.09054766433451326,0.6836305273411688,0.685745392444968
sample_4639.png,-0.2646162319403402,-0.33290037086834784,-0.12487405151931347,0.6326911556012831,0.20078712042919922,0.6024520711394623
sample_4640.png,0.23655511653377806,-0.0428761479833562,-0.09163191376499438,-0.5249478955460709,-0.5340452135882124,0.6107637202395347
sample_4641.png,0.3595506778989888,0.09666773379245493,-0.09435248281576991,-0.49440625113534586,0.548906325948924,0.5538416492318499
sample_4642.png,-0.08923488612036487,-0.06045353920488282,0.04289897126119058,0.053356693591644126,0.5235861620746961,-0.8423495575438253
sample_4643.png,-0.1318342019928755,0.32190270568674656,-0.0272943698089272,0.6311026692041722,-0.028701838432915697,-0.6921986954821042
sample_4644.png,0.040072161062040534,0.3661198682845599,0.44075665715966506,0.6588602047531108,-0.3590674024340863,-0.32719698077225373
sample_4645.png,0.2742348213835367,0.18676261314244247,-0.3221550857429419,-0.835821230950762,-0.27811324988160435,-0.10093056987429196
sample_4646.png,0.33936340012484995,-0.01825868075121485,-0.5258649052197746,0.39387086413968625,-0.03815470759474812,0.6718445991160009
sample_4647.png,-0.43545595811093857,0.030828717029199627,0.2880359873432106,-0.18339008525406977,0.3531514158319265,-0.7537341194835556
sample_4648.png,0.12106884815573006,0.2180336319664403,-0.00015038803762342195,0.3753154331088147,0.605243199774701,0.6562184403977307
sample_4649.png,0.12451886788358558,-0.12740798992309058,0.007915188949164605,0.5963589703319407,-0.728877172740509,-0.28512041489706846
sample_4650.png,-0.2704801984577812,-0.172041136771031,0.12470974629792521,-0.21711067307463705,0.5526555418363941,0.7274095107940765
sample_4651.png,-0.29618827518117447,0.5220075186968244,-0.16820828426558448,-0.7358495003451886,0.1270670743758833,0.23209071636949133
sample_4652.png,-0.09538338821231487,-0.1644420599951913,0.029332953081224078,-0.3158272549469357,-0.15274959167917554,0.9164720962995764
sample_4653.png,-0.37640058305648433,-0.349149827041522,0.16927168622146918,0.1608291348334389,-0.3354628803976154,-0.7545612903266489
sample_4654.png,0.07991019199007567,0.24113386415794336,0.03907987315344204,-0.426454317991907,0.24612222118710583,0.8315660834778325
sample_4655.png,-0.22910382969958473,-0.39355933563191925,-0.19343297858664127,-0.2186811692259156,0.8013608502178728,-0.25535367887132615
sample_4656.png,0.13329007796672956,-0.3157532757421634,0.02881574651534916,-0.34772190000964875,-0.7783208276362276,-0.39371239026453964
sample_4657.png,-0.2494660393399277,0.4064415821579526,-0.1279576068331363,-0.22569084358210229,-0.6697219810508314,-0.5066901396150072
sample_4658.png,-0.11038327861584023,-0.012789236662965517,-0.10884982858570912,0.6817911277890809,-0.2461919078288297,0.6710842604562801
sample_4659.png,-0.04538245172623331,-0.1264360604048199,0.3644425163462301,-0.45259142584627454,-0.29740052062292965,-0.7455534451449468
sample_4660.png,0.30216885864717075,-0.22528773372157082,-0.11525934546598497,0.3644473475746453,0.05662367543712096,-0.8417996147581767
sample_4661.png,0.2089548102280831,0.04417554721910728,-0.29971136331580056,0.004225910069432056,0.5925315696378567,-0.7165528505814522
sample_4662.png,0.029143587452445916,-0.2629250041896174,0.057615732384556466,0.5222465974377802,0.6769862781159935,0.44232294940619804
sample_4663.png,-0.38594518486664586,0.12728685056406894,-0.2772242530532469,-0.19947215676239533,-0.3426815088969582,0.7750943991588782
sample_4664.png,0.1164170262605188,0.1329909348408108,-0.31942297573481365,0.10594144252544455,-0.36368974718186264,-0.8504326124802378
sample_4665.png,0.12282738068228248,-0.04662994208874005,-0.295884165636232,0.7652080006857389,0.2026750517892491,-0.5182385383682311
sample_4666.png,-0.26018077305057885,0.0852185926487898,-0.3837276121505494,-0.6196898950617246,-0.4266513567104997,0.4601629388058966
sample_4667.png,-0.38165571251832686,-0.2199211687115302,0.14535828077991894,0.3571402947841046,0.6563876582956146,0.4758682787727204
sample_4668.png,-0.19646880405972472,0.024058918558246514,0.0004915457370017984,0.25936302520361537,-0.34376020538161195,0.8805570272305812
sample_4669.png,-0.3333542033132894,-0.0027056085478381502,0.1509120370432411,-0.16670830522857347,-0.7241677738743807,-0.5602522540256737
sample_4670.png,0.031333017978372776,-0.11315053236108173,-0.09245933994169298,0.47641289271496984,0.27069924108567445,-0.8230547648843981
sample_4671.png,0.25953277204767883,-0.0926042385964198,-0.5766389496017263,-0.2774895286717189,-0.7114885269908838,-0.09131459065961162
sample_4672.png,0.16822391217780586,0.20163700369455825,-0.05681283559855565,0.2608269969499734,0.27193352457812253,0.886474461953927
sample_4673.png,-0.21608908906288843,-0.025102604079603383,0.17627795994177353,-0.6765433018498473,0.4632966045819599,-0.4992462945281552
sample_4674.png,0.2235546237222422,0.06655635487024429,0.1810819521572291,0.42740771747435347,0.4388274191392218,-0.7331821381462404
sample_4675.png,0.04076210208393083,0.16870663870771738,-0.028601386177611068,-0.017539254811287264,0.15701786295464037,0.971646153212261
sample_4676.png,-0.16710937003133544,-0.14117717733035973,0.19421589125251063,-0.05007799437472431,-0.24561744120801945,0.9228152131860341
sample_4677.png,-0.0459634927689813,0.017576195334361458,-0.2689626943458156,-0.4099214488540813,-0.07634075882100456,0.8668183189413382
sample_4678.png,0.29385378037097837,0.10555929162973547,0.12708376431828225,0.12088005795460843,-0.5463067524946619,-0.7571617081751
sample_4679.png,-0.23334396791809733,0.38223555722729174,-0.11683012735666445,-0.1255722630777435,-0.7013314300592384,0.5274117222112181
sample_4680.png,0.3644627305035334,0.09184745082948435,0.19345695936895446,-0.4666790827188422,-0.7728671856911846,0.07869126861501856
sample_4681.png,-0.31466007757902686,-0.576836499554206,0.013462889903665056,-0.5944087167908807,-0.40083043842436233,-0.23255252308028215
sample_4682.png,-0.2906812547093651,0.17772323161843284,0.1912810494926797,0.10079723607929994,0.047398677823023934,-0.9137415957195296
sample_4683.png,-0.06704118894485957,-0.29141755323258645,-0.031149581358235017,-0.38530810091290413,-0.3001530557925546,-0.8191805678257278
sample_4684.png,0.19277528648185915,0.3338206103298824,-0.23595578750738516,-0.13087489080728787,0.7556470751255513,0.4556266192761036
sample_4685.png,-0.4575165363933764,-0.5310730354459838,0.24251448361253627,-0.12290274915792554,0.6350082752244084,0.1774434553115097
sample_4686.png,-0.0450826767753124,-0.3626835093990677,-0.1639034285661413,-0.7209297479477497,-0.5020310694681717,-0.2603631966727456
sample_4687.png,-0.21468610630226073,0.0003765752648828314,-0.15769175787795917,-0.6543477064851687,-0.009251409186550477,0.7076627260884003
sample_4688.png,0.30486705921803076,-0.02747055920662238,-0.015426456444030753,-0.5631189667694756,-0.42312749391912224,-0.6402527799052552
sample_4689.png,0.19027184682278372,0.27288510934045457,0.30620775258595595,-0.3774068737850458,-0.5427945958264189,-0.5987530643133163
sample_4690.png,-0.1619809407518393,-0.28622823453671575,-0.32326061327283345,0.3214477860226282,0.4912731430547871,0.6653271137326637
sample_4691.png,0.259332706256186,0.19296218486024275,0.2613766608481589,0.4822495086846791,0.16194330055375508,-0.7539258336353866
sample_4692.png,-0.30855366637430115,-0.05771589510355456,-0.00016665270041946257,0.21135772112076176,-0.14124759550878616,-0.9147898737589272
sample_4693.png,0.1926252153694722,-0.08986415234966283,0.06892070738664008,0.6506384071625604,0.7181111968872932,0.10514689082294086
sample_4694.png,0.38184770595637535,-0.19056517368563206,-0.19453317263798453,0.5972285753205078,-0.21370338378844392,0.6145591764471702
sample_4695.png,-0.05912349093942075,-0.3244262378963159,-0.24038453619036976,-0.35327626400757345,0.8396257247668406,0.06076040933641785
sample_4696.png,0.4020743591493813,0.3324463414131514,0.2526948655236928,-0.17343309746804603,-0.7271693065891701,-0.3242016424863581
sample_4697.png,-0.005614913674653061,0.4217542370272496,0.13793116547186415,-0.6798865436448406,0.5138893999100728,0.27701769314666436
sample_4698.png,-0.22137086037244552,-0.29509114039613615,-0.31786549292471794,-0.7764574777396538,-0.35035611473737127,-0.19298203951069146
sample_4699.png,-0.05356571560166159,0.2598322730036527,0.31525756993818327,0.6867405698184229,-0.11379751770312313,0.5879354414768546
sample_4700.png,-0.09666474994839211,-0.19458844841453987,0.09252541204287339,-0.5246281528992439,-0.3185459811004186,0.7533419337177724
sample_4701.png,-0.198739949139984,0.3265007097113088,-0.3975386358236481,0.7331944405080425,0.1890432929742189,0.3500732751737604
sample_4702.png,0.23957966544973539,0.030645578013266065,-0.29893944123061517,0.7696227997241202,-0.35472080037614406,0.3662670376286514
sample_4703.png,-0.2018768667161991,-0.06792221508685409,0.28084287580887163,-0.21543936334622554,-0.42839522817756437,0.8036311291168439
sample_4704.png,-0.20098653573953706,0.12958367494891382,-0.19087394929639984,0.4855642609272459,0.07079912707427889,0.8158397215347184
sample_4705.png,0.22462630413219797,-0.004998117483047988,0.01939863463487499,0.4854029486818326,-0.03187469612902567,-0.8441029063126735
sample_4706.png,0.25449460663889534,0.1251162522233533,-0.22871106578485859,-0.430351964031111,0.3882280705058601,-0.7289347154133302
sample_4707.png,0.26793586708804756,-0.09099637001657612,-0.276921236231023,0.589942793214727,-0.32284935982249074,-0.6252842971737563
sample_4708.png,0.12304041798858967,-0.1717084076429426,0.09346489566297034,0.6301908510945236,0.4455813478600529,-0.5924173741549168
sample_4709.png,-0.2795567057062598,0.08592983617676675,-0.36307533968963823,-0.5788001372499076,0.5178524781472482,0.4236267475677065
sample_4710.png,-0.11451955689700266,0.15140593212539658,-0.07351581496574448,0.5908375528980137,-0.4156861518436252,-0.660812340234504
sample_4711.png,0.386355114960723,-0.16869046366975082,-0.5902490073123569,-0.5673085816242833,-0.38163050056261105,0.07999060090487604
sample_4712.png,0.2792516777820364,0.27102816575440963,-0.46470125518271477,-0.5499910952233547,0.5555436879616876,-0.14661508515930144
sample_4713.png,-0.09081949252810306,0.09599698537673773,0.2683101410929259,0.24659023600340024,-0.3628304583305573,-0.8474039065154442
sample_4714.png,-0.1913085530746787,0.057525953483992504,0.3807456306578978,0.7627015031804345,-0.4425719101540495,-0.19375522785218374
sample_4715.png,0.21691793901125672,-0.17788312420399718,0.16159553766722737,0.8346670329746305,0.32281703583034277,-0.30710126914034713
sample_4716.png,-0.23184610307165737,-0.1369579737204997,-0.12549754280524625,-0.33679992433343964,0.32471570006902034,0.8323856016128475
sample_4717.png,-0.3241910030946153,-0.25829297179138916,0.13831266809556053,0.24347685874268166,0.7576531040405028,0.41920798331443365
sample_4718.png,-0.10796836305398501,0.13791383540657903,-0.13386816877324964,-0.17842394937804765,-0.8372360003829479,-0.46754967000661124
sample_4719.png,-0.18620462579975672,0.04324476383022974,0.15564124423635628,-0.4692311908030329,0.4958874206911901,-0.6878599322554014
sample_4720.png,0.24704943210832317,-0.182964148007928,-0.08919474896370923,-0.09972307571401542,0.3951384500764789,0.8552519563481183
sample_4721.png,0.007022427454766386,-0.24521341930717688,-0.3722371756768802,-0.2720299796859178,-0.14722767056410152,0.8399906265672088
sample_4722.png,-0.29664213971188735,0.2329461798397583,0.2320816066891933,0.4438110596896668,0.5233850813976582,0.5770419793648296
sample_4723.png,0.12558556785910338,-0.22215963166132427,0.02055070371053551,-0.4994085606308366,-0.46240426274921487,-0.6864578786368498
sample_4724.png,-0.3714460852958227,0.15490782920667567,-0.021015205266334318,0.07225921222314301,-0.06213996274095274,0.9102235783564067
sample_4725.png,-0.21094643924909862,-0.3857399976914384,0.031144031621333768,0.09528261933187684,-0.7628099825396629,-0.4634419664149987
sample_4726.png,-0.08976166758695134,-0.27190489853496025,-0.1266122442456027,-0.43407761771634784,-0.7139698773513538,-0.45144605970634777
sample_4727.png,-0.30029580913386555,0.21413980475709732,0.35124302109942235,-0.19637013178299004,0.10608356697738099,-0.8311317340380323
sample_4728.png,-0.11820658793577354,0.0975746466679021,0.2446205807201724,-0.5509121208080597,-0.002683681878069737,-0.7830426523393761
sample_4729.png,-0.03559022467625022,0.2908286802200331,0.12671128299214302,0.4387531753776086,-0.1602660635610956,-0.824564555021709
sample_4730.png,-0.07460794672392132,-0.13480487921459786,0.1157271725854516,0.547206927995047,0.22456495832607667,-0.7829455139389883
sample_4731.png,-0.4401070804028471,-0.35133450161041635,0.08565254120311787,0.6623926146740167,0.4831558520497153,-0.05770541220998068
sample_4732.png,0.35119205478498117,-0.4197431373621587,-0.3949163110614643,-0.7171160583290772,0.12008677170704517,-0.12587562392467805
sample_4733.png,-0.1913360531556956,0.06273000407982371,-0.3434270025353998,0.352159813219201,0.25453445999612145,0.807904096974633
sample_4734.png,-0.10203427177844243,-0.355222349332477,0.28809594890321005,-0.0034867175706283747,-0.14717401154432808,0.8710536534964136
sample_4735.png,0.22663244436049815,-0.3057073845938727,0.42543360526303636,0.42683461332723843,-0.000569211327270251,-0.7014263087061294
sample_4736.png,-0.3479527240198303,0.2507819029262846,0.32946295412827914,0.07719363542940419,0.21410745315066496,0.8097472704637212
sample_4737.png,0.3058279213179438,0.16807554396116361,0.2987636152513534,0.4946507935550042,-0.5124846657510594,-0.5306978952962556
sample_4738.png,-0.09922795285762859,0.26656718801411217,-0.1095935468789389,-0.20469948830001877,0.5827636984715537,0.7249617875184134
sample_4739.png,0.16122951779047154,-0.17813377839749828,0.07699706383882209,-0.08453286271446322,-0.36054370246976597,-0.8939839402795633
sample_4740.png,-0.00825480433540824,-0.11997186388165755,0.2180871982235071,0.49722186960856035,0.36539193658812225,-0.7464822363007143
sample_4741.png,0.2322916733180893,0.28257570068721544,0.2872817691562007,0.2689374440164602,-0.7477342401540068,-0.3901626510904116
sample_4742.png,-0.10692507714196492,0.16242890643483288,-0.04465814510081669,-0.4163750853380906,-0.4723803044961488,0.7507850321780178
sample_4743.png,0.30001113949602776,-0.16731537910142216,0.12557402169312532,0.3080785998340933,0.5031841046538998,-0.7198078759767601
sample_4744.png,-0.20121988246517927,0.44607959314884393,0.045431248711684157,0.5856823019510827,0.6353100899342203,-0.10870551010143
sample_4745.png,-0.14144963419905449,0.0508025419537835,0.00916205571209142,-0.7098160723348637,0.5140862549905357,0.45738782814590706
sample_4746.png,0.33694001571638976,-0.2453455853674494,-0.22251659287271025,-0.5262900941771401,-0.6325654481192527,-0.3156628360494299
sample_4747.png,-0.06451213487362334,0.27186750586398895,0.27154345227018506,-0.7845267361339052,0.46629883176542763,0.12358639497861496
sample_4748.png,-0.283210015753036,0.2331060188383358,0.20610282130347365,-0.32706334546174676,-0.14423783430360057,0.8337867312568797
sample_4749.png,0.38473177113235213,-0.21894000406352435,-0.27918595576752697,0.4235846291424892,0.42646831415342357,0.6039890561769778
sample_4750.png,-0.013620409230071786,-0.25217432293276504,-0.17843083090895392,0.3389196384968293,-0.13164826515314068,0.8787418544773511
sample_4751.png,0.16761207588795773,0.37209760601861014,-0.3095841428210456,0.3308286048216575,0.5669001552458749,0.5538807365665153
sample_4752.png,0.21942967886044956,-0.20043024453734654,0.08205476566672994,-0.05917838313208362,0.7860327433576304,-0.5325371291101001
sample_4753.png,-0.2500273719202806,-0.20053804327359584,-0.1438736819148383,0.37458125117502283,-0.6116591820875611,-0.6017749590827399
sample_4754.png,0.1738929157564284,0.18046550708383227,0.15180560077352503,0.8007420220967382,-0.25598622446666486,-0.4554467928399772
sample_4755.png,0.08231219285357871,0.13189168174728402,0.2675605226696961,0.49363426723844206,-0.6098295054386872,-0.5372837596713675
sample_4756.png,0.15580403533886222,0.28389713390497867,0.45254458827878064,-0.3657644535819155,0.714555759816917,-0.21437664555787195
sample_4757.png,0.2754756056677603,-0.005043067562302345,-0.09627268732434702,-0.5226042739434912,0.7842618653473548,0.16320976455094593
sample_4758.png,-0.30967926760334324,-0.3687175468278094,0.13967995308286013,-0.010285046327377178,-0.08245012669128338,-0.8612385424580951
sample_4759.png,-0.294572896318459,-0.24689694664651896,-0.22637230157164115,-0.2785637927474799,0.7551851376367422,-0.3913079462968422
sample_4760.png,-0.4495501722835114,-0.7890943730715857,0.04867353574636527,-0.362783128568595,-0.20127104913814914,0.02727574580803744
sample_4761.png,-0.028346469590343648,-0.23157896563563188,-0.14635471306127884,0.49696648806314897,-0.47052118553512207,-0.675116347014682
sample_4762.png,-0.07511758385089774,0.029654981225040674,0.22356763197985505,-0.03994588723878093,0.5565786467278522,0.795059734054722
sample_4763.png,-0.14133129705674735,-0.4839178090361958,-0.11762220072478857,0.11185472241531828,0.8413100340928876,-0.10816646464842616
sample_4764.png,-0.19520840452941662,0.17077594334062032,0.05472533589991844,0.8582197482159174,0.16334434384938815,-0.4080586755510315
sample_4765.png,-0.08544285103362204,-0.03755907783405882,-0.1456160534633754,-0.43137820424547224,0.8821522767326799,0.07619058610191685
sample_4766.png,-0.13565941734713646,-0.01597050225281842,-0.03312598633403401,-0.6395022127838947,-0.35166773557606634,-0.6690372621697012
sample_4767.png,0.06665854440339233,0.32895339345268515,0.09769897163170888,0.026477207810043302,0.513293558198896,-0.7833453229031183
sample_4768.png,-0.14873512835561048,-0.28078359739087594,0.25452011449684686,-0.5100945764254294,-0.571288839077403,-0.4976851713611179
sample_4769.png,-0.34761489620392394,0.06895921327370164,0.36918135651140804,0.6887812869505232,0.2537125539936344,-0.44645707020833725
sample_4770.png,-0.09086651244810316,-0.026256178629903187,-0.27912249893485425,-0.4976126376390147,0.4038555878392224,0.708820744349807
sample_4771.png,-0.06980684032956547,0.10662322789618361,0.0770995065875446,-0.2697541929530077,-0.3828753508361132,-0.8708922433381485
sample_4772.png,0.20130321683578886,-0.3193043668992502,-0.10660345979065493,0.31472697680005585,0.5860392719291934,0.6353442691661685
sample_4773.png,-0.05196747550638392,-0.16160994133534615,0.3871306499533247,-0.6890855396513623,0.5758279197747134,0.12204422997058363
sample_4774.png,0.09119959532863155,-0.17789844212387557,-0.13767319825568303,0.4703358011575353,0.32618892106566894,-0.7832406338459194
sample_4775.png,0.2821925790131455,-0.08125411838136841,-0.03462245966976841,0.6398686809150683,-0.5842057372945099,0.40229110054608475
sample_4776.png,0.19448787099309894,-0.27750385065723376,0.20761745515662725,0.5891263344395672,-0.6979972633029158,-0.08826695708307157
sample_4777.png,-0.14634262530338094,-0.5462523046787788,0.47829114190352007,0.026785933779068453,0.6083224970447709,-0.28400016297506203
sample_4778.png,0.13397147741617382,0.1148250168202854,0.2781036754283217,0.3302086701088546,0.37453579254003605,-0.8013802959617589
sample_4779.png,-0.2365954799264532,-0.26230388233425056,-0.2681811548386667,0.27763192605300024,0.17673301081707457,0.8336570499334743
sample_4780.png,0.45486067072883885,-0.14429441034184537,-0.008836074639853735,0.7141660826615382,0.47756213746432646,0.1846727602803008
sample_4781.png,0.035864275428780595,-0.10642009925791884,-0.11380889293222843,0.19447595453220776,0.5680639492226589,-0.7835295175127654
sample_4782.png,-0.30082275047086715,-0.29281676262836104,0.11655332748104512,-0.40587595179650504,-0.06985033610048191,-0.8003530349014837
sample_4783.png,0.08232467379060521,-0.16933865129984746,-0.06323132647414846,0.9234847429612527,-0.25585469862632826,0.20558008493567273
sample_4784.png,-0.4006163551544242,-0.5699907759357905,0.26054994632279643,0.02342884148831179,0.09758421356209394,-0.6608019275486952
sample_4785.png,-0.36373415424393646,0.1625730427483955,0.24455095910310298,0.30532579504269247,0.55060900228001,-0.6205386246636778
sample_4786.png,-0.13299019360730718,-0.31673921968751945,0.2018864507483068,0.3005370227062661,-0.710846852702275,0.4955865071876023
sample_4787.png,0.0912580561272117,0.2710417415309261,-0.3897330462826117,-0.3387663851286531,0.3418806741256605,-0.7312123051079557
sample_4788.png,0.034420596495507,0.18536880911048817,-0.29603477300261016,-0.1447425370065938,0.12478777078528498,0.9166758699575767
sample_4789.png,0.16996118017780637,-0.029291096737400813,-0.026855095925587984,-0.6508934075022195,-0.7357808436425282,-0.06706977639857138
sample_4790.png,0.15891388962075864,-0.2009844414176005,-0.2873715223167496,0.14584174836489108,-0.7918429523587305,0.45109218723969413
sample_4791.png,0.3210922751710817,0.029851219773596675,-0.2127887524351093,-0.5745024442173106,0.038625224568712146,0.7205446800552683
sample_4792.png,0.007802060472359954,-0.081957142305704,0.18453278920048335,-0.6175333060174251,0.14600525081180682,-0.7459925516263073
sample_4793.png,-0.08899353919414932,0.25650943944487786,0.19400256637108756,-0.06983120264965163,-0.06728158820747661,-0.9376795042676301
sample_4794.png,-0.3440576935051267,-0.31866282640292043,-0.08826635710431452,-0.4787485202428707,0.044602529493776605,0.7355935192349009
sample_4795.png,0.31618434233293996,0.33745915952718497,-0.5213354364841979,0.55411472931291,-0.20514323488563513,-0.4064864818412302
sample_4796.png,-0.3013442346687305,0.2169390281104757,-0.2018552675848707,0.8411639025847689,-0.26282936171224797,0.2115362306389465
sample_4797.png,0.16580303739452146,0.05498811391505945,-0.14618974179003005,-0.6457732261279736,-0.7041112739279631,0.18793209906237368
sample_4798.png,-0.3796765556104234,-0.13707363250102023,0.06764008837456126,0.24489314147566063,0.5069574396448636,-0.717985274559561
sample_4799.png,-0.4906381152005484,-0.12714840304613031,0.29070531946875044,-0.29423293439059006,-0.491370364286224,0.5749609431682906
sample_4800.png,0.3517167324172733,0.2663131843708312,0.294554438048201,0.48550744446776556,0.4530550691655295,-0.5269097993621764
sample_4801.png,0.030121885645360676,0.3939717757098668,-0.3112789916551158,-0.1500843091955538,-0.5202332155141818,0.6736589663267496
sample_4802.png,-0.138706155435054,0.18614074065890238,-0.19398656556568303,0.23205322919533003,-0.47239083259041165,0.7946569320127839
sample_4803.png,0.08107945668518032,0.1687027651985416,-0.13591574593506878,-0.38663508010940917,-0.20126123589084796,-0.8697698767383214
sample_4804.png,-0.2344328185964082,-0.20291735051447182,-0.16200715956786074,0.7387366126135692,-0.5711775642442342,0.07512582753046601
sample_4805.png,-0.08552874892615515,-0.024545265497039497,-0.007289838423207312,-0.506082224928987,0.6026105589077004,-0.610549356897905
sample_4806.png,-0.4068348384005568,-0.24317803374415567,0.07120396884046414,0.5810461476359063,-0.4283479148550702,0.4991826230409783
sample_4807.png,-0.10812467144070112,0.0343704506278672,-0.10663753569921934,0.1250490860040302,-0.22348776805127465,0.9540294058101625
sample_4808.png,-0.2843494923219852,-0.29177326250051894,0.27635808001738493,-0.3655983239113519,-0.06430499757134152,-0.7873008789247586
sample_4809.png,0.2872658151477726,-0.09761659341957515,-0.09344463750678748,-0.20767574857026888,-0.30515306166889367,0.8734814504428511
sample_4810.png,-0.33741140244070855,0.3103778708694933,-0.3711381683988029,0.49470112151190854,0.6381724583233289,0.00907174445819921
sample_4811.png,-0.2576676018320649,-0.17347334618380814,0.4166599856479631,0.4436269785859184,0.5789892622577247,-0.44483187784906936
sample_4812.png,-0.03637603977704373,-0.2584247675078746,-0.02369180547995711,-0.39288568551365144,-0.08789980783029827,0.877067034794721
sample_4813.png,0.022391844363543682,0.2947041764757187,0.04642849595680477,-0.4540665261512445,-0.7139660815711866,-0.44109916417035205
sample_4814.png,-0.3223380557685662,0.24091840187511032,0.34262528594210023,0.13682235297589926,-0.14552197520255378,0.8250863065968693
sample_4815.png,0.021031173199275676,0.3212762437396366,0.3082149107312125,-0.2779737343857483,-0.5406272846069982,0.6571115399195693
sample_4816.png,0.04241450681729607,0.483743525015118,0.30341457528764804,0.46089316014716825,-0.22587512941385005,0.639289236544964
sample_4817.png,0.39570919982502395,-0.06825972891572467,-0.26841903763532887,-0.16499061370004336,-0.6257041120804008,-0.5898970421469116
sample_4818.png,0.2662619331585688,-0.11967397529890178,-0.2870739738396487,0.01074797674396485,0.5855040704542106,0.6996004006632603
sample_4819.png,-0.2617644542173524,-0.09493109540726845,0.31261342866933445,0.5767851095753964,-0.561394877755867,0.4205889090908647
sample_4820.png,0.2287414199760523,0.4391436567922429,-0.2099198230386682,0.7306693455948317,0.36896125946000236,-0.2018756444140787
sample_4821.png,0.11346033426543829,0.3033343383454776,0.4653530159741585,0.16347787626717303,-0.750695512404769,0.2971411009590515
sample_4822.png,-0.3224373619012764,-0.4659386541813536,-0.004948085834750773,0.6950765465931383,-0.44195716108549365,-0.02129076743084109
sample_4823.png,-0.18120197771249572,0.2439255374306225,-0.15152174100173044,0.6611498206187497,-0.3550692761301271,0.5670220994902132
sample_4824.png,0.43840519565829567,-0.38956457452360027,0.05364735012954147,-0.12979494971256303,0.3726563721865887,0.7052962411766988
sample_4825.png,0.13509543617372577,0.2247453785524964,-0.12723939761484995,0.131265631962358,0.36734850893583065,0.8734261734612038
sample_4826.png,0.23357283247828245,-0.031541170338581066,-0.076047255554244,0.6759788788565707,-0.38607887017539955,-0.5767680320270125
sample_4827.png,-0.2550881040962745,-0.03282575099416152,0.32261076619774703,0.3122919641604984,-0.1248318719637958,0.8465610170663025
sample_4828.png,-0.07925426902776556,-0.001248323442181423,-0.2221908853929995,-0.05179259075031981,0.5298118601544591,0.8129977449911993
sample_4829.png,0.09168564233993903,0.12570474938047294,-0.31929725129206127,-0.4459481961201499,-0.46147840605185636,0.6797125947150472
sample_4830.png,0.39658007134748985,-0.09969101725090414,0.04190804895180597,-0.871345732559935,-0.13637334163122172,-0.2306265153109615
sample_4831.png,0.08735120897916786,0.5315646777461077,0.11306727696775129,0.41249481777092784,0.06217422107171849,0.7231921889013365
sample_4832.png,-0.04279685072118987,0.037402644583203234,-0.002076849329299306,-0.5880115631318548,-0.06018496234863262,0.8046025915778053
sample_4833.png,0.24423828235338335,0.1104097670485437,0.24061770427182785,-0.4097666428131008,0.789585688729475,-0.28090248086407427
sample_4834.png,-0.3408985388160695,0.3975287757506456,0.20329357255519642,0.15678396460452665,-0.5041461463308021,-0.6369350309283475
sample_4835.png,-0.28307624029173856,0.09153178164620544,-0.2733570224542268,-0.4131657977273993,-0.41843625984535454,0.700693109314511
sample_4836.png,0.1925672948097996,0.24064601247079642,-0.07758690910152927,-0.22525808360331134,0.3092537427884442,0.8675301283127373
sample_4837.png,0.4575074847956811,-0.24135268882220073,-0.31192359878301007,0.1650048507867741,0.7769119783472498,-0.06573147338890659
sample_4838.png,-0.38665727592995275,-0.2867480150735702,0.29845451705106496,0.6118262161421221,0.546989836371687,-0.07528232342920764
sample_4839.png,0.09492520102272684,-0.28392302804799174,0.3875809660576237,0.4161563212484801,-0.7368571699414417,-0.2097935711491527
sample_4840.png,-0.14823082976766305,0.05537110616257811,0.3008940681352234,-0.22354064449279779,-0.42456409813635165,-0.8088258949262004
sample_4841.png,0.05166849831367406,-0.20900468030122923,-0.3517996494214492,-0.30620988883810174,-0.5730678291990937,-0.6385242232491514
sample_4842.png,0.3348730631305101,-0.04226615937998927,-0.06684291612601055,-0.6060797459650743,0.7019158851406646,-0.1469253539819948
sample_4843.png,-0.3800735128705699,0.32855777408856096,0.11815487843066087,-0.5552375509533262,-0.4157236774085768,0.5025121139400252
sample_4844.png,0.25073264653445565,0.28527069715152514,-0.5049626071083786,0.5463780839115059,-0.5497279268463889,-0.0060605772977875266
sample_4845.png,0.049145515797109414,0.32087088189807,0.23546440965172472,0.6904702831353957,-0.06796521641543604,0.5981760816673338
sample_4846.png,0.1608968612400305,-0.2215779797946162,0.2185127703906603,-0.4577890389607272,0.30496692784764967,-0.7580843863423267
sample_4847.png,-0.31813487163948406,0.14726743204194567,-0.2887534306824094,-0.8175589365540635,0.005652150629674889,0.35396242968666464
sample_4848.png,-0.28111925665353166,-0.0726970014033295,-0.018249797457712102,-0.32526967162548487,-0.05578315159845375,0.8980211217653378
sample_4849.png,0.2647189473499235,0.11486354191220192,-0.21726477282070886,0.5739640522884281,-0.29970001401266105,-0.6710226765363115
sample_4850.png,0.18305198062587064,-0.28968899462505127,0.16285879242826282,0.43866100485000314,-0.23489209509039352,-0.780033011480227
sample_4851.png,-0.5164052968887046,0.18242798315286615,0.43716912363732957,0.1059965643781438,0.7027452787743115,-0.06198837912609788
sample_4852.png,0.14303279682536654,0.3670878526958797,0.09370371611774289,-0.17313648077103516,0.3111031167743877,0.8421676500440097
sample_4853.png,0.21858359497620092,0.016130521619039353,-0.20598971469881333,-0.5897624693771732,-0.7360447671925704,0.1412359236187917
sample_4854.png,-0.33260404365045093,0.2079222105722783,-0.15948394273602814,-0.011005341670121608,-0.49238503762593594,0.7603575696238625
sample_4855.png,-0.012101153769302698,0.30261367834309616,-0.29259388701270767,0.43701813386292054,-0.473169658938961,0.6385866938595458
sample_4856.png,-0.2788169417639072,0.33082203618742545,0.4276207623626535,0.5409101599071976,0.4213662415221749,0.399781273159783
sample_4857.png,-0.3850436247114446,-0.20781377346698915,0.42941726505270483,-0.6308970962489743,-0.3261280454407536,0.34607081215084384
sample_4858.png,0.30136673228661387,-0.30956592026704377,0.11039133815583038,-0.6185676838207533,-0.01410830844468268,0.6467888081172478
sample_4859.png,0.09069144346413593,0.2758058224178877,0.03375942412580807,-0.29476689997151573,-0.4582240394642119,-0.7859451100577957
sample_4860.png,0.09740629144116225,0.6197472338159451,0.09293089437504853,-0.12856925492435511,-0.6340327967829759,-0.42339294836779134
sample_4861.png,0.16096224330106795,0.18097102355150088,-0.47178006295913244,-0.25697855963068644,0.5719288900937991,-0.570634367723063
sample_4862.png,-0.31115246288492665,-0.4965225831074196,0.5337120087854403,-0.43338716685733614,0.3394936958048249,-0.26214605679914826
sample_4863.png,-0.025232748209370263,-0.024826784534166268,0.1853645982344919,0.37745061121601425,-0.4505589641031743,-0.7867112309277108
sample_4864.png,0.12474942512577496,-0.1979793705480546,0.010095095374927938,-0.7764814741678324,-0.12715740136821294,0.571005564218939
sample_4865.png,0.018099060827264,-0.05241194769896943,0.07745549226958953,0.28350397372834635,0.3685959215578638,-0.8801639631023263
sample_4866.png,-0.35701648875107517,-0.16021791806330027,-0.20054073551099305,-0.7061652349359443,0.1819068872615515,0.5243027791521809
sample_4867.png,-0.3675395487554346,-0.266132405050895,0.3828582503238996,-0.4645137510806318,-0.47596050626098985,0.4529860425865053
sample_4868.png,0.0009100029772301091,-0.29527277858490536,0.2790759109175035,-0.5822744268868305,-0.6595313100446867,0.2467888509054836
sample_4869.png,0.08102694715996557,0.2567382638116827,0.5292553090939299,-0.7864339452149198,-0.1661477952030988,-0.03640708018549929
sample_4870.png,-0.18883865764904256,0.44064201279995463,-0.2931093192975632,0.1187713664145574,-0.7500445367010928,0.3280061895127798
sample_4871.png,0.5452917890261664,-0.6269428693662845,-0.08848845005948724,0.39795794021945485,-0.27646894534771743,0.2587734485067819
sample_4872.png,-0.03329046241612049,-0.2755436749054631,-0.31902799821962063,0.5875295462814004,0.5292333232179083,0.4426168619989482
sample_4873.png,0.11966872266953286,-0.34749887968341536,-0.03699813194801229,0.511196711686063,0.17664423574440058,0.7556651372171432
sample_4874.png,-0.21208417790546266,-0.1965799941781619,0.3305820273788681,0.5756312101872121,0.07131858056705637,0.6860426375010965
sample_4875.png,-0.2884000982375333,-0.3169918804874462,0.08540532632414938,-0.06870530478572788,0.3900837976440756,-0.8075652748768705
sample_4876.png,0.18802063894563328,0.03147882236930942,-0.2056732616443554,0.5019722083870309,-0.4129427279690283,-0.7062988304831279
sample_4877.png,-0.07973066228503309,0.045175062733823594,0.20953713253624734,-0.2611154026924777,-0.5055990619498161,-0.7898637606063994
sample_4878.png,-0.17639583497106845,0.1915195210632325,0.33496569889490885,0.37664528714213524,0.2522533836965533,-0.7839064492065829
sample_4879.png,0.036451629655444746,-0.38319688857842676,0.3858318041343088,-0.5032649396154664,-0.6493399610341136,0.16747315532883525
sample_4880.png,-0.10084713561984163,-0.271305896195009,-0.24234217117402998,-0.0832896805532525,0.6403328520292548,0.6637242693492313
sample_4881.png,0.23860134324797444,0.04554465653660031,-0.4887541446939575,0.4491441109579736,-0.35373942711439177,0.6125785293350205
sample_4882.png,0.22138094587377222,-0.09299778517132272,-0.33778773340153784,-0.3674757563741969,-0.640120763298601,-0.532398640862223
sample_4883.png,0.07719814541680069,0.32360519066766036,-0.18535375362755407,0.6030180035183957,-0.15710298339034945,-0.6831193548537982
sample_4884.png,0.28935651269330104,0.18018924246944948,-0.052326812563274046,0.5749866171256776,-0.004769140482276525,0.7419125255531511
sample_4885.png,-0.09632741338068283,0.17161696295863582,-0.25578567452241563,-0.6308009414530064,-0.26487280420259823,-0.6540450336339289
sample_4886.png,0.18448329912595088,5.728727843312376e-05,0.18380759618078701,0.38308525656697856,0.6657816936059242,-0.5849453814744184
sample_4887.png,0.3115601507241414,-0.1566273953520554,-0.4325555615891957,0.008155499043247187,-0.4390612703551923,0.7060116899553982
sample_4888.png,-0.002039088932550705,0.360945813810097,0.07771966612023563,-0.5278252726215622,0.5651797790640956,-0.5154084923887894
sample_4889.png,-0.14699520917086045,0.12590259414458888,0.3403964289891638,-0.5192153234547907,0.7148195691324528,0.2571374104927846
sample_4890.png,0.06200596641010547,0.27245793156275305,-0.3690634315204104,-0.30676628853199095,0.62144767555621,-0.5526403441104939
sample_4891.png,-0.21872202076356415,0.25417320909615665,-0.029172096042952008,-0.6728261786820929,0.21579216001535997,-0.6224502575943582
sample_4892.png,0.19712386385899422,-0.07934260146049069,0.21354849617248378,0.5101794390716871,0.36494773358483135,-0.7181741191194839
sample_4893.png,0.11129728080858173,0.005376444204425428,0.017627521650548508,-0.6712312004284757,-0.27241448683112734,0.6800825703902965
sample_4894.png,-0.3602009363302467,-0.043897426480752094,0.2194575399446732,-0.6157429492531932,0.1843955793179799,0.6379855643739745
sample_4895.png,0.25604008315787796,0.2859667296426253,-0.33660804987118254,-0.20026717052168183,-0.20219952609337136,-0.8113999865508895
sample_4896.png,-0.06543240965266242,-0.26095797805839377,0.3183391722780699,0.28115011851323457,0.7178436202161931,0.48159615096358316
sample_4897.png,-0.23721667912487845,0.3032382899142367,0.18531174562677974,0.36865461041770253,-0.5377808681959538,0.6263544201390996
sample_4898.png,0.017670981413811918,0.23162752519251345,-0.4538407333317472,0.8285745532408811,-0.021584371458198897,0.23035481194972884
sample_4899.png,-0.1633306702221712,0.32849025979699187,0.4073530473567049,-0.7353543530735074,0.387937586581372,0.09076971149976915
sample_4900.png,0.30109944293906493,0.1952149396197245,-0.17857713715182,0.16010660453844835,-0.83704340450073,-0.3362509078987126
sample_4901.png,0.06587151594107127,-0.10032308958426177,-0.3319440115481717,0.5831285022124422,0.10104325626770669,0.7246797944965024
sample_4902.png,-0.1677803587663107,-0.00519705049263595,0.19474205555683247,0.3520392262715265,-0.37781138800998215,-0.8168385470409929
sample_4903.png,0.04069302999604455,-0.05925331974746323,0.07664425086636548,0.71826888497138,-0.5826949689632064,-0.3653972663344897
sample_4904.png,-0.11600801170554409,0.25340702278078775,-0.20982701154016317,-0.09970134435343417,-0.7250107227348246,0.5854218488468578
sample_4905.png,0.19964214514798048,-0.2870825004629013,-0.06658374578774771,-0.22414623659406396,0.33788020614877723,-0.8419552764364218
sample_4906.png,0.09648001843608277,-0.44890901374779985,0.10090012483343226,-0.43404306670891146,0.04598335077057669,0.7671268577758062
sample_4907.png,-0.16180061937825937,-0.2737048799107607,-0.08560419405195165,-0.655644571699941,-0.0212873401877329,0.6791576878683596
sample_4908.png,-0.2874390252540435,-0.08521669685827919,0.01735095998854371,0.16366088730631986,-0.37479874482049336,0.8617174016881267
sample_4909.png,-0.03595889493606284,-0.3641178795275005,0.26256778947863973,-0.6880050307491526,-0.5664545347854127,0.054420780007030434
sample_4910.png,0.32062587087820194,0.07516970301830958,-0.36947157037750317,-0.5023980423528626,0.7080947247117492,-0.035176600602089124
sample_4911.png,0.3205467280579416,-0.18007542203964355,-0.4583237837972631,-0.24587492815316547,0.7320803828919321,0.24159010618158527
sample_4912.png,0.25892631181710557,-0.3736327102138781,-0.305539324017571,-0.5078674402759443,0.62232358602558,0.23406302948080365
sample_4913.png,-0.027892996277662476,0.11905739922236537,0.06138579783612716,0.11354328150262574,-0.03831719929972106,0.9833203017005819
sample_4914.png,-0.2089166770999069,-0.08729071287440522,0.17779572155308007,0.4410766938068453,-0.4599236987037288,-0.7148736786481475
sample_4915.png,-0.2933294651776444,-0.5069932238286944,-0.055703657464142894,0.6038659485282188,-0.46487765995522873,0.27027296549630525
sample_4916.png,0.24442863601689185,0.1587100438393,-0.07054830084206418,-0.5482365007881362,-0.3048750391261238,-0.7187326699470195
sample_4917.png,-0.32267204561496166,-0.21688522961220372,-0.06728159485560317,-0.7268486142571812,-0.36020379419435744,0.4315797188803113
sample_4918.png,0.2484779166127298,-0.35592487708797643,-0.24089698744219046,-0.5062438550385433,-0.7004473270065485,-0.08145888283102459
sample_4919.png,-0.3632487957929379,0.11122460703641569,0.25432142414881953,-0.21721134635016814,0.4660554693605767,0.7256800554371956
sample_4920.png,-0.1695155480430374,-0.22234529665074726,-0.07136131921608148,-0.16106770134336346,-0.2565193438236599,-0.9082893988024655
sample_4921.png,-0.32415104772177133,0.08750210785519245,0.043639038563686526,-0.28205302609563787,0.6774262260404322,0.5889863431675848
sample_4922.png,-0.37334115046957905,-0.4032108438017806,0.08438094026544089,0.2901467544964821,-0.5715384696683512,-0.529221972588955
sample_4923.png,0.19968115266091807,-0.23567476856604033,-0.018186426504907736,0.5884115547483674,0.3073422461054885,-0.6808573129678305
sample_4924.png,-0.1488492764003979,-0.09609576614921066,-0.30506025022412653,0.5409456358146694,-0.6467904995915761,-0.4056939845593109
sample_4925.png,-0.21240273831589127,0.24519006426817197,0.23122185322801478,0.3967914376950682,-0.8127016675228846,0.15289185167067162
sample_4926.png,0.03768034604428886,0.35700555753331553,0.06506468399016334,0.5909196815569416,-0.03177766460012868,-0.7188170283811965
sample_4927.png,0.05833924623660677,-0.27988133750941213,-0.20871319901873991,-0.3379208382423387,0.08674515766266441,0.8677479786905445
sample_4928.png,0.005417767135961761,0.1645748581441957,0.18510669868022298,0.07948931247019073,0.6090520856919737,0.7492384667694663
sample_4929.png,-0.22426562102415415,0.17293919461935764,-0.09520647338634651,0.7249248631951465,0.6205030546864074,-0.013877876737052623
sample_4930.png,0.24928479999098616,-0.25959928928346576,0.2160766859480829,-0.667207614848175,0.6002147148485434,0.13547124438255576
sample_4931.png,0.21899011405509322,-0.06547213821262136,0.025202977334547856,0.249018752723908,0.7163280189537289,-0.6099060329683041
sample_4932.png,-0.17343495782069826,-0.14285860471022804,-0.036342461426086256,0.0825631888525638,0.6525763803843262,0.7179960637597256
sample_4933.png,-0.36004713204795297,-0.1584170197922518,0.05893589772042122,-0.5637630662875194,-0.5902264875452646,-0.41904721570981324
sample_4934.png,-0.5544501840662153,-0.3367836190913898,0.2963769343930283,0.5685342421569206,0.22036996052770222,0.3457287897362773
sample_4935.png,-0.09443018714514546,0.1610269940348012,0.06347428987184549,0.27918302288331115,-0.513387937039424,0.7871555928209205
sample_4936.png,0.6252242102603435,-0.24801432527728784,-0.5366979617376141,-0.23243363198811004,0.3868995121908678,-0.23626733463506164
sample_4937.png,0.0044285229602799465,0.1415255782574353,0.15855339448714276,-0.16226260308422785,-0.07148008903105552,0.9609230793837433
sample_4938.png,0.09508613968952323,-0.17168704854792272,0.4836170180152078,-0.7975910702321417,0.15526193856417603,-0.2594975499020492
sample_4939.png,0.2203954938497089,-0.14614983463163891,-0.07773436319211885,0.15999708111955874,0.5312383116924297,0.7849905802813186
sample_4940.png,0.4463331183064665,-0.32715509660216535,-0.08204527194016845,-0.008477608192806725,-0.6998446115349518,0.44403886483858473
sample_4941.png,-0.05837166900664843,-0.09522577942209833,-0.15764533867755098,-0.572510783853956,-0.2096502505286324,0.7687333225561924
sample_4942.png,-0.03099203788435722,0.19012289205271787,-0.06017448352951113,-0.4105947640826712,-0.35281265248466553,0.8162150347744594
sample_4943.png,0.24379614175642508,0.23714089776997038,-0.10228982307564319,-0.2659377617522247,-0.26525768403787037,-0.8560256397432086
sample_4944.png,-0.002973021235783202,-0.06999704433445945,-0.17129998559191928,0.5623307967065913,-0.7400076873860819,-0.3192500392329072
sample_4945.png,0.3236465976688321,0.3665974351267174,0.14288256706709349,-0.3226146464777399,0.582301924235037,0.545241259732272
sample_4946.png,-0.31540788547640797,-0.3130443820594579,0.2908069367288399,-0.4542420861592387,-0.6211081804958815,0.35474097800155596
sample_4947.png,0.27771615900265656,-0.19710551333390597,0.14458354167654172,-0.4450528903522397,0.42714195337658106,-0.6946916060909418
sample_4948.png,0.6372922354719266,0.13917144597443468,-0.4177899149172502,-0.384845577209702,0.4274240317535503,-0.2629526212223168
sample_4949.png,-0.015618144582642313,0.42808274575165123,-0.14693825399494512,-0.29902929605276046,-0.8189870456482465,0.18641911121177238
sample_4950.png,0.13003850828548472,0.021997860625522503,0.1722746063652499,0.11579333039514345,-0.6311406640247386,-0.7356499896981563
sample_4951.png,0.3863226332373422,-0.07196850337427657,-0.06128444315457658,0.3304452550592759,-0.47863706637196257,0.7095999342598036
sample_4952.png,0.09022264759527779,0.31127238068201896,-0.15023634597788935,0.4059036931993282,0.5936986258172642,0.595955160043519
sample_4953.png,0.11498196905532286,-0.2827392420789515,0.24572441290549507,-0.43656032534653677,-0.2681800123128506,0.7641673534064616
sample_4954.png,-0.01288962012396247,0.2917951607831732,-0.25988960812606693,-0.061635470593634764,-0.03888970340902101,-0.9175159361875526
sample_4955.png,0.2737794301032331,-0.12327748446276944,-0.07128297371424026,0.6138551997830908,0.510071303581923,0.5174700784555905
sample_4956.png,0.24628626090500821,0.19683952084482165,-0.09233063140144201,-0.3805934319321289,0.46040398347856554,-0.7316072353354737
sample_4957.png,-0.279926306327009,0.27965074100708354,0.45549293452558426,-0.7929506714776778,0.04555978527657638,-0.07152937331076431
sample_4958.png,-0.004206850505601139,0.24543530865394236,-0.21498029907518154,-0.00823258252606521,0.304576466024007,0.8948143291284463
sample_4959.png,-0.22451185956727468,0.15395859075615326,0.2005047356916265,-0.1305329770607719,0.6427858232961868,0.6748900321388291
sample_4960.png,-0.3023048303654085,-0.15237977474242306,0.03153669625361627,-0.6231530210174886,0.4916625585999764,-0.5043271472410534
sample_4961.png,-0.037955593418914836,-0.009280927523851986,-0.26734006345833133,-0.6155071444406592,0.5627185146140733,0.4811458783317664
sample_4962.png,-0.25999997203328495,-0.26735298841566335,0.1770078940240108,-0.2942478879953842,0.36756245837975277,0.7796836660987444
sample_4963.png,-0.15006429107780794,0.18627695805356723,0.31332693307980103,-0.16137953066923375,0.4181014815118209,0.8023438381934697
sample_4964.png,-0.2553276960075352,0.17448302684814018,-0.21754491714518331,-0.4523718308540572,-0.372574268695304,0.7166490012367267
sample_4965.png,-0.08596667368793363,0.09606196357723963,-0.5353670104804663,-0.5102733388871576,0.6603425051672532,-0.0182452664632196
sample_4966.png,0.2722276590313857,0.2886051623000245,0.36543530984190925,-0.49153869078063095,-0.5447852306164994,-0.4131040598210176
sample_4967.png,0.18809729284968085,-0.21443869069945834,0.21281103290807912,0.009534916058766904,0.3029009659946884,-0.8840288517924949
sample_4968.png,0.38689904448977663,-0.43600011285369844,0.0827901438999404,0.6949740184866815,0.39010684065024726,-0.13485766401596658
sample_4969.png,0.31676600893537304,-0.2959481591380492,-0.3086130265530929,-0.24572240296739833,0.1248723196866588,-0.800536936676688
sample_4970.png,-0.38638242123467886,-0.24919535191384237,-0.05041927284514741,-0.8464419212076392,0.10782150283314816,0.24078786435419067
sample_4971.png,-0.20344317725535094,-0.1406421460193394,-0.022613683378131973,-0.028254389806002353,-0.6084182112703754,-0.753225232826572
sample_4972.png,-0.236727298092074,-0.16433009126258083,0.31646244956138675,-0.5516479696784979,0.31268363106818425,0.6439881907868121
sample_4973.png,-0.331545664841163,0.3710552070862013,-0.05321556353791995,-0.5875372726830548,-0.6106020240566494,0.17756331446182771
sample_4974.png,-0.13226313184296118,-0.2554277064679352,-0.09333191207410683,0.12049876524435156,-0.22753739531757125,0.9177467440524618
sample_4975.png,-0.2001470084179594,0.25410368772219255,0.32205858680883165,0.6888589357593453,-0.089164967181885,-0.5560339313584894
sample_4976.png,-0.14424078091634182,0.041452346791492956,-0.2506574553137058,0.40395935652777615,0.5270523397276887,0.6882440044221332
sample_4977.png,-0.19042156922948283,-0.07339076117382483,0.0869704867060129,0.19201708436558346,-0.5155708377045333,0.8050501271405485
sample_4978.png,-0.038805169383292905,0.37304177492538637,-0.04665915570482943,-0.7115962751724783,0.5889435355586387,-0.06271498435708288
sample_4979.png,0.25035456944199663,-0.31610935054377737,0.008835383761067591,-0.45706127069904284,-0.40614811891504266,-0.680777573353329
sample_4980.png,-0.30447092684690774,-0.2911681293970384,0.27790397099018355,-0.6453453255048429,-0.17281395521499815,0.5467656772039541
sample_4981.png,0.009664443695463161,0.11660963475238481,-0.2438398963506972,0.22734706365921944,-0.17783584599171084,0.9184435862286792
sample_4982.png,0.11809405147903877,-0.35112063549268996,-0.2045027336870881,0.3943457921815376,-0.2993677178995317,0.7588261275940132
sample_4983.png,0.1623379784007484,-0.024614657216449388,-0.11050347746906888,0.3667880733127927,-0.546890123805169,0.7260903405541037
sample_4984.png,0.3439373672468662,-0.10883606997201556,-0.24956550034715855,0.7059650869461749,0.3985309335033065,-0.38776958283867013
sample_4985.png,0.29638312657269944,0.12110384204250846,0.11195027776377665,-0.5804131535122874,-0.6911516437089161,0.2653073946623668
sample_4986.png,-0.046286579204367746,0.05475211889303464,-0.1630362810422641,0.6696465509442434,0.6932252299460064,0.1982200961077712
sample_4987.png,-0.11538127820105377,0.05945898726540271,-0.1177708916997599,0.6065674067680098,-0.42481090969445173,0.648763037320724
sample_4988.png,-0.012979281604857302,-0.16797226697329154,0.671493066556239,-0.4083654537919701,0.25640767201888054,0.5368488420616272
sample_4989.png,-0.6370749917854411,0.32584584332612854,0.02892315545359902,0.4672897322887935,0.5015402402185505,-0.1312291348986863
sample_4990.png,0.24434583253189257,0.16902377882739666,0.22579090532068305,0.46554143334737835,-0.6998586303374281,0.3927004135072401
sample_4991.png,0.29041743051704283,-0.2986296916412664,-0.11147557709708567,0.5689591841095413,0.4624522693712221,-0.5258084864318987
sample_4992.png,-0.02779015299687188,0.2563514766889025,0.1427111644837548,0.1366308534603972,0.05180215149137745,0.9443482929041954
sample_4993.png,-0.22465717665429993,-0.05814387165878193,-0.20396908043435102,0.6177698551408831,-0.6148953794391042,0.3805379558160571
sample_4994.png,-0.12201707535977444,0.2527031603703466,-0.22833116301553685,-0.5066248630546347,0.04298754278399787,-0.7814097167016321
sample_4995.png,-0.33982008759694177,0.09968639729224961,0.37306135267062585,0.6725060971738435,-0.4461927739153844,-0.28992708596086936
sample_4996.png,-0.20587531843702359,0.2841706696105834,-0.05008001254707338,-0.2673169888920753,-0.07293141385864817,-0.893071672631634
sample_4997.png,-0.4301114078183496,0.04278904091562509,0.2784847918136147,-0.598381989716054,0.28621923261520155,0.5437251519243774
sample_4998.png,0.30781235637662313,0.12104656261621617,-0.2659317865374433,-0.023201468661088187,-0.7910004740068303,0.44006761960250085
sample_4999.png,-0.2275967319553494,-0.2853284849607903,0.32697225727773493,-0.26464440061918104,0.10103317560815829,0.8243980621589142
